sentence,quarter,topic,topic_label
"Operator Ladies and gentlemen, thank you for standing by",2022 Q1,2,Customer & Cards
Welcome to the American Express Q1 2022 earnings call,2022 Q1,-1,General
"Operator instructions As a reminder, todays call is being recorded",2022 Q1,-1,General
"I would now like to turn the conference over to our host, head of investor relations, Ms",2022 Q1,-1,General
Vivian Zhou,2022 Q1,1,Executive & Financial
"Please, go ahead",2022 Q1,2,Customer & Cards
"Vivian Zhou -- Head of Investor Relations Thank you, Alan, and thank you, all, for joining todays call",2022 Q1,1,Executive & Financial
"As a reminder, before we begin, todays discussion contains forward-looking statements about the companys future business and financial performance",2022 Q1,0,Growth & Spending
These are based on managements current expectations and are subject to risks and uncertainties,2022 Q1,-1,General
Factors that could cause actual results to differ materially from these statements are included in todays presentation slides and in our reports on file with the SEC,2022 Q1,4,Other
The discussion today also contains non-GAAP financial measures,2022 Q1,0,Growth & Spending
"The comparable GAAP financial measures are included in this quarters earnings materials, as well as the earnings materials for the prior periods we discussed",2022 Q1,0,Growth & Spending
All of these are posted on our website at ir.americanexpress.com,2022 Q1,-1,General
"We will begin today with Steve Squeri, chairman and CEO, who will start with some remarks about the companys progress and results and then Jeff Campbell, chief financial officer, will provide a more detailed review of our financial performance",2022 Q1,-1,General
"After that, we will move to QA on the results with both Steve and Jeff",2022 Q1,-1,General
"With that, let me turn it over to Steve",2022 Q1,3,Outlook & Guidance
"Steve Squeri -- Chairman and Chief Executive Officer Thanks, Vivian, and good morning, everyone",2022 Q1,1,Executive & Financial
Welcome to our first quarter earnings call,2022 Q1,2,Customer & Cards
"At our investor day last month, we took you through a detailed discussion of our strategies for driving sustainable growth across our businesses and explain why we are confident we can achieve our growth plan aspirations for 2024 and beyond",2022 Q1,0,Growth & Spending
"As we said then, our confidence is based on three interrelated factors the success of the strategy weve been pursuing over the past several years, which focuses on investing in our brand, customers, value propositions, coverage, technology, and talent to build share, scale, and relevance the momentum weve been generating through the effective execution of that strategy and a number of structural shifts in the payment industry that are contributing to our momentum",2022 Q1,-1,General
"The strong first quarter results we announced today are tracking in line with our expectations for the full year, despite the uncertain macro environment, and they reinforce our confidence in our ability to achieve our longer-term aspirations",2022 Q1,0,Growth & Spending
"For the quarter, revenues were 11.7 billion, up 29 year over year, and earnings were -- earnings per share were 2.73",2022 Q1,0,Growth & Spending
"These results reflect continued momentum in our core business in areas that are critical to sustainable long-term growth, including customer acquisition, engagement, and retention, as well as outstanding credit performance",2022 Q1,0,Growth & Spending
"New proprietary card acquisitions remain at their strong pace, reaching three million this quarter, which continues to be driven by strong demand for our premium fee-based products, particularly among millennial and Gen Z consumers, and small and medium-sized businesses in the U.S",2022 Q1,0,Growth & Spending
We had an all-time high in acquisitions of U.S,2022 Q1,-1,General
"Consumer Platinum and Gold Cards, as well as U.S",2022 Q1,0,Growth & Spending
Business Platinum Cards this quarter,2022 Q1,0,Growth & Spending
"Delta Card acquisitions reached an all-time monthly high in March, an indication of the growing demand for travel-related products and services",2022 Q1,0,Growth & Spending
"Regarding customer engagement, we look at a variety of indicators to measure progress",2022 Q1,0,Growth & Spending
"For example, Card Member engagement with our digital capabilities continues to grow with daily active users across the web and mobile up double digits over last year",2022 Q1,-1,General
"Were also seeing strong engagement with the new benefits we added to our recently refreshed Consumer Platinum Card, particularly among millennial and Gen Z Card Members, nearly half of whom have used at least one of the new travel and lifestyle benefits to date",2022 Q1,0,Growth & Spending
"And we continue to see an acceleration in customer engagement with our Resy dining platform, including strong double-digit growth over the last quarter in a number of Amex cards on file and a number of restaurants participating in our global dining access program",2022 Q1,0,Growth & Spending
"March was one of Resys best months on record for reservations, up nearly 16 over February",2022 Q1,0,Growth & Spending
"Ultimately, the key metric to gauge customer engagement is spending growth",2022 Q1,0,Growth & Spending
"Overall bill business grew 35 in Q1 global year over year on an FX-adjusted basis, and we saw our highest volumes ever in March, surpassing our previous highest of December of 2021",2022 Q1,0,Growth & Spending
"Spending growth was led by the acceleration of volumes from millennial and Gen Z consumers, up 56, and SME is up 30 on an FX-adjusted basis over last year",2022 Q1,-1,General
"Goods and services spending continued to accelerate in the quarter, growing 21 on an FX-adjusted basis over last year",2022 Q1,0,Growth & Spending
"Travel and entertainment spending was up 121 globally on an FX-adjusted basis year over year, driven by strong growth in consumer travel spending",2022 Q1,0,Growth & Spending
"Customer retention remains at the very high levels I mentioned at investor day, an indication of the value our customers continue to place in Amex membership",2022 Q1,0,Growth & Spending
"A major contributor to our success across all of these areas is the ongoing expansion of many partnerships, which go well beyond our large strategic partners like Delta, Hilton, and Amazon",2022 Q1,0,Growth & Spending
We continue to extend relationships with a variety of companies that are adding differentiated value to our membership model,2022 Q1,0,Growth & Spending
"For example, last week, we announced a new financial advice service with Vanguard, exclusive for our U.S",2022 Q1,-1,General
"consumer Card Members, which brings together Vanguards digital financial planning and investment management expertise with our industry-leading membership rewards",2022 Q1,0,Growth & Spending
This is just the latest example of how were expanding our value propositions beyond our traditional card offerings to meet more of our customers financial and lifestyle needs,2022 Q1,0,Growth & Spending
"In addition, were accelerating our focus on fintechs to drive more innovation, including our new partnership with i2c, which will enable fintechs to more seamlessly and quickly issue new products on the American Express network",2022 Q1,-1,General
"We also continue to make progress on our ESG initiatives, which are important components of our overall business strategy because we recognize that when our customers, communities, and colleagues thrive, so does our company",2022 Q1,0,Growth & Spending
"On a diversity equity inclusion front, we are more than three quarters away toward our goal of investing 1 billion in a wide range of actions by 2024, including increasing spend with diverse suppliers, providing resources and financial assistance to minority-owned SMEs in the U.S",2022 Q1,0,Growth & Spending
and maintaining pay equity across genders globally and ethnicities in the U.S,2022 Q1,-1,General
among other efforts,2022 Q1,-1,General
"Our DEI progress was cited as one of the key reasons, along with our flexible work policies for our No",2022 Q1,-1,General
8 ranking on Fortunes 2022 list of the best U.S,2022 Q1,-1,General
"companies to work for, which was announced last week",2022 Q1,-1,General
"This is the third consecutive year weve been in the top 10, which helps us attract and retain talent",2022 Q1,-1,General
"And we recently announced a series of initiatives coinciding with Earth Month that are designed to engage our customers, community partners, and colleagues in our climate efforts, including the goal of significantly expanding the use of recycled plastic in our card products",2022 Q1,0,Growth & Spending
"These initiatives build on the work weve already done and continue our efforts to reduce our own carbon footprint, including our commitment to net-zero carbon emissions by 2035",2022 Q1,0,Growth & Spending
"In summary, with this solid start to the year, the continued tailwinds we expect from the ongoing recovery from the pandemic, were reaffirming our full year guidance of delivering revenue growth in the range of 18 to 20 and earnings per share of between 9.25 and 9.65",2022 Q1,-1,General
"Furthermore, we remain confident that successful execution of our strategy will position us well as we seek to achieve our long-term growth plan aspirations of revenue growth in excess of 10 and mid-teens EPS growth in 2024 and beyond",2022 Q1,0,Growth & Spending
Ill now turn it over to Jeff for a deeper dive on the quarter,2022 Q1,3,Outlook & Guidance
Thank you,2022 Q1,2,Customer & Cards
"Jeff Campbell -- Chief Financial Officer Well, thank you, Steve, and good morning, everyone",2022 Q1,1,Executive & Financial
"Its great to be here to talk about our first quarter results, which reflect a solid start to 2022 and are tracking in line with the guidance we gave for the full year and with our aspiration to build growth momentum beyond 2022",2022 Q1,0,Growth & Spending
Starting with our summary financials on Slide 2,2022 Q1,-1,General
"Most importantly, our first quarter revenues were 11.7 billion, up 31 on an FX-adjusted basis, consistent with the momentum we have built and our longer-term growth aspirations",2022 Q1,0,Growth & Spending
Our reported first quarter net income was 2.1 billion with earnings per share of 2.73,2022 Q1,0,Growth & Spending
"As you know, year over year comparisons of net income have been challenging for the industry over the past two years due to the volatility that the pandemic has caused in credit reserve adjustments",2022 Q1,0,Growth & Spending
"For that reason, we thought it would be a helpful supplemental disclosure this quarter to include our pre-tax pre-provision income",2022 Q1,0,Growth & Spending
"That number was 2.7 billion in the first quarter, up 16 versus the comparable number in 2021, reflecting growth in our core earnings",2022 Q1,0,Growth & Spending
"So, now, lets get into a little more detailed look at our results, starting with volumes",2022 Q1,-1,General
"As you can see in our slides, we have mostly gone back to reporting our volumes on a year-over-year basis, moving away from the comparisons to 2019 that we have done in recent quarters",2022 Q1,-1,General
"We think that returning to a focus on year-over-year comparison gives you a better view of the momentum we have built and the momentum we are seeking to maintain, as we look toward our longer-term growth objectives",2022 Q1,0,Growth & Spending
"Starting on Slide 3, total network volumes and billed business were both up over 30 year-over-year in the first quarter on an FX-adjusted basis, strengthening further from the strong growth rates seen in the past few quarters",2022 Q1,0,Growth & Spending
"And as Steve highlighted, intra-quarter, while omicron slowed growth in January and early February, we then saw a strong acceleration into March, with that month achieving our highest-ever level of monthly billed business",2022 Q1,0,Growth & Spending
And I would point out that the majority of this high level of growth was driven by the momentum we have built and the number of transactions flowing through our network with only a modest impact from inflation,2022 Q1,0,Growth & Spending
"Now, as Ive talked about at our investor day last month and as Slide 4 reiterates, the majority of our billed business is spending on goods and services from our consumer and small- and medium-sized enterprise customers",2022 Q1,-1,General
"And as you can see on Slide 5, business service spending remained robust in the first quarter, with year-over-year growth reaching 21, slightly above the 2021 exit rate",2022 Q1,0,Growth & Spending
"This momentum is from strong growth in online and card-not-present spending that continued in the first quarter even as offline spending growth strengthened, demonstrating the effect of the structural shift in online commerce that weve seen accelerated by the pandemic",2022 Q1,-1,General
"And while TE spending is a smaller portion of our total billings, you see on Slide 6 that it is now strongly supporting our growth momentum, with overall TE spending growing 121 year-over-year",2022 Q1,0,Growth & Spending
"TE spending did show a dip in January and early February due to the omicron variant, but spending then rebounded tremendously, reflecting pent-up travel demand and essentially reached 2019 levels for the first time since the start of the pandemic in the month of March",2022 Q1,0,Growth & Spending
And this kind of TE spending growth has continued right into early April,2022 Q1,0,Growth & Spending
"When you then break these spending trends down across our consumer and commercial businesses, as we begin to do on Slide 7, there are a few other key points Id suggest you take fully",2022 Q1,0,Growth & Spending
"First, our millennial and Gen Z customers continue to drive our highest consumer growth, with their spending up 56 year over year and spending growth from all other age cohorts increasing as well in the quarter",2022 Q1,0,Growth & Spending
"Also, of note, global consumer TE volumes overall were back above 2019 levels as of the first quarter, led by the growth in the U.S",2022 Q1,-1,General
"Second, our commercial business strategic focus on helping SME clients run their businesses continues to drive strong growth in overall SME spending, up 30 in the first quarter with acceleration in growth across both the U.S",2022 Q1,0,Growth & Spending
and international,2022 Q1,-1,General
"While a smaller part of our overall growth is in this segment, I would point out that our large and global corporate clients have begun to show signs of business travel recovery, especially in the latter part of the quarter with a year-over-year growth rate for the quarter of 42",2022 Q1,0,Growth & Spending
"So, overall, we are pleased with the growth momentum we see across the board in our spending volumes, which is tracking in line with our expectations for both the year and for our long-term expectations",2022 Q1,0,Growth & Spending
"As you then move to receivable and loan balances on Slide 9, you see that our growth momentum has brought our ending loan balances roughly back to pre-pandemic levels in this quarter",2022 Q1,0,Growth & Spending
"As I said at investor day, the interest-bearing portion of our loan balances also continues to increase quarter over quarter but is still below 2019 levels, as paydown rates remain elevated due to the liquidity and strength among our customer base",2022 Q1,0,Growth & Spending
"This liquidity and strength is also, of course, evident as you turn to credit and provision on Slides 10 through 12, as we continue to see extremely strong credit performance",2022 Q1,-1,General
"Card Member loans and receivables write-off and delinquency rates remain well below pre-pandemic levels and in line with our expectations, but they did tick up a bit this quarter",2022 Q1,0,Growth & Spending
"As you then turn to the accounting for this credit performance, you will see that this quarter, we released a large part of the remaining credit reserves we built to capture the significant uncertainty of the pandemic, which lacked a comparable precedent",2022 Q1,0,Growth & Spending
"As we have seen a sustained recovery from the pandemic-driven economic shutdowns, we have been able to reduce pandemic-driven reserves",2022 Q1,-1,General
"While there clearly is still plenty of uncertainty today related to the current geopolitical and inflationary environment, we believe that our CECL models are better able to capture our expected credit risk related to these uncertainties to determine the appropriate level of reserves required",2022 Q1,0,Growth & Spending
"Our strong credit performance, combined with the adjustment to our reserves, drove a 33 million provision expense benefit for the first quarter as the low write-offs were fully offset by the net reserve release as shown on Slide 11",2022 Q1,0,Growth & Spending
"As you see on Slide 12, we ended the first quarter with 3.1 billion of reserves, representing 3.3 of our loan balances and 0.1 of our Card Member receivable balances, respectively",2022 Q1,0,Growth & Spending
"This is well below the reserve levels we had pre-pandemic, given the strong credit performance weve seen",2022 Q1,-1,General
"Going forward, as loan balances, especially the interest-bearing portion of loan balances build more meaningfully, we expect delinquency and loss rates to continue to slowly move up over time but remain below pre-pandemic levels this year",2022 Q1,0,Growth & Spending
"We would also expect to end the year with a higher level of reserves on our balance sheet than where we ended this quarter, although there could be some quarterly volatility in reserve adjustments throughout the year",2022 Q1,0,Growth & Spending
"As we move to revenue on Slide 13, I do need to explain some changes weve made to our revenue reporting before moving on to results",2022 Q1,0,Growth & Spending
"As a reminder, we began reporting processed volumes in the first quarter of last year to better differentiate between volume and cards we issue versus those who where we play more of a network role",2022 Q1,-1,General
"For added transparency, we now have moved all of the revenues associated with these volumes out of discount revenue, other fees and commissions, and other revenue and combined them into a newly created line called processed revenue, which you can then match up against our processed volumes",2022 Q1,-1,General
"We have also consolidated the remaining balances from other fees and commissions and other revenue into one line named service fees and other revenue, with the largest components of this line item being service fees earned from merchants, like those generated by our loyalty coalition business and foreign currency-related revenues, such as FX conversion fees",2022 Q1,-1,General
"This revenue line was up strong with 42 growth year over year in the first quarter, as you will see on the next slide",2022 Q1,0,Growth & Spending
This growth was primarily driven by the uptick we have seen in travel-related revenues,2022 Q1,0,Growth & Spending
"And as I said at investor day, we expect this to be a pandemic recovery tailwind throughout this year",2022 Q1,-1,General
You will see we have recast prior periods in the disclosures that accompany our earnings release,2022 Q1,0,Growth & Spending
A description of these reporting changes and definitions for key terms will also be included in our Form 10-Q,2022 Q1,0,Growth & Spending
"With these changes out of the way, lets move to our actual revenue performance beginning on Slide 14",2022 Q1,0,Growth & Spending
Total revenues were up 29 year over year in the first quarter with broad-based revenue growth across all lines,2022 Q1,0,Growth & Spending
"Our largest revenue line, discount revenue grew 38 year over year in Q1 on an FX adjusted basis, as you can see on Slide 15",2022 Q1,0,Growth & Spending
This growth was driven by both our sustained growth in goods and services spending and continued recovery of TE spending,2022 Q1,0,Growth & Spending
"Net card fee revenues were up 16 year over year in the first quarter on an FX-adjusted basis, with growth reaccelerating versus the 10 to 11 growth rate seen in 2021, as you can see on Slide 16",2022 Q1,0,Growth & Spending
"As I said at investor day, this growth is largely driven by bringing new accounts onto our fee-paying products as a result of the investments weve made in our premium value propositions and the continued attractiveness of those value propositions to both prospects and existing customers",2022 Q1,0,Growth & Spending
"This quarter, we acquired 3 million new cards with acquisitions of U.S",2022 Q1,0,Growth & Spending
Consumer and U.S,2022 Q1,0,Growth & Spending
"Business Platinum Card Members reaching record-high, as Steve noted earlier, demonstrating great demand for our products, especially our premium fee-based products",2022 Q1,0,Growth & Spending
Moving on to net interest income,2022 Q1,0,Growth & Spending
"On Slide 17, you will see that it surpassed 2019 levels for the first time this quarter, mainly driven by lower interest expense, in part due to our increased mix of deposits, which is generally our lowest cost funding source, particularly in todays rising rate environment",2022 Q1,-1,General
"First quarter year over year net interest income growth of 20, while very strong, remains slower than the growth in our lending AR, as revolving loan balances continue to rebuild",2022 Q1,0,Growth & Spending
And so we expect net interest income to be a pandemic recovery tailwind to our revenue growth in 2022,2022 Q1,-1,General
"To sum up, on revenues on Slide 18 were tracking well against our expectations",2022 Q1,0,Growth & Spending
"And looking forward, we still expect to see revenue growth of 18 to 20 for the full year of 2022",2022 Q1,0,Growth & Spending
"So, all of the revenue momentum we just discussed was driven by the investments weve been making in marketing, value propositions, coverage, technology, and talent",2022 Q1,0,Growth & Spending
And those investments show up across the expense lines you see on Slide 19,2022 Q1,0,Growth & Spending
"Starting with variable customer engagement expenses, the strong spending growth, and customer engagement that Steve discussed earlier is driving the growth in these expenses lines",2022 Q1,0,Growth & Spending
"In total, these costs came in at 41 of total revenues for the first quarter and are tracking in line with our expectations for variable customer engagement costs to right around 42 of total revenues for the full year",2022 Q1,0,Growth & Spending
"On the marketing line, we invested 1.2 billion in the first quarter, on track with our expectation to spend around 5 billion in 2022",2022 Q1,0,Growth & Spending
"We feel really good about the strong momentum of our new card acquisitions, as I talked about earlier, and, more importantly, about the revenues from those acquisitions, which is trending significantly higher than what we saw pre-pandemic",2022 Q1,0,Growth & Spending
"We continue to see great demand for our products across a wide range of attractive investment opportunities, even beyond those we are currently funding",2022 Q1,-1,General
"Moving to the bottom of Slide 19, operating expenses were 3.1 billion in the first quarter, tracking with our expectation to spend a bit over 12 billion for the full year",2022 Q1,0,Growth & Spending
"While opex was up 26 year over year this quarter, it is important to note that we were growing over a benefit of 384 million in net mark-to-market gains in our Amex Ventures strategic investment portfolio from the first quarter of last year, including in the opex line",2022 Q1,0,Growth & Spending
"I would point out that, what I said earlier that inflation is having some modest positive impact on volumes, it is also putting some pressure on our operating expenses, but well have to wait to see how material any impact might be for the full year",2022 Q1,0,Growth & Spending
"In any event, I still expect to have far less growth in opex compared to revenues and see these costs as a key source of leverage",2022 Q1,0,Growth & Spending
"Turning next to capital, on Slide 20, we returned 1.9 billion of capital to our shareholders in the first quarter, including common stock repurchases of 1.5 billion and 394 million in common stock dividends, on the back of strong earnings generation",2022 Q1,0,Growth & Spending
"Our CET1 ratio was 10.4 at the end of the first quarter, within our target range of 10 to 11",2022 Q1,0,Growth & Spending
We plan to continue to return to shareholders the excess capital we generate while supporting our balance sheet growth,2022 Q1,0,Growth & Spending
"That brings me to our growth plan on Slide 21, and then well open up the call for your questions",2022 Q1,-1,General
"For the full year 2022, we are reaffirming our guidance of having revenue growth of 18 to 20 and earnings share between 9.25 and 9.65",2022 Q1,0,Growth & Spending
"We continue to expect the amount of our volumes, revenues and core earnings to sequentially strengthen throughout the year, driven in part by our pandemic recovery tailwinds",2022 Q1,-1,General
"As I mentioned earlier, there is clearly uncertainty as it relates to the current geopolitical and inflationary environment",2022 Q1,-1,General
"As we sit here today, despite that uncertainty, the combination of our investments, successful execution of our strategy, and a number of structural shifts have all come together to deliver our strong first quarter results and build growth momentum",2022 Q1,0,Growth & Spending
We remain committed to executing against our new growth plan and running the company with a focus on achieving our aspiration of delivering revenue growth in excess of 10 and mid-teens EPS growth on a sustainable basis in 2024 and beyond,2022 Q1,0,Growth & Spending
"With that, Ill turn the call back over to Vivian",2022 Q1,0,Growth & Spending
"Vivian Zhou -- Head of Investor Relations Thank you, Jeff",2022 Q1,1,Executive & Financial
"Before we open up the lines for QA, I will ask those in the queue to please limit yourself to just one question",2022 Q1,2,Customer & Cards
Thank you for your cooperation,2022 Q1,2,Customer & Cards
"And with that, the operator will now open up the line for questions",2022 Q1,2,Customer & Cards
Alan? Operator Operator instructions Our first question will come from the line of Sanjay Sakhrani with KBW,2022 Q1,2,Customer & Cards
"Go ahead, please",2022 Q1,2,Customer & Cards
"Sanjay Sakhrani -- Keefe, Bruyette and Woods -- Analyst Thanks",2022 Q1,1,Executive & Financial
Good morning,2022 Q1,3,Outlook & Guidance
"Obviously, the TE rebound is happening at a brisk pace despite some of these lingering concerns on COVID cases, economic weakness",2022 Q1,0,Growth & Spending
"Jeff, you mentioned large corporate also that recently saw a strong rebound recently",2022 Q1,1,Executive & Financial
Could you talk about how much of the volume rebound is being driven by unit demand versus sort of inflationary pressures? And how worried are you or your corporate clients about some of these issues like supply chain constraints and the economic concerns? Thanks,2022 Q1,0,Growth & Spending
"Steve Squeri -- Chairman and Chief Executive Officer So, let me start and Jeff can maybe add some color as well",2022 Q1,1,Executive & Financial
But this is not being driven by inflation,2022 Q1,0,Growth & Spending
Try and book a flight,2022 Q1,0,Growth & Spending
"So, thats not inflation",2022 Q1,0,Growth & Spending
"Now, that doesnt mean that the airline prices are not a little bit higher",2022 Q1,0,Growth & Spending
"But, you know, not just for TE, but just for the overall business, transactions are up",2022 Q1,0,Growth & Spending
We had billings up 35,2022 Q1,0,Growth & Spending
Thats not sort of driven all by inflation,2022 Q1,0,Growth & Spending
We dont have 35 of inflation,2022 Q1,0,Growth & Spending
"But -- as far as travel goes, you have to realize, people have not been traveling for probably two years",2022 Q1,0,Growth & Spending
Theres a tremendous pent-up demand for travel,2022 Q1,0,Growth & Spending
"I mean our bookings, just from a consumer perspective, on a global basis were up about 38 -- 37",2022 Q1,0,Growth & Spending
"In the U.S., they were up 48",2022 Q1,-1,General
Thats not over last year,2022 Q1,-1,General
Thats over 2019,2022 Q1,0,Growth & Spending
"So, people are looking to get out there and travel",2022 Q1,0,Growth & Spending
And I think thats whats driving us,2022 Q1,0,Growth & Spending
That is not -- it is not inflation-driven when we look at that TE number,2022 Q1,0,Growth & Spending
"The other thing I think is important with the TE number, 121 is a great number, but also lets put it in context",2022 Q1,0,Growth & Spending
Its 121 over last year,2022 Q1,0,Growth & Spending
its not 121 over 2019,2022 Q1,0,Growth & Spending
"So, were not all the way back",2022 Q1,-1,General
"Consumers back, but were not all the way back",2022 Q1,0,Growth & Spending
"As far as large corporations go, you know, and were seeing it in our own company, people are looking to get out and not only gather with their own colleagues, but theyre also looking to get out and meet with customers",2022 Q1,-1,General
Youre seeing conferences come back and so forth,2022 Q1,0,Growth & Spending
"And so, I know in our own company, we are getting together as a senior management team, you know, our top 100, 150 people",2022 Q1,-1,General
"We have some sales meetings that are going on because people have not seen each other, as well as, you know, youre seeing customers opening up their offices",2022 Q1,-1,General
"And I think as far as, you know, COVID affecting all of this, I think we are starting to learn to live with this",2022 Q1,0,Growth & Spending
The reality is COVID is not something I think weve all learned that is going away,2022 Q1,0,Growth & Spending
"Well wind up dealing with this as we deal with the flu, as we deal with strep throat, as we deal with other viruses",2022 Q1,0,Growth & Spending
People will continue to get have colds and get sick and off will go,2022 Q1,0,Growth & Spending
"But I think, you know, the world is opening back up at this point",2022 Q1,-1,General
"And people are excited to go out and see the world again, both from a business perspective and from a consumer perspective",2022 Q1,0,Growth & Spending
"Jeff Campbell -- Chief Financial Officer You know, the only thing I would briefly add, Sanjay, is when you think about travel and entertainment spend, some of that increase is not so much inflation as it is a return to people buying more front of airplane or high-end hotel or high-end restaurant oriented",2022 Q1,1,Executive & Financial
"Some of that is the business travel rebound, where your average business travel purchase is, of course, much higher than the average consumer purchase",2022 Q1,0,Growth & Spending
The other comment Id make going forward is theres certainly lots of uncertainty in the world,2022 Q1,-1,General
"But when you look at everything we see in our actual results and business, you just cant really see any sign of weakness that thats causing as of today",2022 Q1,-1,General
Operator Our next question will come from the line of Mihir Bhatia with Bank of America,2022 Q1,1,Executive & Financial
"Go ahead, please",2022 Q1,2,Customer & Cards
"Mihir Bhatia -- Bank of America Merrill Lynch -- Analyst Good morning, Steve and Jeff",2022 Q1,1,Executive & Financial
"Steve Squeri -- Chairman and Chief Executive Officer Good morning, Mihir",2022 Q1,1,Executive & Financial
Jeff Campbell -- Chief Financial Officer Good morning,2022 Q1,1,Executive & Financial
Mihir Bhatia -- Bank of America Merrill Lynch -- Analyst Thank you for taking my question,2022 Q1,1,Executive & Financial
"You know, a lot has changed since guidance was initially set",2022 Q1,-1,General
And I am curious if you could maybe just talk about how your plans for the year have been evolving since they were established,2022 Q1,0,Growth & Spending
"Are there areas that made sense to lean into now versus what you had thought coming into the year versus maybe pulling back in others? Like, I guess Im just trying to understand the flexibility in the model, particularly on the expense side in terms of, you know, as things change",2022 Q1,-1,General
Whats changing under the hood even as you maintain guidance? Maybe just give us a flavor of that? Thank you,2022 Q1,-1,General
Steve Squeri -- Chairman and Chief Executive Officer Yeah,2022 Q1,1,Executive & Financial
"I think, you know, as far as flexibility, I think, you know, we demonstrated we have tremendous flexibility during the pandemic, you know, especially as that related to our marketing expenditures",2022 Q1,0,Growth & Spending
"And, obviously, as consumers and business travelers didnt use cost -- our Card Member services, you saw flexibility there",2022 Q1,0,Growth & Spending
"So, that -- so, those things we do have some control over",2022 Q1,-1,General
"But as far as, you know, the plan and the guidance that we have, we feel really comfortable where we are from a 9.25 to 9.65",2022 Q1,0,Growth & Spending
"But more importantly, I think we feel comfortable on what we are doing day by day to make sure that we are in line with tracking what our 2024 growth aspirations, which is, you know, a sustainable 10 revenue and, you know, mid-teens EPS",2022 Q1,0,Growth & Spending
And thats how were running the company,2022 Q1,-1,General
"As far as what we see under the hood, we see, as Jeff mentioned, a range of good investment opportunities",2022 Q1,0,Growth & Spending
"And you have to understand, when we see investment opportunities from a card acquisition perspective, they are here today and gone tomorrow",2022 Q1,0,Growth & Spending
"So, if you dont act on them, you dont get them",2022 Q1,-1,General
"And so, we will continue to drive value, shareholder value, by continuing to invest in the business and to grow the business for the medium to the long term",2022 Q1,0,Growth & Spending
"And, you know, thats been a strategy thats worked for us, and that is going to be how were going to run it",2022 Q1,-1,General
"But, you know, right now, if I was to look at the beginning of the year versus now, I probably see better investment opportunities today than I did with the plan",2022 Q1,0,Growth & Spending
"But as we know, those investment opportunities, you know, they pay back over time",2022 Q1,0,Growth & Spending
And what they do is they set us up better for 2023 and for 2024,2022 Q1,0,Growth & Spending
"So, we feel really good about the guidance",2022 Q1,-1,General
We feel really good about the underlying investments that were making and will continue to make,2022 Q1,0,Growth & Spending
"Jeff Campbell -- Chief Financial Officer You know, and the only sort of simple financial summary, I put to that, Mihir, when we gave the guidance for our revenue ambitions are quite ambitious, we feel really good about the momentum we built",2022 Q1,1,Executive & Financial
"But we have more investment opportunities, as I said in my remarks, than we probably anticipated, and maybe a little bit of pressure on costs from inflation",2022 Q1,0,Growth & Spending
"So, all of those things, I think, position us really well to build momentum toward our long-term target of sustainable over 10 revenue growth",2022 Q1,0,Growth & Spending
Operator Our next question will come from the line of John Pancari with Evercore ISI,2022 Q1,-1,General
Go ahead,2022 Q1,2,Customer & Cards
John Pancari -- Evercore ISI -- Analyst Good morning,2022 Q1,1,Executive & Financial
Steve Squeri -- Chairman and Chief Executive Officer Good morning,2022 Q1,1,Executive & Financial
"Jeff Campbell -- Chief Financial Officer Good morning, John",2022 Q1,1,Executive & Financial
"John Pancari -- Evercore ISI -- Analyst So, given the expected Fed moves to cool the economy and team inflation, what degree of slowing in network volumes or billed business volumes, lets go with, do you incorporate in your outlook? And then on the TE side, I know you indicated, its up nicely and continues in April",2022 Q1,-1,General
"You know, how do you view this trend being as the Fed tightens and the economy cools through the year? Jeff Campbell -- Chief Financial Officer You know, the general comment, I would make, John, is as you know, we dont have in-house economists",2022 Q1,0,Growth & Spending
"So we tend to say, we should run the economy and run our guide to run the business, run our guidance based on the macroeconomic consensus, which is not for there to be a recession",2022 Q1,0,Growth & Spending
And the Fed will say that they are certainly focused on bringing inflation down without causing a recession,2022 Q1,0,Growth & Spending
"So, thats whats built into our guidance, and thats how were running the company",2022 Q1,-1,General
"I think, as Steve pointed out earlier, we have clearly demonstrated over the last couple of years our ability to manage the company in a very agile way and react to a scenario thats different than what I just described",2022 Q1,-1,General
"But in terms of our base level of planning, I dont think its our role to second guess that general macroeconomic consensus",2022 Q1,0,Growth & Spending
Operator Our next question will come from the line of Betsy Graseck with Morgan Stanley,2022 Q1,1,Executive & Financial
Go ahead,2022 Q1,2,Customer & Cards
Betsy Graseck -- Morgan Stanley -- Analyst Hi,2022 Q1,1,Executive & Financial
Good morning,2022 Q1,3,Outlook & Guidance
"Steve Squeri -- Chairman and Chief Executive Officer Hi, Betsy",2022 Q1,1,Executive & Financial
"Jeff Campbell -- Chief Financial Officer Hi, Betsy",2022 Q1,1,Executive & Financial
Betsy Graseck -- Morgan Stanley -- Analyst I wanted to just dig in a little bit on the loan growth and the card fee growth,2022 Q1,1,Executive & Financial
"You know, as you indicated, the loan growth is -- still has room to run",2022 Q1,0,Growth & Spending
"So, maybe -- and as well the impact on the NII",2022 Q1,-1,General
"So, maybe you could help us understand",2022 Q1,0,Growth & Spending
"Is it the NII thats likely to accelerate here, but loan growth will be stabilizing, or how are you thinking about that? And also how it relates to the card fees, which I noticed were up nicely in the quarter",2022 Q1,-1,General
Thanks,2022 Q1,2,Customer & Cards
"Steve Squeri -- Chairman and Chief Executive Officer Well, you know, card fees are up because we continue to acquire more cards, and were continuing to acquire",2022 Q1,1,Executive & Financial
"And I think we acquired -- 68 of the consumer cards we acquired were fee-based cards, which is still slightly below where we were, I think, pre-pandemic",2022 Q1,-1,General
"So, what is important to understand is our card -- the majority of our card fee growth comes from new cards that we acquire",2022 Q1,0,Growth & Spending
"So, it doesnt just come from the fee increase, but weve also had a fee increase, which will come in over time",2022 Q1,0,Growth & Spending
"So, we feel really good about where we are from a card fee perspective",2022 Q1,0,Growth & Spending
"Let me just make one comment on sort of our overall loan growth, and then Jeff can get into the details",2022 Q1,0,Growth & Spending
"But, you know, the reality is pre-pandemic, we were growing slightly faster than the industry",2022 Q1,0,Growth & Spending
"We tend to have a lower share of our Card Members loan wallets than we do of their spending wallet, and our intent is to grow judiciously",2022 Q1,-1,General
"But we will probably hope to get back to growing and -- we are growing fast we are growing faster than the industry, but to get our balances back up",2022 Q1,0,Growth & Spending
But Ill let Jeff comment on the rest,2022 Q1,3,Outlook & Guidance
"Jeff Campbell -- Chief Financial Officer Well, I just emphasize financial location, Steve, of what you just said, which is we are now, Betsy, growing those lending balances faster than the industry",2022 Q1,1,Executive & Financial
And we absolutely expect that to continue,2022 Q1,0,Growth & Spending
"So, theres a lot of runway for growth on the lending side",2022 Q1,0,Growth & Spending
And because of quarters like we just had with a record level of new U.S,2022 Q1,-1,General
Platinum and Gold Cards on the consumer side and a record level of U.S,2022 Q1,0,Growth & Spending
"Business Platinum, Id expect net car fee growth to probably accelerate even further from where it is",2022 Q1,0,Growth & Spending
Operator Our next question will come from Bill Carcache with Wolfe Research,2022 Q1,1,Executive & Financial
Go ahead,2022 Q1,2,Customer & Cards
Bill Carcache -- Wolfe Research -- Analyst Hi,2022 Q1,1,Executive & Financial
"So, youve clearly navigated the pandemic exceptionally well, and your acceleration in investment spending couldnt have been better timed, as evidenced by your customer acquisition growth",2022 Q1,0,Growth & Spending
"But as you look ahead from here, I wanted to follow up on some of your earlier comments",2022 Q1,-1,General
"Are you at all concerned over the risk that the Fed may be forced to actually push the economy into recession to payment inflation? Does that give you any pause to be growing aggressively into that? I mean everything looks great now, but just would love to hear your thoughts a bit more on how you think about that risk",2022 Q1,0,Growth & Spending
And maybe if you could help us understand how you think the Amex customer base would perform in that kind of environment,2022 Q1,0,Growth & Spending
"Jeff Campbell -- Chief Financial Officer Well, as I said earlier, we are always, in terms of our guidance, planning for macroeconomic consensus, as while also making sure were thinking about other possibilities",2022 Q1,1,Executive & Financial
"And certainly, Bill, its just one example",2022 Q1,1,Executive & Financial
We are doing work today and making adjustments on the risk management side as we think about what the impact is of sustained levels of inflation at its current level on different aspects of our customer base because we want to make sure were positioned from a risk perspective for that,2022 Q1,-1,General
"Although, that is not the macroeconomic consensus",2022 Q1,0,Growth & Spending
"years, again, our ability to be agile and manage through a downturn, should that happen",2022 Q1,-1,General
And were trying to strike all those same balances right now,2022 Q1,-1,General
Operator Well go next to the line of Mark DeVries with Barclays,2022 Q1,1,Executive & Financial
"Go ahead, please",2022 Q1,2,Customer & Cards
"Mark DeVries -- Barclays -- Analyst Yes, thanks",2022 Q1,1,Executive & Financial
"You know, Steve, I think in your prepared comments, you alluded to both the new partnership with Vanguard and also some really strong activity out of Resy",2022 Q1,-1,General
"Could you just help us think through how kind of those two initiatives will really impact the top line? Steve Squeri -- Chairman and Chief Executive Officer Well, I think the way you got to think about both of these is we are constantly and continuously adding more benefits and more services to the card",2022 Q1,1,Executive & Financial
"When you look at both of those partnerships, they -- onto themselves, they do not have top-line growth",2022 Q1,0,Growth & Spending
"What they do, do though is they, in our mind, drive more engagement, drive more retention, and give people more reason to want to be with the card",2022 Q1,0,Growth & Spending
"Now, Ill just talk about Resy for a second",2022 Q1,0,Growth & Spending
"You know, Resy is not only a vehicle for giving our Card Members access to restaurant reservations, and Card Members do get access to the global dining program, but its also a card acquisition vehicle as well because Resy is an open platform",2022 Q1,0,Growth & Spending
"And so, Resy was all about where our Card Members spend their money and how we can, you know, integrate more with restaurants and connect our Card Members and really take advantage, you know, of our closed loop in a different way, not just for payments, but the reservation piece and then -- which leads to payments",2022 Q1,0,Growth & Spending
"And so, when you look at the partnerships that we have that are, you know, sort of around the core of the card",2022 Q1,0,Growth & Spending
And Im not talking about the Delta co-brand partnerships and so forth,2022 Q1,0,Growth & Spending
"But when you look at the other things that we do add on, what were constantly adding to our products are more services, better access, more experiences, and so forth, so that you continue to build the value propositions in different and more sustainable ways",2022 Q1,0,Growth & Spending
"And Vanguard is an example of, you know, offering, you know, an investment service opportunity for Card Members that want to take advantage of it that combines, you know, Vanguards digital advisor service, with the personal advisor service, and, you know, puts an MR component into it",2022 Q1,0,Growth & Spending
"And so, well continue to look at other lifestyle, financial, and travel and entertainment, you know, services that just add to the overall underlying value of our card products",2022 Q1,0,Growth & Spending
Operator Well go next to the line of Ryan Nash with Goldman Sachs,2022 Q1,1,Executive & Financial
Go ahead,2022 Q1,2,Customer & Cards
"Ryan Nash -- Goldman Sachs -- Analyst Hey, good morning, Steve",2022 Q1,1,Executive & Financial
"Good morning, Jeff",2022 Q1,3,Outlook & Guidance
"Steve Squeri -- Chairman and Chief Executive Officer Good morning, Ryan",2022 Q1,1,Executive & Financial
"Jeff Campbell -- Chief Financial Officer Hey, Ryan",2022 Q1,1,Executive & Financial
"Ryan Nash -- Goldman Sachs -- Analyst So, Steve -- maybe a question for both of you",2022 Q1,1,Executive & Financial
"So, Steve, you talked about the investment opportunities looking better, and then, Jeff, you talked about, you know, the potential to build reserves",2022 Q1,1,Executive & Financial
"So, Im assuming youre talking about reserve dollars",2022 Q1,0,Growth & Spending
"And do you think were at the bottom on the reserve rate? And also, you know, despite recession fears, credit continues to outperform expectations",2022 Q1,0,Growth & Spending
"And if we do continue to see better credit, Steve, how are you thinking about the potential to lean further into opportunities to continue to acquire cards and, you know, move toward your aspirational targets for 2024",2022 Q1,-1,General
Thank you,2022 Q1,2,Customer & Cards
"Steve Squeri -- Chairman and Chief Executive Officer Well, let me answer questions one and three, and Jeff can answer two",2022 Q1,1,Executive & Financial
So -- if I remember one and three,2022 Q1,0,Growth & Spending
"But, look, the reality is that, we continue to see good opportunities",2022 Q1,0,Growth & Spending
"And as those opportunities continue to arise, well continue to invest in them",2022 Q1,0,Growth & Spending
"Whats important to know is that, when we make an investment, were making those investments through the cycle",2022 Q1,0,Growth & Spending
"So, you know, as we underwrite ROIs -- as we underwrite and we look at ROIs, we feel good about what we see",2022 Q1,-1,General
"Now, why are those opportunities presenting themselves? Well, I think for a couple of reasons",2022 Q1,0,Growth & Spending
"Number one, I think the premium card space has been expanding",2022 Q1,0,Growth & Spending
"I think, especially as, you know, you think about Gen Zs coming into the workforce",2022 Q1,0,Growth & Spending
"I think about millennials, which are getting a little bit older now, but Millennials who are still gravitating to the product",2022 Q1,0,Growth & Spending
"So, the opportunities have arisen, I think, because the pool for our product has been getting bigger and bigger",2022 Q1,-1,General
And weve talked about this in the past,2022 Q1,0,Growth & Spending
"You know, we used to look at people coming into our franchise",2022 Q1,-1,General
We used to start them off on fee-free cards,2022 Q1,0,Growth & Spending
"Well, a lot of our fee-free cards are probably not as differentiated as some of the others",2022 Q1,0,Growth & Spending
And we have better service and so forth,2022 Q1,0,Growth & Spending
"But when you look at the value of the products or the fee product -- the fee products that were offering, you know, a smart consumer and a smart small business person can really generate a lot more value out of those products than, you know, theyre paying for the card",2022 Q1,0,Growth & Spending
"And as you know, with our value propositions, you know, given our partner network, we work with our partners to provide value to our Card Members",2022 Q1,0,Growth & Spending
"And it all works out for all three of us, the Card Member, the partner, and for us",2022 Q1,-1,General
"I think the other thing thats important, and youve seen a growth in small business acquisition as well, is more and more small businesses are forming",2022 Q1,0,Growth & Spending
"And, you know, thats one of the structural shifts that we are taking advantage of",2022 Q1,-1,General
"And to get to the third question and Jeff can get to the second question, which if he remembers it at this point, but to get to your third one, when we take -- if credit continues to perform better, we release more reserves, we will take advantage of opportunities",2022 Q1,0,Growth & Spending
We will continue to take advantage of those opportunities as they present themselves,2022 Q1,0,Growth & Spending
"As I said, were running this for the medium to long term, and it really is irresponsible, in my opinion of me, to pass up really good investment opportunities that will pay off over the longer term",2022 Q1,0,Growth & Spending
"I think one of the things that youve seen this year is, look, were committing to 18 to 20 revenue growth off of a -- basically off of a 2019 revenue base",2022 Q1,0,Growth & Spending
And youve never seen that from us before,2022 Q1,0,Growth & Spending
"And that is a direct result of us investing in our Card Members, investing in our brand, and not walking away from good investment opportunities",2022 Q1,0,Growth & Spending
"Jeff Campbell -- Chief Financial Officer Ryan, to come back on the credit side, maybe just to clarify my remarks",2022 Q1,1,Executive & Financial
"So, when you look at the credit reserves we closed the first quarter with, I would expect the dollar level of those reserves to be higher by the time we get to the end of the year because I very much expect our AR balances to grow",2022 Q1,0,Growth & Spending
"Whether the reserve rate grows is much less clear, and its probably more going to be a function of where economic forecasts go",2022 Q1,0,Growth & Spending
"Could the reserve rate go lower? Well, you know, I dont think our delinquencies and write-offs are going to go lower",2022 Q1,0,Growth & Spending
"So, the only thing just mechanically that could cause the reserve rates to go down would be a dramatic improvement in the balanced economic outlook, which probably would mean all the uncertainties in the world go away",2022 Q1,0,Growth & Spending
"So, if magically, that were to happen, I suppose its mechanically possible to reserve rate lower",2022 Q1,0,Growth & Spending
But I would have to say thats pretty unlikely sitting here,2022 Q1,0,Growth & Spending
Operator Well go next to the line of Meng Jiao with Deutsche Bank,2022 Q1,1,Executive & Financial
Go ahead,2022 Q1,2,Customer & Cards
"Meng Jiao -- Deutsche Bank -- Analyst Good morning, guys",2022 Q1,1,Executive & Financial
Thanks for taking my question,2022 Q1,2,Customer & Cards
Steve Squeri -- Chairman and Chief Executive Officer Good morning,2022 Q1,1,Executive & Financial
Jeff Campbell -- Chief Financial Officer Good morning,2022 Q1,1,Executive & Financial
"Meng Jiao -- Deutsche Bank -- Analyst Just on the competitive environment, I mean weve seen a competitor coming with the new fab offering, and the premium travel space is always top",2022 Q1,1,Executive & Financial
"But that doesnt seem to be stopping you guys much, if at all",2022 Q1,0,Growth & Spending
"Im just wondering, can you quantify sort of the market share that you guys have taken and also speak to any potential headwinds youre keeping the eye on in the landscape currently? Thank you",2022 Q1,-1,General
"Steve Squeri -- Chairman and Chief Executive Officer Well, I mean, look, we -- this is a competitive space",2022 Q1,1,Executive & Financial
When youre talking about U.S,2022 Q1,0,Growth & Spending
"consumer, its a competitive space",2022 Q1,0,Growth & Spending
Its always been a competitive space,2022 Q1,0,Growth & Spending
And it will continue to be a competitive space,2022 Q1,0,Growth & Spending
"And youve got, you know, Capital One out there with the new product and J.P",2022 Q1,-1,General
"Morgan, all terrific companies that are looking to double down on the premium side of it",2022 Q1,0,Growth & Spending
"And well continue to -- again, going back to what I said when we -- you know, the question was asked about Resy and Vanguard and so forth, were going to continue to add value to the products and making sure that we are still top of mind and top of wallet",2022 Q1,-1,General
"And that -- look, we had record acquisitions",2022 Q1,-1,General
"However, its still a competitive space",2022 Q1,0,Growth & Spending
"When you think about competition, though, we just dont think about competition in the U.S",2022 Q1,0,Growth & Spending
"consumer, we also think about it in the U.S",2022 Q1,0,Growth & Spending
"small business, and which is competitive as well",2022 Q1,0,Growth & Spending
And you can go market by market by market both from a small business perspective,2022 Q1,0,Growth & Spending
And so there is a lot of competition out there,2022 Q1,0,Growth & Spending
We keep our eye on the competition,2022 Q1,0,Growth & Spending
"And our objective is to continue to understand what our customer needs are, understand where our customer needs are going, and continue to develop our products and services",2022 Q1,0,Growth & Spending
"And, you know, the reality is, you just dont -- you dont launch a product and then go to sleep for a few years and then say, OK, in three years, well come up with a new one",2022 Q1,0,Growth & Spending
Were constantly adding value,2022 Q1,0,Growth & Spending
"And I think you saw that, you know, as we added more value to the Platinum Card even after the refresh when we put the Walmart Plus, you know, benefit on",2022 Q1,0,Growth & Spending
"So, you know, we always assume high competition, and we always assume that the competition is really good",2022 Q1,0,Growth & Spending
"And that has served us well, having that mindset when we -- you know, running the business",2022 Q1,-1,General
"Jeff Campbell -- Chief Financial Officer You know, the one thing, Steve, Id add is I take people back to your discussion at investor day about what you call the virtual recycle, which is the faster we can continue to grow our premium customer base, the more were also successful in attracting partners who want access to that base and help fund and further improve the value proposition",2022 Q1,1,Executive & Financial
And thats one of the most important ways we operate in a very competitive space,2022 Q1,-1,General
"Steve Squeri -- Chairman and Chief Executive Officer No, thats a real good callout",2022 Q1,1,Executive & Financial
"And remember, that virtuous cycle sits on top of an actual network, right? Because where we get those partners from are from our network, our merchant network",2022 Q1,-1,General
"And so, you have this physical merchant network, and were able to create that flywheel to drive more and more value, not only to Card Members but to partners and the more -- as Jeff said, the more premium cardholders you have and the more value our customers get, the more they want to invest in that base",2022 Q1,0,Growth & Spending
Operator Our next question will come from Chris Donat with Piper Sandler,2022 Q1,1,Executive & Financial
Go ahead,2022 Q1,2,Customer & Cards
Chris Donat -- Piper Sandler -- Analyst Good morning,2022 Q1,-1,General
Thanks for taking my question,2022 Q1,2,Customer & Cards
"Steve Squeri -- Chairman and Chief Executive Officer Good morning, Chris",2022 Q1,1,Executive & Financial
"Jeff Campbell -- Chief Financial Officer Good morning, Chris",2022 Q1,1,Executive & Financial
"Chris Donat -- Piper Sandler -- Analyst I just wanted to -- yeah, hi",2022 Q1,1,Executive & Financial
Just want to double check on the net card fees and the year-on-year growth there and the acceleration in the growth,2022 Q1,0,Growth & Spending
"So, a bit of that being a function of new additions, but also fee changes, should we expect a similar year-on-year trajectory for the next four quarters as you recognize some of that revenue over time? Or is this a onetime kind of bump from the dollar line? Jeff Campbell -- Chief Financial Officer No",2022 Q1,0,Growth & Spending
"So -- yes, its a good question, Chris",2022 Q1,3,Outlook & Guidance
"As I pointed out earlier, the -- I think I showed a chart at investor day, the majority of the growth in net card fees is driven by bringing more customers into the high fee-paying products, not by any particular price increase, although the price increases when we price for adding value add a little bit",2022 Q1,0,Growth & Spending
"When you think about the rate at which weve been bringing new premium Card Members into the franchise, record first quarter for U.S",2022 Q1,0,Growth & Spending
"Platinum Gold on the consumer side and Business Platinum, that mechanically now just makes me pretty darn confident that as you look at the next few quarters, that 16 is likely to even further accelerate a little bit as we build on the acquisition momentum we have",2022 Q1,0,Growth & Spending
"Because as I think it sounds like you recall, the accounting for fees, youre amortizing of over 12 months from when theyre paid",2022 Q1,-1,General
"So, theres a fairly predictable effect here",2022 Q1,-1,General
Operator Our next question will come from Rick Shane with J.P,2022 Q1,1,Executive & Financial
Morgan,2022 Q1,1,Executive & Financial
Rick Shane -- J.P,2022 Q1,1,Executive & Financial
"Morgan -- Analyst Hey, guys",2022 Q1,1,Executive & Financial
"Thanks, and I appreciate you taking my questions",2022 Q1,2,Customer & Cards
Id love to understand the really strong first quarter results in context of maintaining 2022 guidance in your previous comments about sequential build throughout the year,2022 Q1,0,Growth & Spending
"Obviously, theres going to be some normalization of provision expense, but I am wondering what this says about operating leverage and efficiency ratio given your accelerating top line",2022 Q1,0,Growth & Spending
"Jeff Campbell -- Chief Financial Officer Well, I think that the very careful word that I inserted, Rick, when we talked about sequential growth was in what were calling core earnings, which is why we included that pre-tax pre-provision net income number on the first page, because, you know, credit reserves are going to bounce over the place",2022 Q1,0,Growth & Spending
"Although in terms of dollars, I would credit reserves at the end of the year, assuming AR continues to grow as we expect to be a little bit higher",2022 Q1,0,Growth & Spending
"So, I absolutely do expect pre-tax pre-provision net income to be a little bit stronger each quarter as you go through the year",2022 Q1,0,Growth & Spending
"I dont expect that necessarily of GAAP earnings per share because we just had -- really, we pulled forward in many ways, a good-sized credit reserve release into Q1 that drove your GAAP EPS up to 270",2022 Q1,0,Growth & Spending
"Clearly, I do not expect sequential growth of that number, if you just do the simple math",2022 Q1,0,Growth & Spending
"Thats pretty obvious, given our EPS guidance",2022 Q1,0,Growth & Spending
"You know, the other point, Id come back to is we feel really good about the revenue momentum, but, boy, Steve, I think, has made very clear our focus on pursuing good investment opportunities when they arise",2022 Q1,0,Growth & Spending
"And so, you know, were very comfortable with the EPS guidance weve given for the year",2022 Q1,0,Growth & Spending
Operator Our next question will be from Lisa Ellis with MoffettNathanson,2022 Q1,1,Executive & Financial
"Go ahead, please",2022 Q1,2,Customer & Cards
Lisa Ellis -- MoffettNathanson -- Analyst Good morning,2022 Q1,1,Executive & Financial
Thanks for taking my questions,2022 Q1,2,Customer & Cards
"Jeff Campbell -- Chief Financial Officer Hi, Lisa",2022 Q1,1,Executive & Financial
Lisa Ellis -- MoffettNathanson -- Analyst Hi,2022 Q1,1,Executive & Financial
I was hoping to dig in a little bit on the new card acquisition with proprietary cards in force at 72.8 million,2022 Q1,0,Growth & Spending
It was up 6 year on year,2022 Q1,0,Growth & Spending
I was just peaking back at the model,2022 Q1,0,Growth & Spending
We havent seen a quarter up 6 since back in 2018,2022 Q1,0,Growth & Spending
"So, can you just talk a little bit about whats driving that acceleration in card acquisition? And specifically, is that temporary, you know, like the return of the Delta co-brand growth? Or is it more that youre just seeing a higher ROI on some of your card addition marketing spending? Jeff Campbell -- Chief Financial Officer Yes",2022 Q1,0,Growth & Spending
Steve Squeri -- Chairman and Chief Executive Officer Yes,2022 Q1,1,Executive & Financial
"I mean, look, I think we are seeing a little bit of a higher ROI on our card acquisition spending",2022 Q1,0,Growth & Spending
"And as I -- as we said, I think theres just theres an expanding pool",2022 Q1,-1,General
"Its not just, you know, the consumer base, but its also the small business base",2022 Q1,0,Growth & Spending
"You know, Ill go back to my comments before",2022 Q1,0,Growth & Spending
The millennial and Gen Z pool is expanding,2022 Q1,0,Growth & Spending
There are more small businesses out there,2022 Q1,0,Growth & Spending
"And as we look at the opportunities, you know, we were able to bring in probably more cards than we thought we were in the first quarter",2022 Q1,0,Growth & Spending
"And, you know, we see opportunities going forward",2022 Q1,0,Growth & Spending
"So, you know, well continue to invest to grow the card base",2022 Q1,0,Growth & Spending
"And -- but remember, were looking at -- were just not looking to grow in cards",2022 Q1,0,Growth & Spending
"I mean, these cards are hitting our return",2022 Q1,0,Growth & Spending
Youve got a large percentage of these cards are fee-paying cards,2022 Q1,0,Growth & Spending
"But Ill also go back to -- I think its either my comments or in Jeff script, 60 of the cards that we did acquire from a consumer perspective were millennial cards, which are up 50 -- which is -- was 50 pre-pandemic",2022 Q1,-1,General
"So, it is a bigger pool for us to acquire from, from a millennial-Gen Z perspective, and there are small businesses",2022 Q1,0,Growth & Spending
"So, you know, right now, we feel good about card growth",2022 Q1,0,Growth & Spending
"How that translates next quarter, look, the last few quarters, weve had sequential card growth quarter to quarter",2022 Q1,0,Growth & Spending
"And, you know, coming off last year, look, there wasnt a tremendous amount of card growth in the first quarter from a relative basis, on a comparative basis, but it continued to move up every single quarter",2022 Q1,0,Growth & Spending
"And, you know, we feel good about what happened this particular quarter",2022 Q1,0,Growth & Spending
Can it be 6 again next quarter? I dont really know,2022 Q1,0,Growth & Spending
Operator Our final question will come from the line of Don Fandetti with Wells Fargo,2022 Q1,1,Executive & Financial
Go ahead,2022 Q1,2,Customer & Cards
Don Fandetti -- Wells Fargo Securities -- Analyst Yes,2022 Q1,1,Executive & Financial
"In SME, I noticed Capital One is marketing a no-limit small business card",2022 Q1,-1,General
"I was just curious, I know thats part of your secret sauce, obviously, if you thought that was material",2022 Q1,-1,General
"And then lastly, on fintechs, like, I know you have partnerships with Bill.com and Coupa",2022 Q1,-1,General
"But do they represent a threat in any way to your business? Steve Squeri -- Chairman and Chief Executive Officer So, just -- Im sorry, just one other point for Lisa",2022 Q1,1,Executive & Financial
"Just, retention helps a lot",2022 Q1,-1,General
"And our retention numbers, if you look at the last couple of years, have improved significantly",2022 Q1,-1,General
"So, if you think about your base is having a leak in it, the leak got a lot smaller",2022 Q1,-1,General
"So, thats -- I think thats important",2022 Q1,0,Growth & Spending
"You know, Don, as far as, you know, fintechs go, you know, I think theres some opportunities for us",2022 Q1,-1,General
"And I think the partnership with i2c, we already have a partnership with them in Latin America",2022 Q1,0,Growth & Spending
"And I think this will just make it easy to onboard fintechs that want to have, you know, American Express because the reality is a lot of them -- not a lot of them, most of them dont do their own processing",2022 Q1,-1,General
Theyll partner with somebody else to do this,2022 Q1,0,Growth & Spending
And having i2c and being able now to do this on a global basis will enable us to approach,2022 Q1,-1,General
"So, I dont look at that as necessarily a threat",2022 Q1,-1,General
I look at this as an opportunity for us,2022 Q1,0,Growth & Spending
"And what was the first part of your question, Don? Cap One, no limit",2022 Q1,-1,General
I dont know what no limit -- I really dont know what no limit is,2022 Q1,-1,General
"And so, yes, I think what theyve done is put out a no preset spending limit, but -- and Im not being flippant here, I just dont know what that no preset spending limit is",2022 Q1,-1,General
"So, well see how that plays out",2022 Q1,0,Growth & Spending
"Again, a really good company",2022 Q1,-1,General
"It had lots and lots of success, very tough competitor",2022 Q1,0,Growth & Spending
"Theyre the first ones to go down this road, and well see how it all plays out, how it all plays out",2022 Q1,-1,General
"But, you know, we take them very seriously as we take everybody else",2022 Q1,-1,General
"Yes, it is part of our secret sauce, and well see",2022 Q1,-1,General
"So, you know, again, just look at the results in the first quarter for us, you know, we had 30 growth from a small business perspective",2022 Q1,-1,General
"So, we feel pretty good about small business at this point",2022 Q1,0,Growth & Spending
"Jeff Campbell -- Chief Financial Officer And a record quarter for Business Platinum -- Steve Squeri -- Chairman and Chief Executive Officer Acquisition, yes",2022 Q1,1,Executive & Financial
Jeff Campbell -- Chief Financial Officer Yes,2022 Q1,1,Executive & Financial
Vivian Zhou -- Head of Investor Relations Great,2022 Q1,1,Executive & Financial
"With that, we will bring the call to an end",2022 Q1,0,Growth & Spending
Thank you again for joining todays call and for your continued interest in American Express,2022 Q1,2,Customer & Cards
The IR team will be available for any follow-up questions,2022 Q1,-1,General
"Alan, back to you",2022 Q1,-1,General
"Operator Operator signoff Duration 60 minutes Vivian Zhou -- Head of Investor Relations Steve Squeri -- Chairman and Chief Executive Officer Jeff Campbell -- Chief Financial Officer Sanjay Sakhrani -- Keefe, Bruyette and Woods -- Analyst Mihir Bhatia -- Bank of America Merrill Lynch -- Analyst John Pancari -- Evercore ISI -- Analyst Betsy Graseck -- Morgan Stanley -- Analyst Bill Carcache -- Wolfe Research -- Analyst Mark DeVries -- Barclays -- Analyst Ryan Nash -- Goldman Sachs -- Analyst Meng Jiao -- Deutsche Bank -- Analyst Chris Donat -- Piper Sandler -- Analyst Rick Shane -- J.P",2022 Q1,1,Executive & Financial
Morgan -- Analyst Lisa Ellis -- MoffettNathanson -- Analyst Don Fandetti -- Wells Fargo Securities -- Analyst More AXP analysis All earnings call transcripts This article is a transcript of this conference call produced for The Motley Fool,2022 Q1,1,Executive & Financial
"While we strive for our Foolish Best, there may be errors, omissions, or inaccuracies in this transcript",2022 Q1,4,Other
"As with all our articles, The Motley Fool does not assume any responsibility for your use of this content, and we strongly encourage you to do your own research, including listening to the call yourself and reading the companys SEC filings",2022 Q1,1,Executive & Financial
"Please see our Terms and Conditions for additional details, including our Obligatory Capitalized Disclaimers of Liability",2022 Q1,-1,General
"American Express is an advertising partner of The Ascent, a Motley Fool company",2022 Q1,-1,General
The Motley Fool has no position in any of the stocks mentioned,2022 Q1,1,Executive & Financial
The Motley Fool has a disclosure policy,2022 Q1,1,Executive & Financial
Average returns of all recommendations since inception,2022 Q1,-1,General
Cost basis and return based on previous market day close,2022 Q1,-1,General
Invest better with The Motley Fool,2022 Q1,1,Executive & Financial
"Get stock recommendations, portfolio guidance, and more from The Motley Fools premium services",2022 Q1,1,Executive & Financial
"Making the world smarter, happier, and richer",2022 Q1,-1,General
 1995 - 2026 The Motley Fool,2022 Q1,1,Executive & Financial
All rights reserved,2022 Q1,0,Growth & Spending
Market data powered by Xignite and Polygon.io,2022 Q1,2,Customer & Cards
"About The Motley Fool Our Services Around the Globe Free Tools Affiliates  Friends AXP earnings call for the period ending March 31, 2022.",2022 Q1,2,Customer & Cards
"Operator Ladies and gentlemen, thank you for standing by",2022 Q2,2,Customer & Cards
Welcome to the American Express Q2 2022 earnings call,2022 Q2,-1,General
"Operator instructions As a reminder, todays call is being recorded",2022 Q2,-1,General
"I would now like to turn the conference over to our host, Head of Investor Relations Ms",2022 Q2,-1,General
Kerri Bernstein,2022 Q2,1,Executive & Financial
Thank you,2022 Q2,2,Customer & Cards
Please go ahead,2022 Q2,2,Customer & Cards
"Kerri Bernstein -- Head of Investor Relations Thank you, Donna, and thank you all for joining todays call",2022 Q2,1,Executive & Financial
"As a reminder, before we begin, todays discussion contains certain forward-looking statements about the companys future business and financial performance",2022 Q2,0,Growth & Spending
These are based on managements current expectations and are subject to risks and uncertainties,2022 Q2,-1,General
Factors that could cause actual results to differ materially from these statements are included in todays presentation slides and in our reports on file with the SEC,2022 Q2,4,Other
The discussion today also contains non-GAAP financial measures,2022 Q2,0,Growth & Spending
The comparable GAAP financial measures are included in this quarters earnings materials as well as the earnings materials for the prior periods we discussed,2022 Q2,0,Growth & Spending
All of these are posted on our website at ir.americanexpress.com,2022 Q2,-1,General
"Well begin today with Steve Squeri, chairman and CEO, who will start with some remarks about the companys progress and results",2022 Q2,-1,General
"And then Jeff Campbell, chief financial officer, will provide a more detailed review of our financial performance",2022 Q2,1,Executive & Financial
"After that, well move to a QA session on the results with both Steve and Jeff",2022 Q2,2,Customer & Cards
"With that, let me turn it over to Steve",2022 Q2,3,Outlook & Guidance
"Steve Squeri -- Chairman and Chief Executive Officer Thanks, Jerry, and welcome to the IR team and your first earnings call",2022 Q2,1,Executive & Financial
"And good morning, everyone",2022 Q2,3,Outlook & Guidance
Thanks for joining us for our second-quarter call,2022 Q2,2,Customer & Cards
We had an outstanding quarter,2022 Q2,0,Growth & Spending
"Revenues were up 31, reaching a record high, and earnings per share were 2.57",2022 Q2,0,Growth & Spending
Card member spending was at record levels,2022 Q2,-1,General
"Billed business was up 30 from a year earlier on an FX-adjusted basis, led by a vigorous rebound in travel and entertainment spending and continued strong growth in goods and services",2022 Q2,-1,General
"We added 3.2 million new proprietary cards in the quarter, driven by continued strong demand for our fee-based premium products",2022 Q2,0,Growth & Spending
Acquisitions of our U.S,2022 Q2,-1,General
"consumer Platinum, Gold, and Delta co-brand cards were all at record highs",2022 Q2,0,Growth & Spending
Customer retention and credit quality both remain at exceptionally strong levels,2022 Q2,0,Growth & Spending
"While our strong growth may be somewhat surprising given the uncertainties in the external environment, there are a number of reasons for our continued momentum",2022 Q2,0,Growth & Spending
"First, the decisions we made through the pandemic continue to pay dividends",2022 Q2,0,Growth & Spending
"At the outset, we made it a priority to be there for our customers, focusing on delivering great service, providing financial relief programs, expanding our Shop Small initiatives, and injecting new value into our premium consumer and business products with benefits that were relevant for the times",2022 Q2,0,Growth & Spending
"We then ramped up investments early in the recovery to rebuild our momentum and grow our customer base, refreshing our premium products through a series of new benefits that enhanced our generational relevance",2022 Q2,0,Growth & Spending
And we accelerated our acquisition engine,2022 Q2,-1,General
"These decisions lay the foundation for the strength in customer retention, engagement, and acquisitions that youve seen over the past year and our results today",2022 Q2,0,Growth & Spending
"Other key factors driving our performance include the many competitive advantages that we have that differentiate us, as well as several structural shifts, and some near-term recovery tailwinds, which you remember we discussed at our Investor Day",2022 Q2,0,Growth & Spending
"A critical competitive advantage is our global premium customer base, which is, at scale, unrivaled in the industry, with millions of high-spending super prime, loyal consumer and business customers across generations and geographies",2022 Q2,0,Growth & Spending
"Importantly, millennials and Gen Z consumers are a large part of our existing customer base and our fastest-growing age cohort, making up 60 of all new consumer card members were acquiring and around 75 of new U.S",2022 Q2,0,Growth & Spending
consumer Platinum and Gold Card members,2022 Q2,0,Growth & Spending
"Our new customers have excellent credit profiles, are highly engaged in the premium benefits that come with American Express membership, and are spending more from the start of their relationship with us than previous newcomers, giving us a long runway for growth",2022 Q2,-1,General
"In fact, spending by this age group grew 48 in the second quarter, significantly outpacing other generations",2022 Q2,0,Growth & Spending
"Our momentum is also being aided by several structural shifts, which we believe give us significant opportunities to sustain our growth across all lines of business over the longer term",2022 Q2,0,Growth & Spending
"These include the growth in the premium consumer card space around the world, the ongoing increase in online commerce and digital engagement among consumers, the strong pace of small business creation, and the acceleration in the digitization -- digitizing of commercial payments",2022 Q2,0,Growth & Spending
"Finally, in the near term, were benefiting from recovery tailwinds in our businesses outside the U.S., in the large and global corporate space, and in travel and entertainment",2022 Q2,0,Growth & Spending
The travel rebound in particular has been faster and stronger than anyone expected,2022 Q2,0,Growth & Spending
Total TE spending exceeded pre-pandemic levels in April for the first time,2022 Q2,0,Growth & Spending
"It was at 108 of 2019 levels for the quarter, led by strong growth in Global Consumer and SME spending, and a significant uptick in large and global corporate travel",2022 Q2,0,Growth & Spending
"And we dont see demand in the TE categories declining significantly anytime soon, based on the strength of future bookings coming through our consumer travel agency and the trends our partners in the travel industry like Delta are experiencing, particularly in the premium space",2022 Q2,0,Growth & Spending
"Of course, we are wary of the uncertainties in the current economic environment and the impact its having on our business",2022 Q2,-1,General
The historically low unemployment rate is a positive factor as its helping to drive our strong credit metrics,2022 Q2,0,Growth & Spending
And we continue to see no significant signs of stress in our consumer base,2022 Q2,-1,General
Inflation is a bit of a mixed bag,2022 Q2,0,Growth & Spending
Its a modest contributor to our strong growth in volumes,2022 Q2,0,Growth & Spending
But inflation when combined with low unemployment also puts pressure on operating costs,2022 Q2,0,Growth & Spending
"For example, like everyone else, were seeing intense competition for the best talent",2022 Q2,0,Growth & Spending
"But because our colleagues are a key driver of our success, we continue to invest in talent, which is having an impact on our operating expenses",2022 Q2,-1,General
"Looking forward, as Ive emphasized many times before, we run the company for the long term, and our investment strategy is grounded in this principle",2022 Q2,0,Growth & Spending
"As we sit here today, we have an abundance of great opportunities",2022 Q2,0,Growth & Spending
And well continue to make our decisions with a longer-term view like we did during the pandemic,2022 Q2,0,Growth & Spending
"That means we will continue to invest at high levels in those areas that will drive sustainable growth, including our brand, value propositions, customers, colleagues, technology, and coverage",2022 Q2,0,Growth & Spending
We remain confident that the successful execution of this strategy will position us well as we seek to achieve our long-term growth plan aspirations of revenue growth in excess of 10 and mid-teens EPS growth in 2024 and beyond,2022 Q2,0,Growth & Spending
Thank you,2022 Q2,2,Customer & Cards
And Ill now turn it over to Jeff,2022 Q2,3,Outlook & Guidance
"Jeff Campbell -- Chief Financial Officer Well, thank you, Steve, and good morning, everyone",2022 Q2,1,Executive & Financial
"Good to be here to talk about our second quarter results, which reflect another strong quarter and great progress against our multiyear growth plan",2022 Q2,0,Growth & Spending
Starting with our summary financials on Slide 2,2022 Q2,-1,General
"Most importantly, our second-quarter revenues were 13.4 billion, up 33 on an FX-adjusted basis, strengthening sequentially from last quarters already strong 31 year-over-year growth rate",2022 Q2,0,Growth & Spending
"Our reported second-quarter net income was 2 billion, with earnings per share of 2.57",2022 Q2,0,Growth & Spending
"Now as I said last quarter, given that year-over-year comparisons of net income have been challenging due to the volatility that the pandemic caused in credit reserve adjustments, we are including pre-tax pre-provision income as a supplemental disclosure again this quarter, which we believe gives you additional insight into the trends of our underlying earnings",2022 Q2,0,Growth & Spending
"On this basis, second quarter pre-tax pre-provision income was 3 billion, up 27 versus the same time period last year",2022 Q2,0,Growth & Spending
"So now lets get into a more detailed look at our results, beginning with volumes",2022 Q2,-1,General
Turning on Slide 3,2022 Q2,0,Growth & Spending
You can see the continued momentum in spending from our strong customer base that Steve noted earlier,2022 Q2,0,Growth & Spending
Billed business and total network volumes were up around 30 year over year on an FX-adjusted basis in the second quarter,2022 Q2,0,Growth & Spending
We feel really good about both our year-over-year growth as well as our sequential growth,2022 Q2,-1,General
The second quarter saw us achieving our highest ever level of quarterly billed business,2022 Q2,0,Growth & Spending
"And if you were to compare to 2019, the first quarter grew 15, while the second-quarter growth rate accelerated even further to 28",2022 Q2,0,Growth & Spending
"Importantly, our spending volumes strengthened as we went through the quarter, with the month of June also reaching a new monthly record high",2022 Q2,-1,General
"And as we sit here today, this momentum has continued into early July",2022 Q2,0,Growth & Spending
"Now I would point out that when you think about year-over-year growth rates, volumes in 2021 were, of course, in a steep phase of recovery as the year progressed",2022 Q2,0,Growth & Spending
So I do expect that our year-over-year growth rates will moderate as we progress through the rest of 2022,2022 Q2,0,Growth & Spending
Our spending metrics are being driven by both sustained growth in goods and services spending and by an acceleration in TE recovery in the second quarter,2022 Q2,0,Growth & Spending
Starting first with goods and services spending on Slide 4,2022 Q2,-1,General
We saw a year-over-year growth of 18 in the second quarter,2022 Q2,0,Growth & Spending
"We are now multiple quarters into seeing the effects of the structural shift in online commerce spending patterns, which is accelerated by the pandemic, with our growth rates remaining steady",2022 Q2,-1,General
"Specifically, online and card-not-present spending grew 15 in the second quarter",2022 Q2,-1,General
"In contrast, total TE spending, as you see on Slide 5, showed an acceleration in its recovery this quarter even more than we and many others would have expected, reaching 108 of 2019 levels",2022 Q2,0,Growth & Spending
The high demand for travel will be a steep recovery across all customer types,2022 Q2,0,Growth & Spending
"This strength in both goods and services and TE spending is also evident as we break spending trends down across our consumer and commercial businesses, with a few other key points that Id suggest you take away",2022 Q2,0,Growth & Spending
"First, beginning on Slide 6, millennial and Gen Z customers continue to drive our highest global consumer billed business growth, with their spending up 48 year over year",2022 Q2,0,Growth & Spending
"Id also call out that this quarter, all other age cohorts have now reached pre-pandemic levels of TE spending, including baby boomers, who had been slower to recover",2022 Q2,0,Growth & Spending
"In our commercial business, on Slide 7, spending from our small- and medium-sized enterprise clients continue to drive our overall growth, with spending up 25 year over year",2022 Q2,-1,General
"While a smaller part of our business, it is worth noting the significant acceleration in growth of 58 of the large and global corporate customers, significantly above last quarters growth rate",2022 Q2,-1,General
This is a sign of a more meaningful business travel recovery,2022 Q2,0,Growth & Spending
"So overall, we are pleased that our strength in spending volumes has exceeded our original expectations for the year",2022 Q2,-1,General
"And again this quarter, the majority of our high level of growth was driven by the number of transactions flowing through our network, with some modest additional impact from inflation",2022 Q2,0,Growth & Spending
This positions us well for our long-term growth aspirations,2022 Q2,-1,General
Moving on now to receivable and loan balances on Slide 8,2022 Q2,-1,General
"We saw a good sequential growth in our loan balances, which are now well above pre-pandemic levels this quarter",2022 Q2,0,Growth & Spending
"The interest-bearing portion of our loan balances also continues to consistently increase quarter over quarter, but remains a bit below 2019 levels, as paydown rates have remained elevated",2022 Q2,0,Growth & Spending
"As you then turn to credit and provision, on Slides 9 through 11, the high credit quality of our customer base continues to show through in our extremely strong credit performance",2022 Q2,-1,General
Card member loans and receivables write-off and delinquency rates remain well below pre-pandemic levels,2022 Q2,0,Growth & Spending
"And though they did continue to tick up slightly overall this quarter, as we expected, they are trending a bit better than our expectations when we started the year",2022 Q2,-1,General
Turning then to the accounting for this credit performance on Slide 10,2022 Q2,-1,General
"As you know, there are a couple of key drivers of provision expense",2022 Q2,0,Growth & Spending
"First, actionable credit performance, which, as we just discussed, is extremely strong, and second, changes in credit reserves under the CECL methodology",2022 Q2,0,Growth & Spending
"We built a small amount of reserves this quarter as our loan balances grew and the macroeconomic outlook that we flowed through our CECL models got slightly worse relative to the outlook back in Q1, both partially offset by improved portfolio quality",2022 Q2,0,Growth & Spending
"This reserve build, combined with our low net write-offs, drove 410 million of provision expense for the second quarter",2022 Q2,0,Growth & Spending
"As you see on Slide 11, we ended the second quarter with 3.2 billion of reserves, representing 3.1 of our loan balances and 0.2 of our Card Member receivable balances, respectively",2022 Q2,0,Growth & Spending
This remains well below the reserve levels we had pre-pandemic,2022 Q2,-1,General
"Going forward, we continue to expect delinquency and loss rates to move up slowly over time, but to remain well below pre-pandemic levels this year",2022 Q2,0,Growth & Spending
"I do expect to end the year with a higher level of reserves on our balance sheet than where we ended this quarter, given our expected loan growth",2022 Q2,0,Growth & Spending
But the overall range and timing of reserve adjustments will be heavily influenced by how the macroeconomic outlook evolves between now and the end of the year,2022 Q2,0,Growth & Spending
Moving next to revenue on Slide 12,2022 Q2,0,Growth & Spending
"Total revenues were up 31 year-over-year in the second quarter or 33 on an FX-adjusted basis, as we continue to see a stronger U.S",2022 Q2,0,Growth & Spending
dollar relative to most of the major currencies in which we operate,2022 Q2,-1,General
"Overall, these results were above our original expectations",2022 Q2,-1,General
"Before I get into more details about our largest revenue drivers in the next few slides, I would note that service fees and other revenue was up sharply at 79 growth year over year, largely driven by the uptick in travel-related revenues that accelerated this quarter, with cross-border spend, in particular, surpassing pre-pandemic levels",2022 Q2,0,Growth & Spending
"Our largest revenue line, discount revenue, grew 32 year over year in Q2 on an FX-adjusted basis, as you can see on Slide 13, driven by both our sustained growth in goods and services spending and the accelerated TE recovery that you saw in our spending trends",2022 Q2,0,Growth & Spending
"Net card fee revenues were up 19 year over year in the second quarter on an FX-adjusted basis, with growth continuing to accelerate, as you can see on Slide 14, largely driven by the continued attractiveness to both prospects and existing customers of our fee-paying products as a result of the investments weve made in our premium value propositions",2022 Q2,0,Growth & Spending
"This quarter, we acquired 3.2 million new cards, with acquisitions of U.S",2022 Q2,0,Growth & Spending
"consumer Platinum card numbers again reaching a record high and increasing 20, above last quarters record levels, demonstrating the great demand were seeing, especially for our premium fee-based products",2022 Q2,0,Growth & Spending
Moving on to net interest income,2022 Q2,0,Growth & Spending
"On Slide 15, you can see that it was up 31 year over year on an FX-adjusted basis, accelerating above last quarters growth rate due to the continued recovery of our revolving loan balances",2022 Q2,0,Growth & Spending
"Looking forward, while I would expect our loan balances to continue to recover at higher growth rates, the rising rate environment will likely cause our net interest income growth rate to slow given our sizable non-interest-bearing charge balances",2022 Q2,0,Growth & Spending
To sum up on revenues on Slide 16,2022 Q2,0,Growth & Spending
Were seeing continued strong results and sustained momentum across the board,2022 Q2,0,Growth & Spending
"So looking forward, we now expect to see revenue growth of 23 to 25 for the full year of 2022",2022 Q2,0,Growth & Spending
"So the revenue momentum we just discussed has been driven by the investments weve made in our brand, value propositions, customers, colleagues, technology, and coverage",2022 Q2,0,Growth & Spending
And those investments show up across the expense lines you see on Slide 17,2022 Q2,0,Growth & Spending
"Starting with variable customer engagement expenses, these costs came in as expected, at 42 of total revenues for the quarter, and are tracking with our expectations for variable customer engagement costs to run at around 42 of total revenues on a full-year basis",2022 Q2,0,Growth & Spending
"On the marketing line, we invested 1.5 billion in the second quarter",2022 Q2,0,Growth & Spending
"We feel really good about the strong demand for new card acquisitions, as we showed on Slide 14",2022 Q2,0,Growth & Spending
"More importantly, we feel good about the spend, credit, and revenue profiles of the customers we are bringing in to American Express membership, which continue to look strong relative to what we saw pre-pandemic",2022 Q2,-1,General
I would now expect to spend a little over 5 billion on marketing in 2022,2022 Q2,0,Growth & Spending
"Moving to the bottom of Slide 17 brings us to operating expenses, which were 3.3 billion in the second quarter",2022 Q2,0,Growth & Spending
Theres often some quarterly volatility in this number due to the varied timing of certain accruals and entries,2022 Q2,-1,General
"This quarter, for example, we see the impact of the prior year including a sizable benefit from net mark-to-market gains in our Amex Ventures strategic investment portfolio",2022 Q2,0,Growth & Spending
"As I said last quarter, and as Steve discussed earlier, inflation, while driving some modest positive impact on volumes, its also putting pressure on our operating expenses, particularly in our compensation costs",2022 Q2,0,Growth & Spending
"Taking everything into account, we now expect our full-year operating expenses to be around 13 billion, as we invest in our talented colleague base, technology, and other key underpinnings of our growth given our tremendously high levels of revenue growth",2022 Q2,0,Growth & Spending
Turning next to capital on Slide 18,2022 Q2,0,Growth & Spending
"We returned 1 billion of capital to our shareholders in the second quarter, including common stock repurchases of 611 million and 394 million in common stock dividends on the back of strong earnings generation",2022 Q2,0,Growth & Spending
"Our CET1 ratio was 10.3 at the end of the second quarter, within our target range of 10 to 11",2022 Q2,0,Growth & Spending
We plan to continue to return to shareholders the excess capital we generate while supporting our balance sheet growth,2022 Q2,0,Growth & Spending
"Given the concerns about the macro economy and the market, it is worth noting that in the Feds CCAR stress test results released last month, American Express was again one of the few firms that remained cumulatively profitable under the Feds macroeconomic stress scenario and we had the highest profit margin as a percentage of assets of any participating bank",2022 Q2,-1,General
That brings me to our growth plan and 2022 guidance on Slide 19,2022 Q2,-1,General
Our performance year to date and our full-year guidance reinforce several points that Steve and I have now both discussed,2022 Q2,-1,General
"First and most importantly, we clearly have momentum across all of the areas critical for us to drive sustained high levels of revenue growth, including customer acquisition, engagement, and retention, evidenced by our strong Q2 results",2022 Q2,0,Growth & Spending
Inflation is additionally providing some modest benefit to our revenues,2022 Q2,0,Growth & Spending
"The combination of all of these things led us to increase our expectations for full-year revenue growth to 23 to 25, up from our original range of 18 to 20",2022 Q2,0,Growth & Spending
"For now, though, our EPS guidance remains unchanged, from between 9.25 and 9.65",2022 Q2,0,Growth & Spending
Let me walk you through our thinking here,2022 Q2,0,Growth & Spending
"As I talked about earlier, we feel really good about the strong results generated by our marketing investments this year",2022 Q2,0,Growth & Spending
"And thats why we now expect to spend a little over 5 billion for the full year, modestly above our original expectations",2022 Q2,0,Growth & Spending
"Both Steve and I also talked about the fact that there are some pressures on our operating expenses, particularly around compensation and partially fueled by inflation",2022 Q2,0,Growth & Spending
"And therefore, we now expect our operating expenses to be around 13 billion this year",2022 Q2,0,Growth & Spending
"Lastly and most importantly, as we think about our EPS this year, as I talked about in the credit section, while our credit performance and metrics remain extremely healthy, we cant predict how the macroeconomic outlook will evolve",2022 Q2,0,Growth & Spending
That makes it difficult sitting here today to predict a precise range of outcomes for any potential CECL reserve adjustments for the balance of the year,2022 Q2,0,Growth & Spending
"That said, should the macroeconomic outlook not change meaningfully between now and the end of the year, and therefore, not have a large impact on current reserves in the balance of the year, we would expect to be at or even a bit above the high end of our EPS guidance range",2022 Q2,0,Growth & Spending
"In any environment, we remain committed to executing against our growth plan and running the company with a focus on achieving our aspiration of delivering revenue growth in excess of 10 and mid-teens EPS growth on a sustainable basis in 2024 and beyond",2022 Q2,0,Growth & Spending
"With that, Ill turn the call back over to Kerri to open up the call for your questions",2022 Q2,2,Customer & Cards
"Kerri Bernstein -- Head of Investor Relations Thanks, Jeff",2022 Q2,1,Executive & Financial
Operator instructions Thank you for your cooperation,2022 Q2,2,Customer & Cards
"And with that, the operator will now open up the line for questions",2022 Q2,2,Customer & Cards
Operator? Operator Operator instructions Our first question comes from Ryan Nash of Goldman Sachs,2022 Q2,-1,General
Please go ahead,2022 Q2,2,Customer & Cards
Ryan Nash -- Goldman Sachs -- Analyst Hey,2022 Q2,1,Executive & Financial
"Good morning, everyone",2022 Q2,3,Outlook & Guidance
"Maybe just to start on revenue growth, Steve",2022 Q2,-1,General
"So its obviously coming in much better than expected, and youre choosing to invest more to propel future growth",2022 Q2,0,Growth & Spending
"So I was just hoping maybe you can just talk a little bit about the additional investments that youre making across the company, whether its in opex or in card member engagement",2022 Q2,0,Growth & Spending
"How much of this is offensive versus -- to drive revenue growth versus defensive? And then given the acceleration of investments that were seeing through 22, could this position us for better revenue growth in the intermediate time frame? Steve Squeri -- Chairman and Chief Executive Officer So I think everything that were doing here is offensive",2022 Q2,0,Growth & Spending
I mean you could argue that raising compensation is defensive,2022 Q2,-1,General
But I think youre going to -- youve seen compensation being raised across,2022 Q2,-1,General
"So if I break out the categories, youre going to see opex up",2022 Q2,0,Growth & Spending
And you see an opex up for two reasons,2022 Q2,0,Growth & Spending
"Number one, we are investing a little bit more in -- from an operating perspective",2022 Q2,0,Growth & Spending
"But that investment -- the main investment from an operating perspective is you cant grow your billings 30, and with the majority of those billings being grown by 30 by more transactions without having more people to be able to serve your customers, to be able to engage with them from a travel perspective",2022 Q2,0,Growth & Spending
"And you have to remember, one of the huge differentiating factors that we have in our business model is our ability to serve our customers when and where they need to be served",2022 Q2,0,Growth & Spending
"And as you get more and more transactions, as you get more and more customers, you do have this step function increase",2022 Q2,0,Growth & Spending
"And so a lot of our operating expense growth has been done -- has been to the addition of people, which is not maybe a popular topic right now that people are talking about, but were adding people",2022 Q2,0,Growth & Spending
Were not subtracting people from our business,2022 Q2,0,Growth & Spending
And were adding people to make sure that we can continue the level of service that we had,2022 Q2,0,Growth & Spending
"And I dont mind doing that, especially in a growth environment, which is what were expecting",2022 Q2,0,Growth & Spending
"Look, youre also seeing wage increase, and you have to pay more to keep your best talent",2022 Q2,-1,General
And so we will do that,2022 Q2,0,Growth & Spending
"That is shortsighted not to do that, and we will continue to do that",2022 Q2,0,Growth & Spending
"From a marketing perspective, Ive been doing this for a number of years now",2022 Q2,0,Growth & Spending
And one of the things that you hear us say is we have lots and lots of good investment opportunities,2022 Q2,0,Growth & Spending
"And to let those investment opportunities go by the Board because, we thought we might have spent 5 billion, but maybe it will be 5.2 billion, whatever, thats shortsighted because were running the company for the longer term",2022 Q2,0,Growth & Spending
So I would say that the investments that were making -- and additional investments in technology are truly all longer -- all thinking about the long term here,2022 Q2,0,Growth & Spending
"As far as revenue goes for next year, look, were building up momentum",2022 Q2,-1,General
"But I think when we came out and said we were going to grow 18 to 20 this year, there was probably some skepticism",2022 Q2,0,Growth & Spending
"And now were coming out and saying were going to go 23 to 25, which is going to put the level of revenue at the end of this year obviously higher than what we thought",2022 Q2,0,Growth & Spending
"We have a plan to get us to -- in 2024 at 10 plus revenue growth on a sustainable basis, which means in 2023, well certainly exceed 10",2022 Q2,0,Growth & Spending
What that number will actually be? I dont know sitting here right now,2022 Q2,0,Growth & Spending
I dont know,2022 Q2,-1,General
But I can tell you it will be on our growth trajectory,2022 Q2,0,Growth & Spending
"And as long as we have good revenue opportunities and as long as we can continue to grow this business, I will continue to invest",2022 Q2,0,Growth & Spending
And thats where we are,2022 Q2,0,Growth & Spending
"And as Jeff said, weve decided not to -- and I think its really important",2022 Q2,0,Growth & Spending
"Weve decided not to raise our earning -- our EPS guidance because of the uncertainty with CECL, which, quite honestly, we dont have a lot of control over",2022 Q2,-1,General
"And so for us to sit here today and say, hey, look, lets just raise it to then come back in the third quarter or the fourth quarter and say, hey, we had to drop it, its just -- its fool-hearted",2022 Q2,0,Growth & Spending
"But the revenue, its what we see",2022 Q2,0,Growth & Spending
"And so when were asked questions about, what do you think about the economy and you see a slowdown? If I was thinking there was a slowdown in the next couple of quarters, I wouldnt be sitting here raising revenue to 23 to 25",2022 Q2,0,Growth & Spending
So thats how I think about it,2022 Q2,0,Growth & Spending
Operator The next question is coming from Sanjay Sakhrani of KBW,2022 Q2,2,Customer & Cards
Please go ahead,2022 Q2,2,Customer & Cards
"Sanjay Sakhrani -- Keefe, Bruyette and Woods -- Analyst Thanks",2022 Q2,1,Executive & Financial
Good morning,2022 Q2,3,Outlook & Guidance
TE was a big driver of the upside,2022 Q2,0,Growth & Spending
"And I think, Jeff, you mentioned theres been further strength in July, which makes sense given were moving into the heart of the summer months",2022 Q2,-1,General
"Are you guys concerned this is sort of a pull forward, and you see a slowdown thereafter? And maybe that ties into what we saw in corporate TE because that also moved up quite a bit",2022 Q2,0,Growth & Spending
"Where do you think the new normal shakes out? Steve Squeri -- Chairman and Chief Executive Officer So if you look at where we are right now, and yes, were at 100 -- were at 8 growth over 2019",2022 Q2,1,Executive & Financial
And thats not really a big number when you think about it,2022 Q2,0,Growth & Spending
"When you think about 8 growth over 2019 from a TE perspective, and you think about sort of airline prices, you think about some of the inflation built in, Id say theres more room to run on TE",2022 Q2,0,Growth & Spending
"And when you disaggregate sort of TE, and you look at it, and you see that the consumer is running sort of 38 above and youve got international consumer running only 8 above and you got SME running probably 8 above and corporate travel is only 60 of what it was in 2019, I wouldnt call out a pull forward",2022 Q2,0,Growth & Spending
"And when I look at my bookings, my future bookings in my consumer business, theyre strong",2022 Q2,0,Growth & Spending
"And then when you get -- then you sort of disaggregate and you go below those numbers, and you look and you say, OK, whats really driving it? And you see a tremendous growth, right? Were seeing a tremendous growth, like 48 growth in restaurant",2022 Q2,0,Growth & Spending
Lodging is huge,2022 Q2,0,Growth & Spending
Airline is way up,2022 Q2,0,Growth & Spending
But lodging and airlines are still below 2019 levels in aggregate,2022 Q2,0,Growth & Spending
"So -- and the airline industry is probably only about 85, 90 of their capacity",2022 Q2,0,Growth & Spending
"And they have some staffing issues and what have you, and theyre sort of canceling",2022 Q2,-1,General
So I dont think this is a pull-forward at all,2022 Q2,0,Growth & Spending
"I think theres a huge pent-up demand, obviously, to get out and travel and see the world or see anybody at this particular point in time",2022 Q2,0,Growth & Spending
"But no, Im not really concerned about a pullback because I dont think weve gotten to a normal level yet",2022 Q2,0,Growth & Spending
I really dont believe weve gotten to a normal level of TE,2022 Q2,0,Growth & Spending
"So now were going to see 90 year-over-year growth rates, no",2022 Q2,0,Growth & Spending
"But I look at absolute aggregate numbers, and I cant get too focused on just the growth rates",2022 Q2,0,Growth & Spending
Were not at a normal level of TE yet in our business,2022 Q2,0,Growth & Spending
Operator The next question is coming from Betsy Graseck of Morgan Stanley,2022 Q2,1,Executive & Financial
Please go ahead,2022 Q2,2,Customer & Cards
Betsy Graseck -- Morgan Stanley -- Analyst Hi,2022 Q2,1,Executive & Financial
Good morning,2022 Q2,3,Outlook & Guidance
Yes,2022 Q2,2,Customer & Cards
"Its really great, great results here",2022 Q2,2,Customer & Cards
I wanted to dig in a little bit on how youre thinking about the loan growth on the SME side,2022 Q2,0,Growth & Spending
I know thats been accelerating here,2022 Q2,-1,General
Just give us a sense as to where pockets of opportunity are and how you would flex if there was a slowdown,2022 Q2,-1,General
"Steve Squeri -- Chairman and Chief Executive Officer Look, were -- our stated goal for our SME business is be the working capital provider for small businesses",2022 Q2,1,Executive & Financial
And so I think that what were trying to do is to be able to provide liquidity to them using cards,2022 Q2,0,Growth & Spending
Weve got some short-term working capital loans,2022 Q2,0,Growth & Spending
Weve got some shorter-term term loans,2022 Q2,0,Growth & Spending
And theyre taking advantage of it,2022 Q2,-1,General
But Ill send you back to the pandemic,2022 Q2,0,Growth & Spending
"I mean when you look at our small business base, I think everybody was really concerned about how stressed this was because -- or how stressed this could be because of what the perception is the makeup of small businesses",2022 Q2,0,Growth & Spending
And Ive said this over and over again,2022 Q2,0,Growth & Spending
"When people think about small businesses, they think about restaurants and they think about small retail on Main Street",2022 Q2,0,Growth & Spending
And its much more than that,2022 Q2,0,Growth & Spending
And so I think that -- and you saw how we performed,2022 Q2,-1,General
I mean our credit metrics performed brilliantly through the pandemic,2022 Q2,-1,General
"And weve always grown in the last few years a little bit -- well, pre-pandemic, weve always grown faster than the market",2022 Q2,0,Growth & Spending
We have a very low share of our small businesses lending volume relative to their spending volume,2022 Q2,0,Growth & Spending
"I mean we probably have over 40 of their spending volume, but 40 of the spending level, but we have less than maybe 20 of the land",2022 Q2,0,Growth & Spending
"So there is opportunity, and we will go after this opportunity the same way we go after everything else, in a very measured, analytical, and risk-adjusted way",2022 Q2,0,Growth & Spending
And so were not trying to grow crazily,2022 Q2,0,Growth & Spending
We are just providing our customers with what they need,2022 Q2,0,Growth & Spending
"Having said that, I think youve seen our ability to pivot, and if need be, we will pivot again",2022 Q2,-1,General
"But what I do really love about our small business base, not only that it continues to grow, but it is so diverse across so many different types of industries, and thats really, really, really important",2022 Q2,0,Growth & Spending
Operator Our next question is coming from Bob Napoli of William Blair,2022 Q2,1,Executive & Financial
Please go ahead,2022 Q2,2,Customer & Cards
Bob Napoli -- William Blair and Company -- Analyst Thank you,2022 Q2,1,Executive & Financial
"Good morning, and also congratulations on the super strong numbers",2022 Q2,3,Outlook & Guidance
Really great to see,2022 Q2,2,Customer & Cards
"I guess maybe a question on network coverage, one of your key areas of focus and incremental investment",2022 Q2,0,Growth & Spending
And just maybe any update on how youre performing versus your plan on network expansion,2022 Q2,0,Growth & Spending
"Either kind of -- obviously, international seems like where you have the most opportunity from a network expansion",2022 Q2,0,Growth & Spending
Any thoughts on or any metrics you can give on international and your thoughts on where your coverage should be internationally over the long term,2022 Q2,0,Growth & Spending
Steve Squeri -- Chairman and Chief Executive Officer Yes,2022 Q2,1,Executive & Financial
"Look, I mean, from a U.S",2022 Q2,0,Growth & Spending
"perspective, we continue to remain in parity coverage, and as we -- virtual parity coverage",2022 Q2,0,Growth & Spending
"And as we said, it doesnt mean youre not going to run into somebody that doesnt accept the card now and again",2022 Q2,0,Growth & Spending
"But usually, its -- when we do that, were able to sign them up because its sort of old news in terms of what the rates are and how we -- and so forth",2022 Q2,0,Growth & Spending
"So Im not really can -- I should say, Im not concerned about the U.S",2022 Q2,0,Growth & Spending
But I like where we are in the U.S,2022 Q2,0,Growth & Spending
and I like our approach to the U.S,2022 Q2,0,Growth & Spending
"From international, I think weve been really, really, really clear",2022 Q2,-1,General
"Weve been focusing on priority cities and continuing to drive those numbers higher, and those continue to do well",2022 Q2,-1,General
"Weve probably signed well over 3 million merchants this year, which is -- I think were on pace to sign as many as we did last year from an international perspective",2022 Q2,-1,General
"And well continue to provide information, not on a quarterly basis, but on an as-needed basis to show you that the progress that were making",2022 Q2,0,Growth & Spending
But were really pleased with the progress that were making in our priority cities,2022 Q2,-1,General
And that doesnt mean were not focused on signing every merchant that doesnt accept the card,2022 Q2,0,Growth & Spending
We do,2022 Q2,0,Growth & Spending
But we think its more important to sign those merchants where card members actually are,2022 Q2,0,Growth & Spending
And thats why the priority cities and the priority countries are so important for us,2022 Q2,-1,General
And we feel really good about it,2022 Q2,0,Growth & Spending
"And you only have to look at the international spending to say, is it really working? And when you look at sort of our international spending this year, its up higher than our consumer spending year over year for this quarter",2022 Q2,0,Growth & Spending
So its a big driver for growth for us,2022 Q2,0,Growth & Spending
Operator The next question is coming from Mark DeVries of Barclays,2022 Q2,1,Executive & Financial
Please go ahead,2022 Q2,2,Customer & Cards
Mark DeVries -- Barclays -- Analyst Thanks,2022 Q2,1,Executive & Financial
I had a question for Steve about the 48 growth in millennials and Gen Zs,2022 Q2,0,Growth & Spending
"I assume its normal for the younger generations to have stronger growth, just as a combination of what I assume are kind of stronger new account acquisitions and also just the ramping of spend as they age and their incomes grow",2022 Q2,-1,General
Can you give us a sense of what the breakdown is in that 48 between new account acquisition and then actual organic spend on an individual account basis? I know you indicated that they are spending more than previous newcomers,2022 Q2,0,Growth & Spending
"But any sense of kind of dimensionalizing that, how that compares? And then just finally on comparing across the different cohorts",2022 Q2,0,Growth & Spending
Kind of how -- what your market share is for these newer cohorts compared to Gen X and boomers at points in their age? Steve Squeri -- Chairman and Chief Executive Officer Yes,2022 Q2,0,Growth & Spending
So we dont really get into all of that either in our release or talk about,2022 Q2,-1,General
But let me give you a couple of points,2022 Q2,-1,General
"When we look at sort of how were getting card member spending, we really look at share of wallet",2022 Q2,-1,General
Share of wallet is really important for us,2022 Q2,-1,General
"And from millennials and Gen Zs, were getting a higher share of their wallets off the bat",2022 Q2,0,Growth & Spending
Thats key,2022 Q2,0,Growth & Spending
"Because what happens is, with a lot of our boomers and so forth, and especially our boomers, they were used to an American Express that was accepted in a limited universe",2022 Q2,-1,General
Our Gen Z and our millennials are used to an American Express thats really accepted everywhere,2022 Q2,0,Growth & Spending
"And so were able to penetrate their wallets more right out of the gate because, number one, theyre more card savvy, and they tend to use no cash",2022 Q2,0,Growth & Spending
"And theyre more value proposition savvy, and they tend to figure out how to utilize the card in the best way for them",2022 Q2,0,Growth & Spending
And so were getting a higher percentage of their wallet,2022 Q2,0,Growth & Spending
"As they grow, as their wallets grow, as they progress through life, our aim is to continue to keep that wallet share",2022 Q2,-1,General
And thats a big deal,2022 Q2,0,Growth & Spending
"Plus, as you acquire Gen Zs and millennials, they tend to have a longer runway for tenure with the card product",2022 Q2,0,Growth & Spending
"As far as the 48 growth and breaking it out sort of -- I mean, really what youre asking for is same-store sales versus new store sales",2022 Q2,-1,General
I dont really have that at the tip of my fingertips here,2022 Q2,-1,General
Jeff Campbell -- Chief Financial Officer Yes,2022 Q2,1,Executive & Financial
"We dont disclose the exact numbers, Mark",2022 Q2,0,Growth & Spending
"But we do pull it apart, just like you described",2022 Q2,-1,General
And we certainly have made the point that a disproportionate share of our new account acquisitions are going to that millennial and Gen Z demographic,2022 Q2,0,Growth & Spending
"But then when you break out, just to Steves raised the same-store sales, it is also the fastest-growing demographic on a same-store sales basis",2022 Q2,-1,General
"So both contribute, both the same-store sales effect and the fact that they are disproportionate, and our new customers",2022 Q2,-1,General
Operator The next question is coming from Dominick Gabriele of Oppenheimer,2022 Q2,1,Executive & Financial
Please go ahead,2022 Q2,2,Customer & Cards
Dominick Gabriele -- Oppenheimer and Company -- Analyst Hey,2022 Q2,1,Executive & Financial
Great,2022 Q2,2,Customer & Cards
Thank you so much,2022 Q2,2,Customer & Cards
"Obviously, youre reporting incredibly strong recovery spending numbers",2022 Q2,0,Growth & Spending
"If you just think about the spending cycle and inflation-boosting nominal PCE versus real PCE, how should we think about the effects on your high-end consumer base versus the average U.S",2022 Q2,0,Growth & Spending
"consumer in terms of their susceptibility to a spending slowdown? And perhaps, why could this customer base that you have act differently versus the average consumer in the next spending cycle? And Im just talking about total spending, if you -- if that works",2022 Q2,0,Growth & Spending
"Steve Squeri -- Chairman and Chief Executive Officer Well, I think the simple answer is they have more money",2022 Q2,1,Executive & Financial
"But when you look at sort of whats going on in the economy and the stock market going up and down, weve never really been tied to that",2022 Q2,0,Growth & Spending
"I mean -- and Ive been here for forever, right, 35 years or so",2022 Q2,-1,General
And Ive never seen a correlation between that,2022 Q2,-1,General
What I have seen a correlation between is sort of unemployment and people losing their jobs and not being able to pay their bills,2022 Q2,0,Growth & Spending
And so thats potentially an issue down the road,2022 Q2,0,Growth & Spending
"But were in a very crazy sort of environment, and Jeff called this out in his own remarks",2022 Q2,3,Outlook & Guidance
"I mean, weve got high inflation and low unemployment",2022 Q2,-1,General
And its actually hard to hire people right now,2022 Q2,-1,General
"And so yes, youre seeing some layoffs and some companies talking about slowing down their hiring and things like that",2022 Q2,0,Growth & Spending
But its not broad-based and its not broad scale at this particular point in time,2022 Q2,-1,General
"And so I think as far as I look at this -- the cohort that we have, which is a small segment, right, of the U.S",2022 Q2,0,Growth & Spending
"population, but a very powerful segment of the U.S",2022 Q2,0,Growth & Spending
"population, you would have to see a huge credit crunch driven by unemployment, I think, for this cohort to be hit",2022 Q2,0,Growth & Spending
"The other thing I would say is, when we pull apart our numbers, this spending is not inflation-driven",2022 Q2,0,Growth & Spending
And thats not to say theres not inflation in these numbers,2022 Q2,0,Growth & Spending
"But you have to remember that coming out at the end of last year, when no one wanted to talk about it, we had inflation in those numbers last year",2022 Q2,0,Growth & Spending
"So whether you look at 8 or 9 sort of spending inflation out there in the environment, its not an 8 -- 8 or 9 benefit to our business because you do have a grow over",2022 Q2,0,Growth & Spending
But the most important thing for us is were seeing an increase in transactions,2022 Q2,0,Growth & Spending
"And thats whats really driving our growth right now, is an increase in overall transactions in our business",2022 Q2,0,Growth & Spending
And thats an important indicator for us,2022 Q2,0,Growth & Spending
"We look at not only transactions, but we look at transaction size",2022 Q2,0,Growth & Spending
And then we look at that transaction size a little bit on a normalized basis as you take the effects of inflation out,2022 Q2,0,Growth & Spending
And weve got real growth when you do that,2022 Q2,0,Growth & Spending
Jeff Campbell -- Chief Financial Officer Yes,2022 Q2,1,Executive & Financial
"The only thing Id add is that we have said consistently, a modest level of inflation, and Id still use the word modest for where we are, absent a spike in unemployment, like Steve said, is generally net a positive thing for our business",2022 Q2,0,Growth & Spending
It helps revenues a little bit,2022 Q2,0,Growth & Spending
It puts a little pressure on cost,2022 Q2,0,Growth & Spending
But it nets to a positive,2022 Q2,-1,General
"And as long as the labor market stays where it is, thats why we feel pretty good about the guidance weve given you for the rest of the year",2022 Q2,0,Growth & Spending
Operator The next question is coming from Bill Carcache of Wolfe Research,2022 Q2,1,Executive & Financial
Please go ahead,2022 Q2,2,Customer & Cards
Bill Carcache -- Wolfe Research -- Analyst Thank you,2022 Q2,1,Executive & Financial
"Good morning, Steve and Jeff",2022 Q2,3,Outlook & Guidance
"Could you speak to how much the competitive environment for high-spending customers has intensified post-pandemic, particularly as other issuers look to compete beyond cash rewards to provide their customers with greater experiential value by investing in things like airline lounges, travel portals, and the like? And then I guess more specifically on -- if I may just squeeze in on the acceleration in spending among large global corporates",2022 Q2,0,Growth & Spending
Could you discuss which products are enjoying the greatest uplift there? Steve Squeri -- Chairman and Chief Executive Officer Yes,2022 Q2,1,Executive & Financial
"I mean, this environment has been a highly competitive environment since the financial crisis",2022 Q2,0,Growth & Spending
And it hasnt really changed,2022 Q2,0,Growth & Spending
Yes,2022 Q2,2,Customer & Cards
"I mean, us in more things",2022 Q2,0,Growth & Spending
I mean weve all raised the price of poker here a little bit,2022 Q2,0,Growth & Spending
But we figure our competitors will continue to invest,2022 Q2,0,Growth & Spending
We figure that our competitors will copy what were doing,2022 Q2,0,Growth & Spending
And thats why its important for us to stay ahead,2022 Q2,-1,General
"And so has it intensified? I mean we just work under the assumption, its a highly competitive environment, and it will remain a highly competitive environment",2022 Q2,0,Growth & Spending
And youre really talking about the U.S,2022 Q2,0,Growth & Spending
"consumer segment, but youve got high competition in small business",2022 Q2,0,Growth & Spending
Youve got high competition in various markets,2022 Q2,0,Growth & Spending
Youve got high competition in corporate card,2022 Q2,0,Growth & Spending
But what we strive to do is put the best products and services out there,2022 Q2,0,Growth & Spending
And thats worked out pretty well for us,2022 Q2,0,Growth & Spending
"And so yes, it requires a little bit more investment",2022 Q2,0,Growth & Spending
It requires investment across the board,2022 Q2,0,Growth & Spending
"But in the long run, I think you just have to look at the results",2022 Q2,-1,General
"And right now, were acquiring more cards than weve ever acquired",2022 Q2,0,Growth & Spending
But weve said this before,2022 Q2,0,Growth & Spending
Whats really important for us is that were looking to acquire revenues and were looking to acquire billed business,2022 Q2,-1,General
We talk in terms of cards,2022 Q2,0,Growth & Spending
"But those cards are generating new billed business and generating revenue for us, obviously, because were raising our revenue guidance",2022 Q2,0,Growth & Spending
"As far as corporate, Im not sure I really understand the question all that much",2022 Q2,-1,General
But we only have a corporate card,2022 Q2,0,Growth & Spending
"So -- and yes, companies are spending",2022 Q2,0,Growth & Spending
But were only at 60 -- our TE is only at 60,2022 Q2,0,Growth & Spending
"And Jeff, where are we overall on corporate card spending? I dont know",2022 Q2,-1,General
Jeff Campbell -- Chief Financial Officer Its a little higher because the travel never went down as much,2022 Q2,1,Executive & Financial
So the overall number is at about closer to 80 pre-pandemic,2022 Q2,0,Growth & Spending
Steve Squeri -- Chairman and Chief Executive Officer So -- but were not back yet,2022 Q2,1,Executive & Financial
But youre seeing pockets of it and consultants are back out there on the road and bankers are back out there on the road,2022 Q2,0,Growth & Spending
And I think people are having a lot more meetings,2022 Q2,-1,General
"I know we had one in June, and it was hard to get conference room space for like 100 or 150 people",2022 Q2,0,Growth & Spending
"And even looking to book for next year for the same type of meeting, boy, people are out there booking a year, year and a half in advance",2022 Q2,0,Growth & Spending
And I think thats good for the lodging business,2022 Q2,0,Growth & Spending
Its good for the airline business,2022 Q2,0,Growth & Spending
Its good for us,2022 Q2,0,Growth & Spending
So thats kind of where it is,2022 Q2,0,Growth & Spending
Operator The next question is coming from Lisa Ellis of MoffetNathanson,2022 Q2,1,Executive & Financial
Please go ahead,2022 Q2,2,Customer & Cards
Lisa Ellis -- MoffetNathanson -- Analyst Hi,2022 Q2,1,Executive & Financial
Good morning,2022 Q2,3,Outlook & Guidance
Thanks for taking my question,2022 Q2,2,Customer & Cards
"Steve and Jeff, youve commented earlier on some of the near-term investments that youre making given the strong growth in top line youre seeing in wages and marketing, etc",2022 Q2,0,Growth & Spending
"Can you also comment a bit perhaps on some of the longer-term investments that youre leaning in on, kind of taking advantage of the strong growth in the business to be able to lean in and position Amex even better for the next sort of three to five years? Steve Squeri -- Chairman and Chief Executive Officer Yes",2022 Q2,0,Growth & Spending
"Well, I mean, were always making -- theres always the balance between long-term investments and short-term investments",2022 Q2,0,Growth & Spending
And we dont talk a lot about the long-term investments until they actually happen,2022 Q2,0,Growth & Spending
"But you have to invest in your technology, and weve done that",2022 Q2,0,Growth & Spending
"And Ive talked about that before because weve been one of the only companies that have said, were not taking step function changes in our technology investment because weve been investing in technology all along",2022 Q2,0,Growth & Spending
Were constantly investing in value proposition,2022 Q2,-1,General
"And when people look at that, and we sit here on the phone here and we talk about it, like, OK, so what are you going to do to the Platinum card? Well, its not the Platinum card",2022 Q2,0,Growth & Spending
"Its the 29 proprietary countries that we operate in, the small business cards that we operate in those countries and the corporate cards we operate in those countries and the co-brand cards we operate in those countries and the personal cards, green gold, Platinum",2022 Q2,0,Growth & Spending
"And so were constantly investing, and I think we use the Platinum Card in the U.S",2022 Q2,0,Growth & Spending
"either business or personal as a proxy for our overall investment, and thats not it, because were investing in all our card products across the globe on an ongoing basis",2022 Q2,0,Growth & Spending
"You cant have product refreshes by just snapping your fingers and saying, hey, were going to have a product refresh",2022 Q2,0,Growth & Spending
This is months and months and months in the making and negotiations and partnerships and so forth,2022 Q2,-1,General
"But look, we continue to invest in our lounge program",2022 Q2,0,Growth & Spending
We continue to look at those things that add more value,2022 Q2,-1,General
"I mean youve seen the expansion of things that weve done, whether its checking accounts and debit cards for our consumers and our small businesses",2022 Q2,-1,General
And what were trying to do is to create more stickiness and more reason to interact with American Express on an ongoing basis,2022 Q2,-1,General
"I mean just look at sort of how the services around our card products have evolved over the last few years, whether that be from a small business perspective where we can meet a wide variety of reworking capital needs, banking needs, and so forth, and then look at it from a consumer perspective and look at what weve done with resi, with over 30 million registered users on resi, and we have cards on file, a huge acquisition",2022 Q2,0,Growth & Spending
"So well continue to make those longer-term investments, but youll continue to hear about them as they happen",2022 Q2,0,Growth & Spending
Operator The next question is coming from Moshe Orenbuch of Credit Suisse,2022 Q2,-1,General
Please go ahead,2022 Q2,2,Customer & Cards
Moshe Orenbuch -- Credit Suisse -- Analyst Great,2022 Q2,-1,General
Thanks,2022 Q2,2,Customer & Cards
"And, Steve, certainly note your comments that youre not anticipating a recession in the next couple of quarters given what youre seeing in your customer base",2022 Q2,0,Growth & Spending
"But could you just talk conceptually about how you think about account acquisition in terms of kind of new accounts, a high level of new accounts? Obviously, industry as a whole is still doing that",2022 Q2,0,Growth & Spending
"But clearly, less seasoned accounts are the ones that always would carry somewhat more risk",2022 Q2,0,Growth & Spending
"And maybe talk about the things you do to kind of mitigate that or steps you would take if you saw that and the rates start to rise? Jeff Campbell -- Chief Financial Officer Well, let me maybe start, Moshe, by just reminding everyone of the highly analytical process we have for determining who we bring into membership in the franchise",2022 Q2,-1,General
"And its based on searching for that premium customer, whether they are a consumer or a small business",2022 Q2,0,Growth & Spending
Its based on the vast amounts of data and history we have,2022 Q2,0,Growth & Spending
And its based on having very high financial cutoffs for who we allow into the franchise or not,2022 Q2,-1,General
"And when you look at the outcome of that process right now, we are on average bringing in new customers who have higher credit qualities than when we saw pre-pandemic in 2019, who are showing much higher spending profiles and who are also carrying balances at a greater rate",2022 Q2,-1,General
So we feel really good about the people were bringing into the franchise,2022 Q2,-1,General
"And as youve heard Steve and I and Doug and others talk about, we also always, when we bring people, in model their results, assuming there will be a recession",2022 Q2,0,Growth & Spending
"I dont know when there will be a recession, but there wealthy",2022 Q2,0,Growth & Spending
And so we build a through-the-cycle view of the economics right into our upfront calculation of whether we think its a good idea or not to bring a given customer into the franchise at a given level of marketing spend,2022 Q2,-1,General
Steve Squeri -- Chairman and Chief Executive Officer Yes,2022 Q2,1,Executive & Financial
And the other thing Id say is that changes -- that can change daily,2022 Q2,0,Growth & Spending
That can change weekly,2022 Q2,0,Growth & Spending
Those criteria could change monthly,2022 Q2,-1,General
It all depends on how were looking at and what our models are showing and what were feeling,2022 Q2,0,Growth & Spending
"The other reality is we could lower our thresholds, spend even a lot more money",2022 Q2,0,Growth & Spending
But theres that balance that you have and that balance of making sure that were growing the bottom line is -- in an appropriate fashion and also making sure that we have a higher quality consumer and small business as part of our franchise,2022 Q2,-1,General
"But it is something thats been developed over many, many years",2022 Q2,0,Growth & Spending
And its not static,2022 Q2,-1,General
I mean I think thats the key point,2022 Q2,0,Growth & Spending
This thing is not static,2022 Q2,-1,General
And we continue to adjust it and modify it,2022 Q2,-1,General
"Jeff Campbell -- Chief Financial Officer Steve, the other thing I would add, and Im going to quote you, is we run the company for the long term",2022 Q2,1,Executive & Financial
We make these decisions on a through the cycle basis,2022 Q2,-1,General
There will be a recession at some point,2022 Q2,0,Growth & Spending
I dont know when,2022 Q2,-1,General
But the thing about recessions is theyre always followed by a recovery,2022 Q2,0,Growth & Spending
And were running the company to achieve the highest possible sustainable level of long-term growth,2022 Q2,-1,General
And we think that the process we have and the analytics we have for bringing people into the franchise are very consistent with that,2022 Q2,-1,General
Operator The next question is coming from Chris Donat of Piper Sandler,2022 Q2,1,Executive & Financial
Please go ahead,2022 Q2,2,Customer & Cards
Chris Donat -- Piper Sandler -- Analyst Good morning,2022 Q2,1,Executive & Financial
Thanks for taking my question,2022 Q2,2,Customer & Cards
I wanted to dig -- try to dig a little deeper on the travel and entertainment recovery and the Slide 23 you had and revisit the question of a possible pull forward,2022 Q2,0,Growth & Spending
"I heard the commentary around bookings, and so that seems good for visibility for airlines and lodging",2022 Q2,0,Growth & Spending
"What Im wondering about is, should there be any reason to be concerned around restaurant spending, which has been really strong? And is restaurant spending highly correlated with lodging and airlines so maybe we dont need to worry about it? Or just if youre seeing anything that could be a cause for concern and maybe future pullback in restaurants? Steve Squeri -- Chairman and Chief Executive Officer The only thing I would say is that if restaurant spending is really highly correlated with lodging and airlines, youre going to expect it to go up",2022 Q2,0,Growth & Spending
"But I think, look, I mean, anybody thats been to a restaurant, prices are a little bit higher because theyre -- they got wages and they got fluid costs and so forth",2022 Q2,0,Growth & Spending
"But look, from my perspective, restaurants really -- sort of a lot of them change their business models during the pandemic because restaurants that werent doing takeout do take out",2022 Q2,0,Growth & Spending
"And so people are eating out a lot more, and theyre spending more time at restaurants and ordering for restaurants",2022 Q2,0,Growth & Spending
"So no, I really dont think its highly correlated at all",2022 Q2,-1,General
"And in fact, if you took restaurant out, and we just said travel, and travel being defined as car rental, lodging and air, were not back yet, right? Whats pulling TE over the finish line here to go past that 2019 is truly restaurants",2022 Q2,0,Growth & Spending
"So if anything, as people travel more, you might see more restaurant spending",2022 Q2,0,Growth & Spending
"And the other side of that is, well, you wont see more restaurant spending because now lead to different locations",2022 Q2,0,Growth & Spending
So I dont think its -- I dont think a pullback here will really hurt restaurants all that much,2022 Q2,-1,General
Operator The next question is coming from Rick Shane of J.P,2022 Q2,1,Executive & Financial
Morgan,2022 Q2,1,Executive & Financial
Please go ahead,2022 Q2,2,Customer & Cards
Rick Shane -- J.P,2022 Q2,1,Executive & Financial
"Morgan -- Analyst Thanks, guys, for taking my question",2022 Q2,1,Executive & Financial
"When I think about the numbers, two things stand out",2022 Q2,0,Growth & Spending
One is the loan growth and the other is obviously the strong penetration for millennial and Gen Z card growth,2022 Q2,0,Growth & Spending
"I am curious if -- as millennials and Gen Z customers are taking cards, if those are being delivered with additional features enabled on borrow? Or are there behavioral factors that are causing your younger demographic to borrow more? Jeff Campbell -- Chief Financial Officer Well, maybe Ill start, Steve",2022 Q2,0,Growth & Spending
"So first, we have moved over the last couple of years, Rick, to add to the majority of our charge products a pay over time capability",2022 Q2,-1,General
"For existing card members, that phases in in a variety of ways",2022 Q2,0,Growth & Spending
"For new card members, that capability is on as it is as they get the card",2022 Q2,0,Growth & Spending
So I do think that has some impact on our results,2022 Q2,-1,General
"There also is a demographic feature, as I talked about earlier",2022 Q2,0,Growth & Spending
"If you look at who were bringing into the franchise now, and there is a skew toward the millennials and Gen Zs, they are higher spending, higher credit quality",2022 Q2,0,Growth & Spending
And there is a propensity to carry balances that is a little higher than what we see in the older demographic,2022 Q2,-1,General
Steve Squeri -- Chairman and Chief Executive Officer Yes,2022 Q2,1,Executive & Financial
"And they also tend to use our pay and plan it feature a little bit more, which is -- and Ill use these words, buy now, pay later, but on the back end as opposed to a point of sale",2022 Q2,-1,General
"I mean, they can go on to their statement and decide, look, for this particular charge, Im going to pay it in six installments, and Im going to pay it at 100 a month",2022 Q2,0,Growth & Spending
But Im going to pay the rest of my balance in full,2022 Q2,-1,General
"So I think that ability of looking at your statement, deciding which things you might want to pay in an installment, deciding which thing you might want to use Pay with Points to pay, deciding which thing you may want to revolve and then deciding which things you want to pay in full is a pretty good feature of the product",2022 Q2,-1,General
"And so when you look at meeting somebodys entire payment needs, that kind of does it in one-stop shopping",2022 Q2,-1,General
Operator The next question is coming from Mihir Bhatia of Bank of America,2022 Q2,1,Executive & Financial
Please go ahead,2022 Q2,2,Customer & Cards
"Mihir Bhatia -- Bank of America Merrill Lynch -- Analyst Good morning, and thank you for taking my questions",2022 Q2,1,Executive & Financial
"I wanted to ask a little bit about just longer term, right? I mean I appreciate your comments about making investments now while the opportunity is available",2022 Q2,0,Growth & Spending
"But I was wondering just longer term, for example, in 2023, youve guided to longer -- higher than longer-term revenue growth in 2023",2022 Q2,0,Growth & Spending
"So will that also translate in higher than long-term EPS growth or higher than long-term PPNR growth? Or is there just so much white space available for you, just the amount of growth opportunity that 2023 could also be another big investment year? Just trying to understand how you balance that, all this revenue upside you see versus the investment opportunities available to you",2022 Q2,-1,General
"Jeff Campbell -- Chief Financial Officer Well, I cant resist my start by pointing out that, yes, Steve and I talked a lot about the heavy investments that were making this year",2022 Q2,1,Executive & Financial
"Were also growing our pre-tax pre-provision profit by 27 this quarter, in line with the 31 revenue growth",2022 Q2,0,Growth & Spending
"Look, as Steve said earlier, well have to see",2022 Q2,3,Outlook & Guidance
I think we feel really good about the revenue momentum we have,2022 Q2,-1,General
"And so just mathematically, given our long-term sustainable goals and a steady-state environment for 2024 and beyond, I expect to be above that -- easily above the 10 level on revenue growth next year",2022 Q2,-1,General
How much? Dont know,2022 Q2,-1,General
Well have to see,2022 Q2,0,Growth & Spending
And that provides a pretty darn good platform for good earnings growth,2022 Q2,-1,General
"All that said, its only July 22",2022 Q2,-1,General
We havent given you specific guidance for next year,2022 Q2,-1,General
"And the wildcard from a GAAP EPS perspective in all this is the volatility that youve seen so much of in the last 10 quarters in the CECL credit reserves because we have good, I think, visibility and beliefs about the trajectory of our own business",2022 Q2,-1,General
But the consensus macroeconomic forecast and how it evolves is going to have a big influence on what we book for credit reserves,2022 Q2,0,Growth & Spending
"Steve Squeri -- Chairman and Chief Executive Officer But just think of how those two numbers that Jeff threw out, 31 revenue growth and 27 PPNR growth",2022 Q2,1,Executive & Financial
"Would you have felt better if it was 32, and we decided not to invest? I wouldnt",2022 Q2,-1,General
"And I think whats really important, and Ill take you back to Investor Day",2022 Q2,0,Growth & Spending
This is a flywheel,2022 Q2,-1,General
Scale is important,2022 Q2,-1,General
Scale begets more scale,2022 Q2,-1,General
"And not crazy scale, but scale with premium card members from a small business perspective and a consumer perspective that merchants want to see and merchants want to provide value to, which continues that strength in the flywheel",2022 Q2,0,Growth & Spending
And thats one thing,2022 Q2,0,Growth & Spending
"As you know, we talked about, do you see more competition? The one thing that is really, really hard to replicate, and we havent used these words, but this enclosed cycle that we have, otherwise known as the famous closed loop, the ability to have those merchants and have those card members and to be able to feed off one another from a value perspective is really, really critical",2022 Q2,0,Growth & Spending
"And the value that were able to provide merchants with high spending card members and the value that those merchants are able to provide to our card members is really, really important",2022 Q2,0,Growth & Spending
"And so as we sit here and look at our business and look at it long term, whats really important is that growth and that sustainable growth",2022 Q2,-1,General
"And again, throw all the noise out around CECL and credit reserve releases and bills and so forth",2022 Q2,0,Growth & Spending
"And if you focus on that number, well, 31 and 27 is pretty good",2022 Q2,0,Growth & Spending
And so we feel really good about the level of investment that weve made in the business,2022 Q2,0,Growth & Spending
"And quite honestly, dont necessarily focus on any of those individual line items, but focus on the aggregate in what its driving and the value its creating",2022 Q2,0,Growth & Spending
"And if youre just going to measure value through a quarterly EPS growth, youre missing the point",2022 Q2,0,Growth & Spending
What you need to measure value is on how sustainable your business model is over the long term,2022 Q2,0,Growth & Spending
And all were doing is enhancing our business model over the long term with these investments,2022 Q2,-1,General
Operator Our final question will come from Don Fandetti of Wells Fargo,2022 Q2,1,Executive & Financial
Please go ahead,2022 Q2,2,Customer & Cards
Don Fandetti -- Wells Fargo Securities -- Analyst Hi,2022 Q2,1,Executive & Financial
Good morning,2022 Q2,3,Outlook & Guidance
"Can you provide an update on B2B progress? Are you seeing small businesses accelerate their automation of accounts payable? And also, large corporates on the supplier side, are they accepting more cards? Steve Squeri -- Chairman and Chief Executive Officer The short answer is yes",2022 Q2,0,Growth & Spending
"We dont -- were not sharing all the statistics, but small businesses continue",2022 Q2,0,Growth & Spending
"When you look at our small business base, probably over 8 of their spending is B2B spending versus TE spending",2022 Q2,0,Growth & Spending
And we continue to see ACOM pay go up for us,2022 Q2,-1,General
Our partnerships continue to yield more value,2022 Q2,0,Growth & Spending
"Were seeing -- what Jeff talked about it, were about 80 of where we were from a corporate card perspective, but yet only 60 from a travel perspective",2022 Q2,-1,General
So thats driven by more B2B,2022 Q2,0,Growth & Spending
"But its not -- when you look at that automation of B2B, some of it is automation of existing business, especially in the small businesses",2022 Q2,0,Growth & Spending
Some of it is growth,2022 Q2,0,Growth & Spending
But it still continues to be a long-term play,2022 Q2,-1,General
But youre seeing more suppliers take it,2022 Q2,0,Growth & Spending
And well continue to work toward getting more acceptance and leveraging our flexible model here to be able to work with suppliers and our small businesses and our corporations to drive more acceptance and to drive more spend,2022 Q2,-1,General
Kerri Bernstein -- Head of Investor Relations Great,2022 Q2,1,Executive & Financial
"With that, we will bring the call to an end",2022 Q2,0,Growth & Spending
Thank you again for joining todays call and for your continued interest in American Express,2022 Q2,2,Customer & Cards
The IR team will be available for any follow-up questions,2022 Q2,-1,General
"Operator, back to you",2022 Q2,-1,General
"Operator Ladies and gentlemen, the webcast replay will be available on our Investor Relations website at ir.americanexpress.com shortly after the call",2022 Q2,-1,General
"You can also access a digital replay of the call at 877660-6853 or 201-612-7415, access code of 13729997 after 100 p.m",2022 Q2,-1,General
"Eastern Time on July 22 through midnight, July 30",2022 Q2,-1,General
"Operator signoff Duration 0 minutes Kerri Bernstein -- Head of Investor Relations Steve Squeri -- Chairman and Chief Executive Officer Jeff Campbell -- Chief Financial Officer Ryan Nash -- Goldman Sachs -- Analyst Sanjay Sakhrani -- Keefe, Bruyette and Woods -- Analyst Betsy Graseck -- Morgan Stanley -- Analyst Bob Napoli -- William Blair and Company -- Analyst Mark DeVries -- Barclays -- Analyst Dominick Gabriele -- Oppenheimer and Company -- Analyst Bill Carcache -- Wolfe Research -- Analyst Lisa Ellis -- MoffetNathanson -- Analyst Moshe Orenbuch -- Credit Suisse -- Analyst Chris Donat -- Piper Sandler -- Analyst Rick Shane -- J.P",2022 Q2,1,Executive & Financial
Morgan -- Analyst Mihir Bhatia -- Bank of America Merrill Lynch -- Analyst Don Fandetti -- Wells Fargo Securities -- Analyst More AXP analysis All earnings call transcripts This article is a transcript of this conference call produced for The Motley Fool,2022 Q2,1,Executive & Financial
"While we strive for our Foolish Best, there may be errors, omissions, or inaccuracies in this transcript",2022 Q2,4,Other
"As with all our articles, The Motley Fool does not assume any responsibility for your use of this content, and we strongly encourage you to do your own research, including listening to the call yourself and reading the companys SEC filings",2022 Q2,1,Executive & Financial
"Please see our Terms and Conditions for additional details, including our Obligatory Capitalized Disclaimers of Liability",2022 Q2,-1,General
"American Express is an advertising partner of The Ascent, a Motley Fool company",2022 Q2,-1,General
The Motley Fool has no position in any of the stocks mentioned,2022 Q2,1,Executive & Financial
The Motley Fool has a disclosure policy,2022 Q2,1,Executive & Financial
Average returns of all recommendations since inception,2022 Q2,-1,General
Cost basis and return based on previous market day close,2022 Q2,-1,General
Invest better with The Motley Fool,2022 Q2,1,Executive & Financial
"Get stock recommendations, portfolio guidance, and more from The Motley Fools premium services",2022 Q2,1,Executive & Financial
"Making the world smarter, happier, and richer",2022 Q2,-1,General
 1995 - 2026 The Motley Fool,2022 Q2,1,Executive & Financial
All rights reserved,2022 Q2,0,Growth & Spending
Market data powered by Xignite and Polygon.io,2022 Q2,2,Customer & Cards
"About The Motley Fool Our Services Around the Globe Free Tools Affiliates  Friends AXP earnings call for the period ending June 30, 2022.",2022 Q2,2,Customer & Cards
"Operator Ladies and gentlemen, thank you for standing by",2022 Q3,2,Customer & Cards
Welcome to the American Express Q3 2022 earnings call,2022 Q3,-1,General
"Operator instructions I would now like to turn the conference over to our host, head of investor relations, Ms",2022 Q3,-1,General
Kerri Bernstein,2022 Q3,1,Executive & Financial
Please go ahead,2022 Q3,2,Customer & Cards
"Kerri Bernstein -- Head of Investor Relations Thank you, Daryl",2022 Q3,1,Executive & Financial
"And thank you, all, for joining todays call",2022 Q3,2,Customer & Cards
"As a reminder, before we begin, todays discussion contains forward-looking statements about the companys future business financial performance",2022 Q3,0,Growth & Spending
These are based on managements current expectations and are subject to risks and uncertainties,2022 Q3,-1,General
Factors that could cause actual results to differ materially from these statements are included in todays presentation slides and in our reports filed with the SEC,2022 Q3,4,Other
The discussion today also contains non-GAAP financial measures,2022 Q3,0,Growth & Spending
"The comparable GAAP financial measures are included in this quarters earnings materials, as well as the earnings materials for the prior periods we discuss",2022 Q3,0,Growth & Spending
All of these are posted on our website at ir.americanexpress.com,2022 Q3,-1,General
"We will begin today with Steve Squeri, chairman and CEO, who will start with some remarks about the companys progress and results",2022 Q3,-1,General
"And then Jeff Campbell, chief financial officer, will provide a more detailed review of our financial performance",2022 Q3,1,Executive & Financial
"After that, well move to a QA session on the results with both Steve and Jeff",2022 Q3,2,Customer & Cards
"With that, let me turn it over to Steve",2022 Q3,3,Outlook & Guidance
"Steve Squeri -- Chairman and Chief Executive Officer Thanks, Kerri",2022 Q3,1,Executive & Financial
"And good morning, everyone",2022 Q3,3,Outlook & Guidance
Thank you for joining us for our third quarter earnings call,2022 Q3,2,Customer & Cards
"As you saw in our release this morning, we had another strong quarter",2022 Q3,0,Growth & Spending
"Revenues grew 27 on an FX-adjusted basis, and earnings per share was 2.47, up 9 over the last year",2022 Q3,0,Growth & Spending
"Our investments to drive customer engagement, acquisitions, and retention once again generated great results, and our credit quality remained strong",2022 Q3,0,Growth & Spending
Card member spending remained at near-record levels in the quarter,2022 Q3,0,Growth & Spending
"Billed business was up 24 on an FX-adjusted basis over the record growth we delivered a year earlier, led by the continued strength in goods and services spending and the ongoing strong rebound in travel and entertainment",2022 Q3,0,Growth & Spending
"As we said earlier this year, we expected the recovery in travel spending to be a tailwind for us",2022 Q3,0,Growth & Spending
But the strength of the rebound has exceeded our expectations throughout the year,2022 Q3,0,Growth & Spending
"In the quarter, total TE spending was up 57 from a year earlier on an FX-adjusted basis, driven by the continued strong demand from consumers and small business customers",2022 Q3,0,Growth & Spending
"Particularly noteworthy is the strength were seeing in TE spending in our international markets, which exceeded pre-pandemic levels for the first time this quarter on FX-adjusted basis",2022 Q3,0,Growth & Spending
"Business travel also continued to recover, and overall activity remained strong through September",2022 Q3,0,Growth & Spending
"Importantly, were seeing increased customer engagement with the wide range of travel and dining benefits and services we offer as part of our membership model",2022 Q3,0,Growth & Spending
"For example, bookings through our consumer travel business reached their highest level since before the pandemic in the third quarter",2022 Q3,0,Growth & Spending
"And in dining, our Resy reservation platform continues to see strong growth",2022 Q3,0,Growth & Spending
"Since we acquired the platform in 2019, Resy uses have tripled to reach 35 million, and we quadrupled the number of restaurants available around the world on Resy",2022 Q3,0,Growth & Spending
Goods and services spending grew 16 year over year,2022 Q3,0,Growth & Spending
"The continued growth in goods and services is supported by the structural shift to online commerce that was accelerated by the pandemic and has been sustained since then, the new online and mobile-oriented benefits we added to our value propositions",2022 Q3,-1,General
"These benefits are particularly attractive to our millennial and Gen Z customer base, which is our fastest growing customer cohort",2022 Q3,0,Growth & Spending
The investments weve made in our value propositions also continue to drive momentum in new card acquisitions,2022 Q3,0,Growth & Spending
"We added 3.3 million new proprietary cards during the quarter, our highest quarterly level of acquisitions since the pandemic began",2022 Q3,0,Growth & Spending
And we continue to see strong uptake of our premium fee-based products with acquisitions of U.S,2022 Q3,0,Growth & Spending
"Consumer Platinum and Gold Cards, as well as U.S",2022 Q3,0,Growth & Spending
Business Platinum Cards reaching record quarterly highs,2022 Q3,0,Growth & Spending
"Millennial and Gen Z customers are powering this growth, comprising more than 60 of our proprietary consumer card acquisitions in the quarter",2022 Q3,0,Growth & Spending
"As we sit here today, we see no changes in the spending behaviors of our customers",2022 Q3,0,Growth & Spending
"And our credit metrics continue to be strong with delinquencies and write-offs remaining at low levels, even as loan balances are steadily rebuilding",2022 Q3,0,Growth & Spending
"Of course, we are thankful of the mixed signals in the broader economy",2022 Q3,-1,General
"As always, we have plans in place to pivot should the operating environment change dramatically",2022 Q3,-1,General
And weve been taking thoughtful risk management actions to be prepared in the event of a downturn,2022 Q3,-1,General
"But as Ive emphasized many times before, we run the company for the long term and make through the cycle investment decisions",2022 Q3,-1,General
"Our strong third quarter results show that our strategy investing in our brands, value propositions, customers, colleagues, technology, and coverage continues to pay off, and our performance is consistent with our long-term growth aspirations",2022 Q3,-1,General
"Looking ahead, we continue to see many great growth opportunities, and we will continue to take actions to best position our business for the long term",2022 Q3,0,Growth & Spending
"As youll recall, our international businesses were among the fastest growing prior to the pandemic, as more countries relaxed their cross-border travel policies and life returns to normal",2022 Q3,0,Growth & Spending
We see tremendous opportunities for growth in key regions despite ongoing macroeconomic geopolitical uncertainties,2022 Q3,-1,General
"To that point, we made an organizational change a few months ago to help seize on these opportunities",2022 Q3,-1,General
"We brought together our international consumer, small business, and large corporate management teams under one leader, which will increase our speed, agility, scale, and efficiency in our operations outside the U.S",2022 Q3,-1,General
"As a result, youll see this quarter, weve introduced a new international card services reporting segment",2022 Q3,0,Growth & Spending
"Looking ahead, we remain confident that the successful execution of our strategy, driven by our outstanding leadership team and the talented colleagues throughout the company, positions us well as we seek to achieve our long-term growth plan aspirations of revenue growth in excess of 10 and mid-teens EPS growth in 2024 and beyond",2022 Q3,0,Growth & Spending
"Based on our performance through the third quarter, we also remain confident in our full year revenue growth guidance of 23 to 25, and we expect to be above our original full year EPS guidance range of 9.25 to 9.65",2022 Q3,0,Growth & Spending
"With that, Ill turn it over to Jeff to provide a detailed overview of our Q3 results",2022 Q3,-1,General
"Jeff Campbell -- Chief Financial Officer Well, thank you, Steve, and good morning, everyone",2022 Q3,1,Executive & Financial
"Good to be here to talk about our third quarter results, which reflect another strong quarter and great progress against our multiyear growth plan",2022 Q3,0,Growth & Spending
Starting with our summary financials on Slide 2,2022 Q3,-1,General
"Most importantly, our third quarter revenues were 13.6 billion, reaching a record high for the second quarter in a row of 27 on an FX-adjusted basis",2022 Q3,0,Growth & Spending
"Now, I would point out that we continue to see a much stronger U.S",2022 Q3,0,Growth & Spending
dollar relative to most of the major currencies in which we operate,2022 Q3,-1,General
"So, you do see a 300 basis point spread between our FX-adjusted revenue growth of 27 and our reported revenue growth of 24, as we absorb some significant foreign exchange headwinds",2022 Q3,0,Growth & Spending
"Of course, the overall impact on our earnings, still a headwind, is less significant because we do have some offsetting positive impacts on the expense side",2022 Q3,0,Growth & Spending
"Our revenue performance in the third quarter drove reported net income of 1.9 billion and earnings per share of 2.47, representing EPS growth of 9 year over year, a great result considering the sizable credit reserve releases we had in the third quarter last year",2022 Q3,0,Growth & Spending
"Because of these prior-year reserve releases, we have also included tax provision income as a supplemental disclosure again this quarter",2022 Q3,0,Growth & Spending
"On this basis, pre-tax provision income was 3.2 billion, up 43 versus the same time period last year, reflecting the growth momentum in our underlying earnings",2022 Q3,0,Growth & Spending
"Before getting into a more detailed look at results, let me spend just a minute briefly explaining how weve evolved our financial reporting for the organizational changes that Steve discussed earlier",2022 Q3,-1,General
"You will see in the disclosures that the earnings release at the beginning of this quarter, we have moved from three to four reportable operating segments",2022 Q3,0,Growth & Spending
We first took global consumer services and split the U.S,2022 Q3,0,Growth & Spending
"into its own segment, creating U.S",2022 Q3,0,Growth & Spending
consumer services,2022 Q3,0,Growth & Spending
"We then combined the international consumer business with the international portion of small- and medium-sized enterprises and large corporate, creating the new international card services segment commercial services that include U.S",2022 Q3,0,Growth & Spending
"SME, U.S",2022 Q3,0,Growth & Spending
"large corporate, and select global corporate clients and lastly, our global merchant and network services segment remains largely unchanged and, as always, includes our global payments network and network partnerships",2022 Q3,-1,General
You will see in the appendix of our disclosures that we have recast prior periods to conform to these new operating segments,2022 Q3,0,Growth & Spending
The new segments will also be reflected in our third quarter Form 10-Q,2022 Q3,-1,General
"Now, lets get into our results, beginning with overall volumes",2022 Q3,-1,General
"Looking at Slides 3 and 4, you can see the continued strength in our card member spending behavior that Steve noted earlier",2022 Q3,-1,General
"Total network volumes and billed business were each up year over year at 23 and 24, respectively, on an FX-adjusted basis in the third quarter",2022 Q3,0,Growth & Spending
"If you were to compare to 2019, third quarter billed business grew 30, accelerating above last quarters growth rate of 28 relative to 2019",2022 Q3,0,Growth & Spending
"And importantly, despite the uncertainties in the current economic environment, our spending trends with performance relative to 2019 strengthened as we went through the quarter",2022 Q3,0,Growth & Spending
"We are really pleased with this growth and the fact you see strong growth across all customer types and geographies, driven by both sustained growth in goods and services spending and continued TE momentum",2022 Q3,-1,General
"On Slide 5 through 8, weve given you a variety of views of this strong growth across our U.S",2022 Q3,0,Growth & Spending
"consumer services, commercial services, and international card services segments, and the various customer types within each",2022 Q3,0,Growth & Spending
"Starting with our largest segment, billings from our U.S",2022 Q3,0,Growth & Spending
"consumer customers grew 22 in the third quarter, reflecting the continued strength and spending trends from our premium U.S",2022 Q3,-1,General
consumers,2022 Q3,0,Growth & Spending
"Millennial and Gen Z customers again drove our highest billed business growth within the segment, with their spending growing 39 year over year this quarter",2022 Q3,0,Growth & Spending
"Turning to commercial services, you see that spending from our U.S",2022 Q3,0,Growth & Spending
"SME customers represents the majority of our billings in the segment and that spending from these customers continued its strong growth, up 17 in the third quarter",2022 Q3,0,Growth & Spending
Our U.S,2022 Q3,0,Growth & Spending
"large and global corporate customers, though were smaller part of billings in the segment, remained an important foundation for the entire company",2022 Q3,0,Growth & Spending
And these customers continued their steady travel recovery this quarter,2022 Q3,0,Growth & Spending
"So, overall, both billings are still 13 below pre-pandemic levels",2022 Q3,0,Growth & Spending
"We do continue to expect, though, that this group will fully recover over time",2022 Q3,-1,General
"And lastly, international consumer and international SME large corporate customers within the new international card services segment were among our fastest growing pre-pandemic, as Steve said, and are now in a steep recovery mode",2022 Q3,0,Growth & Spending
"You can see our high levels of growth in Q3 at 34 and 43 year over year, respectively",2022 Q3,0,Growth & Spending
"And if you were also to look at international consumer growth by age cohort, you would see, similar to the U.S., that the highest growth levels are from our millennial and Gen Z customers who make up an even larger portion of overall billings than they do in the U.S",2022 Q3,0,Growth & Spending
"One other note on overall billings, the majority of our high level of growth this quarter was again driven by the number of transactions flowing through our network with some modest impact from inflation",2022 Q3,0,Growth & Spending
"Overall then, we are pleased with the momentum we see across the board in our spending volumes, which is tracking in line with our expectations for both the year and for our long-term aspirations",2022 Q3,0,Growth & Spending
"Now, moving to loan balances on Slide 9, we saw year-over-year growth accelerate to 31 in our loan balances, as well as good sequential growth",2022 Q3,0,Growth & Spending
"The interest-bearing portion of our loan balances also continues to consistently increase quarter over quarter, surpassing 2019 levels in the third quarter as customers steadily rebuild balances",2022 Q3,0,Growth & Spending
"As you then turn the credit and provisions on Slide 10 through 12, the high credit quality of our customer base continues to show through in our strong credit performance",2022 Q3,-1,General
"Write-off rates for card member loans remain well below pre-pandemic levels, flat to where they have been for the last few quarters as you can see on Slide 10",2022 Q3,0,Growth & Spending
"As expected, you do now see that delinquency rates for loans have started to modestly tick up but also remain well below pre-pandemic levels",2022 Q3,0,Growth & Spending
Turning now to the accounting for this credit performance on Slide 11,2022 Q3,-1,General
"As you know, there are two component components to our provision expense our actual write-off performance in the quarter, which, as we just discussed, remained strong second, changes in our credit reserves, where there are a few key drivers",2022 Q3,0,Growth & Spending
"Our loan balances, especially our revolving loan balances, grew strongly quarter over quarter",2022 Q3,0,Growth & Spending
"And the macroeconomic outlook that we flowed through our models, which was informed by third-party macroeconomic forecast, as well as the latest Fed outlook, was slightly worse this quarter relative to last quarter",2022 Q3,-1,General
"The combination of our strong loan growth -- excuse me, in the updated macroeconomic assumptions resulted in a 387 million reserve build",2022 Q3,0,Growth & Spending
"This reserve build, combined with low net write-offs, drove 778 million in provision expense for the third quarter",2022 Q3,0,Growth & Spending
"As you see on Slide 12, we ended the third quarter with 3.5 billion of reserves, with reserves for loans representing 3.2 of our balances",2022 Q3,0,Growth & Spending
"I would point out, even with this quarters reserve build, this remains well below the reserve levels we had pre-pandemic, driven by our improved portfolio quality today compared to that prior time period",2022 Q3,0,Growth & Spending
"Going forward, we continue to expect delinquency and loss rates to move up slowly over time but to remain below pre-pandemic levels this year",2022 Q3,0,Growth & Spending
"I do expect to end the year with a higher level of reserves on our balance sheet than where we ended this quarter, given our expected loan growth",2022 Q3,0,Growth & Spending
The overall level of reserve adjustments will again be influenced by how the macroeconomic outlook evolves in the fourth quarter,2022 Q3,0,Growth & Spending
Moving next to revenue on Slide 13,2022 Q3,0,Growth & Spending
Total revenues were up 24 year over year in the third quarter or 27 on an FX-adjusted basis,2022 Q3,0,Growth & Spending
"Before I get into more details about our largest revenue drivers in the next few slides, I would note that service fees and other revenue was up 39 year over year",2022 Q3,-1,General
"Similar to last quarter, this strong growth was largely driven by our recovery in travel-related revenues",2022 Q3,0,Growth & Spending
"Our last revenue line, discount revenue, grew 26 year over year in Q3 on an FX-adjusted basis, as you can see on Slide 14, driven by both our sustained growth in goods and services spending and the continued momentum in our TE spending that you saw in our spending trends",2022 Q3,0,Growth & Spending
"Net card fee revenues were up 23 year over year in the third quarter on an FX-adjusted basis, with growth continuing to accelerate as you can see on Slide 15, largely driven by the continued attractiveness to both prospects and existing customers of our fee-paying products through the investments weve made in our premium value propositions",2022 Q3,0,Growth & Spending
"This quarter, we acquired 3.3 million new cards with acquisitions of U.S",2022 Q3,0,Growth & Spending
Consumer Platinum and Gold Card members and U.S,2022 Q3,0,Growth & Spending
"Business Platinum Card members all reaching record highs in the quarter and now each more than two times higher than pre-pandemic levels, demonstrating the great demand were seeing, especially for our premium fee-based products",2022 Q3,0,Growth & Spending
"Moving on to Slide 16, you can see that net interest income was up 30 year over year on an FX-adjusted basis due to the recovery of our revolving loan balances",2022 Q3,0,Growth & Spending
"While, generally speaking, a rising rate environment would be a modest headwind for us due to our sizable noninterest bearing charge balances, in actual fact, it has been fairly neutral in terms of impact for us year to date",2022 Q3,0,Growth & Spending
"Over time, though, I would expect rising rate to represent a modest headwind",2022 Q3,0,Growth & Spending
"To sum up on revenues, were seeing strong results across the board and really good momentum",2022 Q3,-1,General
"When looking at Slide 17, I would point out that we have now seen six consecutive quarters of revenue growth above 24 on an FX-adjusted basis, as we are now showing strong growth even on top of the strong recovery led growth in the prior-year quarter",2022 Q3,0,Growth & Spending
I would also point out that we have a couple hundred basis points of difference when looking at revenue growth on an FX-adjusted basis versus our reported results,2022 Q3,0,Growth & Spending
"So, while we are leaving our full year reported revenue guidance at 23 to 25 for 2022, I would expect to be above that growth rate range on an FX-adjusted basis",2022 Q3,0,Growth & Spending
"Now, all this revenue momentum we just discussed has been driven by the investments weve made in our brand, value propositions, customers, colleagues, technology, and coverage",2022 Q3,0,Growth & Spending
And those investments show up across the expense line you see on Slide 18,2022 Q3,0,Growth & Spending
"Starting with variable customer engagement costs, these costs, as you see on Slide 18, came in at 41 of total revenues for the third quarter, roughly in line with what I still expect variable customer engagement cost to run for the full year at around 42 total revenues",2022 Q3,0,Growth & Spending
"On the marketing line, we invested 1.5 billion in the third quarter, on track with our expectation to spend over 5 billion in 2022",2022 Q3,0,Growth & Spending
"We feel really good about the strong demand in card acquisitions, especially premium card acquisitions, as we showed on Slide 15",2022 Q3,0,Growth & Spending
"And more importantly, we feel good about the spend, credit, and revenue profiles of the customers we are bringing into American Express membership, which continue to look strong relative to what we saw pre-pandemic",2022 Q3,-1,General
"Moving to the bottom of Slide 18 brings us to operating expenses, which were 3.3 billion in the third quarter, essentially flat to last quarter",2022 Q3,0,Growth & Spending
"As Steve and I have discussed all year, these results reflect the impact inflation has had on our operating expenses, in addition to our investments in other key growth underpinnings to support our tremendous revenue growth",2022 Q3,0,Growth & Spending
"You can see, based off our third quarter results, that we are tracking with our expectation for operating expenses to be around 13 billion for the full year",2022 Q3,0,Growth & Spending
"In looking at the year-over-year opex growth of 22 this quarter, it is also important to note that we see an impact from the prior year, including a sizable benefit from net mark-to-market gains and our AMEX Ventures strategic investment portfolio, while, this year, we saw a modest impairment charge",2022 Q3,0,Growth & Spending
"More generally, we continue to see operating expenses as a key source of leverage moving forward, and we expect to have far less growth in opex than revenues in our ambitious growth plan",2022 Q3,0,Growth & Spending
"Turning next to capital on Slide 19, we returned 1 billion of capital to our shareholders in the third quarter, including common stock repurchases of 600 million, and 391 million in common stock dividends on the back of strong earnings generation",2022 Q3,0,Growth & Spending
"Our CET1 ratio was 10.6 at the end of the third quarter, within our target range of 10 to 11",2022 Q3,0,Growth & Spending
We plan to continue to return to shareholders the excess capital we generate while supporting our balance sheet growth,2022 Q3,0,Growth & Spending
That then brings me to our growth plan and 2022 guidance on Slide 20,2022 Q3,-1,General
"With each quarter of this year, we have demonstrated consistent progress against our 2022 guidance and our long-term growth aspirations of delivering sustainable high levels of revenue and EPS growth",2022 Q3,-1,General
"For the full year 2022, we are reaffirming our reported revenue growth guidance of 23 to 25, although I would point out, as I said earlier, that I would expect our FX-adjusted revenue growth to be above that range",2022 Q3,0,Growth & Spending
And we now expect to be above our original EPS guidance range of 9.25 to 9.65,2022 Q3,0,Growth & Spending
An uncertainty in the level of our final EPS for the year remains the possible impact on credit reserves and how the macroeconomic outlook evolves in the fourth quarter,2022 Q3,0,Growth & Spending
"While I expect our actual credit performance metrics to remain healthy, its harder to predict exactly how the macroeconomic outlook might evolve",2022 Q3,0,Growth & Spending
"In addition, we are working toward our 2023 plan and expect revenue to remain above our long-term aspirational targets, which should create a platform for producing strong EPS growth",2022 Q3,0,Growth & Spending
"Of course, well have to see how the economic environment evolves versus where we are today",2022 Q3,-1,General
"In any environment, though, we remain committed to executing against our growth plan and running the company with a focus on achieving our aspiration of delivering revenue growth in excess of 10 and mid-teens EPS growth on a sustainable basis in 2024 and beyond",2022 Q3,0,Growth & Spending
"And with that, Ill turn the call back over to Kerri to open up the call for your questions",2022 Q3,2,Customer & Cards
"Kerri Bernstein -- Head of Investor Relations Thank you, Jeff",2022 Q3,1,Executive & Financial
"Before we open up the lines for QA, I will ask those in the queue to please limit yourself to just one question",2022 Q3,2,Customer & Cards
Thank you for your cooperation,2022 Q3,2,Customer & Cards
"And with that, the operator will now open up the line for questions",2022 Q3,2,Customer & Cards
Operator? Operator Operator instructions Our first question comes from the line of Ryan Nash with Goldman Sachs,2022 Q3,-1,General
Please proceed with your question,2022 Q3,2,Customer & Cards
"Ryan Nash -- Goldman Sachs -- Analyst Hey, good morning, guys",2022 Q3,1,Executive & Financial
"Steve Squeri -- Chairman and Chief Executive Officer Good morning, Ryan",2022 Q3,1,Executive & Financial
"Ryan Nash -- Goldman Sachs -- Analyst So, maybe just start on the top line, Steve",2022 Q3,1,Executive & Financial
"You know, solid results once again, although clearly, as you and Jeff articulated, FX was a headwind in the quarter",2022 Q3,0,Growth & Spending
And I know you mentioned youre not seeing any changes,2022 Q3,0,Growth & Spending
Jeff mentioned the strength over the quarter,2022 Q3,0,Growth & Spending
"Can you maybe just talk about, you know, what youre seeing from a spend perspective, maybe relative to what you saw 90 days ago? Any changes under the surface? And then, maybe just flesh out a little bit further your confidence in the ability to generate, you know, mid-teens, you know, top and bottom line growth into 2023",2022 Q3,0,Growth & Spending
Thank you,2022 Q3,2,Customer & Cards
Steve Squeri -- Chairman and Chief Executive Officer Were confident,2022 Q3,1,Executive & Financial
"Look, the spending speaks for itself",2022 Q3,0,Growth & Spending
"I mean, just look at some of these numbers",2022 Q3,0,Growth & Spending
Youve got goods and services up 16,2022 Q3,0,Growth & Spending
Our U.S,2022 Q3,0,Growth & Spending
consumer is up 22,2022 Q3,0,Growth & Spending
Millennial spending is up 39,2022 Q3,0,Growth & Spending
"You know, our TE spending is up 57",2022 Q3,0,Growth & Spending
International spending is 37,2022 Q3,0,Growth & Spending
We havent seen any change,2022 Q3,0,Growth & Spending
And you can look at this quarter over quarter,2022 Q3,0,Growth & Spending
"And, you know, the reality is that, you know, last quarter was a record-level quarter in terms of spending",2022 Q3,0,Growth & Spending
"And this is like, I dont know, 1 billion behind or something like that",2022 Q3,0,Growth & Spending
"But if you look at year-over-year growth, were not seeing any changes in consumer spending behavior at all",2022 Q3,0,Growth & Spending
"And look, thats not to say that things may not change, but I can only look at what Im seeing right now",2022 Q3,0,Growth & Spending
"And if I look from a forward perspective, you know, the question that we get is, you know, what about TE, can TE spending hold so forth and so on? And look, I think you heard Ed Bastian last week, and he talked about, you know, not only whats been going on at Delta but what they see going on through the holiday season",2022 Q3,0,Growth & Spending
"You know, I think youve heard Chris Nassetta as well say the same kinds of things and whats happening with Hilton, and the -- two of our biggest partners",2022 Q3,0,Growth & Spending
"And so, you know, when we look at our consumer travel booking, we see, you know, higher bookings than weve seen in a long, long time",2022 Q3,0,Growth & Spending
I mean that goes pre-pandemic,2022 Q3,0,Growth & Spending
"So, if I look three out, because the next question that people ask is, what does the holiday season look like? Well, the holiday season, from a travel perspective, looks really, really strong, because people are booking three months out",2022 Q3,0,Growth & Spending
"And if youre going to be traveling, youre probably going to be going to restaurants",2022 Q3,0,Growth & Spending
"And if youre traveling in some place, youre probably bringing presents with you as well",2022 Q3,0,Growth & Spending
"So, you know, we dont see anything really changing over the next three months",2022 Q3,-1,General
"And, you know, as we go into next year, we still feel really good about, you know, what our growth plan is",2022 Q3,0,Growth & Spending
"And, you know, the only thing I would say is, because I think I need to say this, is that if things change, we will be prepared to pivot",2022 Q3,-1,General
And I think people saw that during the pandemic,2022 Q3,0,Growth & Spending
"Weve got our recession playbook, you know, you have a credit cycle playbook, and well pull that playbook lever if we need to pull it",2022 Q3,0,Growth & Spending
But to pull it at this particular point in time doesnt make any sense,2022 Q3,0,Growth & Spending
"Were seeing strong growth, and were seeing strong credit results overall",2022 Q3,0,Growth & Spending
"So, right now, nothing new",2022 Q3,0,Growth & Spending
"And the way I would headline this is that, you know, this quarter looks like the first quarter which looked like the second quarter",2022 Q3,0,Growth & Spending
And its the third quarter,2022 Q3,0,Growth & Spending
Its another strong quarter for us,2022 Q3,0,Growth & Spending
"And the only thing that I would say is, you know, I mean, when you look at our model, I think, not only this quarter but this year, it really shows the strength of our differentiated business model",2022 Q3,-1,General
We have a different model than other people out there in the market,2022 Q3,0,Growth & Spending
And I think thats coming through in our statistics,2022 Q3,-1,General
"Year-over-year earnings growth and, you know, the top-line revenue growth is, you know, not something youre used to seeing from us, unless youve been looking at the last six quarters",2022 Q3,-1,General
"Jeff Campbell -- Chief Financial Officer And, Ryan, let me just add maybe a few other comments to try to dimension",2022 Q3,1,Executive & Financial
"When Steve and I used a term like, well, we know how to pivot if we need to, you know, I would remind everyone that GDP in the U.S",2022 Q3,-1,General
shrank in the first two quarters of this year,2022 Q3,0,Growth & Spending
And weve been putting up revenue growth in the 24 to 30 range steadily right through that,2022 Q3,0,Growth & Spending
Id remind you that I talked about our credit reserve is influenced by macroeconomic forecast,2022 Q3,0,Growth & Spending
"And so, you can go look at what the Fed said in September",2022 Q3,0,Growth & Spending
You can go look at what Moodys is saying,2022 Q3,-1,General
And they are predicting modest upticks in unemployment,2022 Q3,0,Growth & Spending
And thats contemplated in everything Steve and I have said and in the guidance that weve provided,2022 Q3,3,Outlook & Guidance
"If you look at October, October is just a continuation of all that Steve just talked about thus far",2022 Q3,3,Outlook & Guidance
"So, you know, we feel good about the guidance weve given",2022 Q3,-1,General
We are acknowledging the environment were in,2022 Q3,-1,General
But I dont want people to overplay our reaction to the fact that growth has been pretty slow in the U.S,2022 Q3,0,Growth & Spending
"because we are, with our differentiated business model as Steve just pointed out, performing very strongly in this environment",2022 Q3,0,Growth & Spending
Operator Thank you,2022 Q3,2,Customer & Cards
Our next question comes from the line of Sanjay Sakhrani with KBW,2022 Q3,1,Executive & Financial
Please proceed with your question,2022 Q3,2,Customer & Cards
"Sanjay Sakhrani -- Keefe, Bruyette and Woods -- Analyst Thanks, good morning",2022 Q3,1,Executive & Financial
"Steve Squeri -- Chairman and Chief Executive Officer Good morning, Sanjay",2022 Q3,1,Executive & Financial
"Sanjay Sakhrani -- Keefe, Bruyette and Woods -- Analyst I guess I want to follow up on that question",2022 Q3,1,Executive & Financial
"Steve, you talked about the recession playbook",2022 Q3,0,Growth & Spending
"Maybe if we could just talk about, you know, your comments about operating the business for the long term",2022 Q3,-1,General
"And if we were to see a slowdown, how we should think about managing expenses? Marketing has been boosted quite a bit",2022 Q3,0,Growth & Spending
You wouldnt want to grow as fast as you are right now in the backdrop,2022 Q3,0,Growth & Spending
"So, maybe you can just talk about the flex there, how we should think about the aspirational targets in the backdrop of a recession or, you know, a mild one even",2022 Q3,0,Growth & Spending
"And then, Jeff, could you just hit the reserve rate? I know people tend to think about that reserve rate as a result -- as it relates to CECL day one",2022 Q3,0,Growth & Spending
"Do you see yourself getting back to that level, given how low losses are right now? Thanks",2022 Q3,-1,General
"Steve Squeri -- Chairman and Chief Executive Officer So, if you think about operating, you know, sort of in a recession operating in the playbook, I think the first thing you have to realize is that, you know, when you look at sort of credit and you look at how you acquire customers and how you underwrite customers, those are things that we do on an ongoing basis, right? And so, weve been -- we make adjustments, you know, daily, weekly",2022 Q3,1,Executive & Financial
"I mean the models are constantly being updated and changing, and our return thresholds are changing",2022 Q3,0,Growth & Spending
"And so, you know, as we say, we manage through the cycle",2022 Q3,-1,General
"When we look at our card members, we manage that so that coming through that, there is profitability",2022 Q3,0,Growth & Spending
"OK? And so, we will continue to do that",2022 Q3,0,Growth & Spending
And Ill point you back to the pandemic and what we did during the pandemic because I think thats a really good -- its a really good model for us,2022 Q3,0,Growth & Spending
"So, what did we do? Well, we pulled back on your card member acquisition because, number one, we didnt have enough transparency at that particular point in time",2022 Q3,0,Growth & Spending
"And number two, maybe we werent feeling good about, you know, sort of, you know, the card members that we could acquire at that point",2022 Q3,0,Growth & Spending
But we never shut it down,2022 Q3,-1,General
We still acquired Card Members,2022 Q3,0,Growth & Spending
"So, you would see that",2022 Q3,0,Growth & Spending
"The only thing I would point out is, you know, weve been trending from a marketing perspective to spend well in excess of 5 billion",2022 Q3,0,Growth & Spending
"If you go back pre-pandemic, you know, that number was between 3.5 billion and 3.9 billion",2022 Q3,0,Growth & Spending
"And so, it gives us a lot of flexibility in terms of delevering our marketing expenditure",2022 Q3,0,Growth & Spending
The other thing you have to realize is that a lot of our cost of card member services are variable in terms of spending,2022 Q3,-1,General
"And so, they -- and rewards as well go up and they go down as spending increases",2022 Q3,-1,General
"And so, I have a lot of confidence in our ability to flex our marketing numbers down",2022 Q3,-1,General
"I have tremendous confidence in our ability to flex our operating expenses because operating expenses, in a lot of ways, go along with a lot of our volumes",2022 Q3,-1,General
So -- and weve proven we can do that,2022 Q3,0,Growth & Spending
"And, you know, I think our underwriting on -- you know, you would continue to tighten that up, but thats something that we look at on an ongoing basis",2022 Q3,-1,General
Thats not something that you sort of just sort of end up when you get into it,2022 Q3,-1,General
Youre tightening that up as you go along and as you see at any signals,2022 Q3,0,Growth & Spending
And then the last thing I would say is you get into credit and collections and your ability to help our card members in a thoughtful way and your ability to collect money,2022 Q3,0,Growth & Spending
"And I think that, you know, a lot of the programs that we introduced, you know, during the pandemic with programs that we would be taking off the playbook",2022 Q3,0,Growth & Spending
"And the last point I would say is, you know, our card base is not representative of the U.S",2022 Q3,0,Growth & Spending
economy,2022 Q3,-1,General
"You know, we -- when you look at the share of card that we have in this marketplace and our number of card members, its obviously, you know, well below double digits",2022 Q3,0,Growth & Spending
And theyre not necessarily representative of whats going on in the broader economy,2022 Q3,-1,General
And the last point that I would make is a lot of people trying to equate whats going on with the stock market and going on in spending,2022 Q3,-1,General
There is no correlation in our history of that,2022 Q3,-1,General
"The thing that you do worry about is unemployment and, in particular, white collar unemployment",2022 Q3,0,Growth & Spending
"And so, as we think about, you know, professionals that could potentially be laid off, you know, thats something that you look at",2022 Q3,0,Growth & Spending
"But again, our models take all that into account",2022 Q3,0,Growth & Spending
"And, you know, weve been through this -- weve been through that kind of stuff before, and I think were very well prepared for it",2022 Q3,0,Growth & Spending
"Jeff Campbell -- Chief Financial Officer So, before I get to credit reserve, Sanjay, I cant resist just adding, though",2022 Q3,1,Executive & Financial
"You said, well, what would you do in a mild recession? I dont want to get into the cool debate here about semantics, but some could argue that, from a growth perspective, were in a mild recession, and we just grew revenues 27",2022 Q3,0,Growth & Spending
"And to turn it to our credit reserves, our credit reserve adjustments do include the latest economic forecast, which has unemployment ticking up a little bit next year, and thats included in all of our forward-looking comments",2022 Q3,0,Growth & Spending
"As you point out and maybe to help everyone, Sanjay, I think its on Slide 12 in our deck today, our day one credit reserve percentages of total loans were 4.6",2022 Q3,0,Growth & Spending
"This quarter, they were all the way down at 3.2",2022 Q3,0,Growth & Spending
"I will point out that if you look across the industry, that is by far the lowest percentage",2022 Q3,-1,General
Its also the lowest percentage relative to day one,2022 Q3,-1,General
"You know, theres differential timing that all the different financial institutions have had over the last couple of years just due to the vagaries of the way the accounting works here",2022 Q3,-1,General
"But as you sit here today, our reserve balance, both on an absolute basis and relative to that day one basis, is below the industry",2022 Q3,0,Growth & Spending
"And that makes sense, Sanjay, because we have, by far, the most premium book in the industry",2022 Q3,1,Executive & Financial
"We have, by far, the strongest credit metrics",2022 Q3,0,Growth & Spending
"And relative to pre-pandemic in that day one number, our credit profile is stronger today",2022 Q3,-1,General
All the talk you hear from Steve and I and Doug and others about our record success bringing more premium consumers into the franchise over the last couple of years has an impact on credit profile as well,2022 Q3,0,Growth & Spending
"So, all else being equal, you would not expect our reserve percentage of loans to get back to where it was day one CECL because the average credit profile is stronger than it was day one CECL",2022 Q3,0,Growth & Spending
Operator Thank you,2022 Q3,2,Customer & Cards
Our next question comes from the line of Mark DeVries with Barclays,2022 Q3,1,Executive & Financial
Please proceed with your question,2022 Q3,2,Customer & Cards
Mark DeVries -- Barclays -- Analyst Thanks,2022 Q3,1,Executive & Financial
"Could you discuss whats driving, you know, the accelerating new account growth off of already higher numbers and, you know, how sustainable you view account growth anywhere near these levels to be? Any color you can provide on the ramp in spend you would normally observe from new accounts as they age? And then, finally, did you see a surge in new account applications from Gen Z around your Jack Harlow concert? Steve Squeri -- Chairman and Chief Executive Officer I cant comment on the Jack Harlow concert",2022 Q3,0,Growth & Spending
"Not that I cant comment on it, Im not aware of the surge and account acquisition",2022 Q3,0,Growth & Spending
Im sure it didnt hurt us,2022 Q3,0,Growth & Spending
"You know, look, I think that what youve seen here is were not going out and just trying to grab lots and lots of cards",2022 Q3,0,Growth & Spending
"I mean, you know, were out there grabbing high-value cards",2022 Q3,0,Growth & Spending
"And, you know, the value proposition is obviously strong",2022 Q3,-1,General
And the value propositions are really playing well with millennial and Gen Z,2022 Q3,0,Growth & Spending
Its 60 of our card acquisition,2022 Q3,0,Growth & Spending
"And, well, I dont have the numbers handy with me in terms of how the, you know, ramping goes in year one spending here, but what I would point out is, you know, were acquiring -- you know, 60 of the cards that were acquiring are millennial and Gen Z",2022 Q3,0,Growth & Spending
"And that cohort was up 39, you know, this quarter",2022 Q3,-1,General
"So, you know, I think this whole concept of generational relevance in bringing people into the franchise early and bringing them in on a premium product that they can really embed their lives into has really helped us out tremendously as opposed to bringing them in on a fee-free product and then trying to upgrade them along",2022 Q3,0,Growth & Spending
"I think, you know, a lot of millennials and Gen Zs are using this product",2022 Q3,0,Growth & Spending
"And again, as weve always said, we are just a payment product",2022 Q3,-1,General
"I mean, we view ourselves as a lifestyle brand and as a lifestyle product",2022 Q3,-1,General
"And the Jack Harlow concert, you know, is a good example of kind of the things that we do to embed ourselves in peoples lives",2022 Q3,-1,General
"And we talked about Resy, and we talked about, you know, travel",2022 Q3,0,Growth & Spending
"And, you know, those services and those bookings are going up",2022 Q3,0,Growth & Spending
"And, you know, people are using that",2022 Q3,-1,General
"And so, its just more than just the payment product",2022 Q3,-1,General
"So, again, Mark, I dont have the sort of, you know, first-year ramp-up spending, but, you know, 39 is a pretty good indication",2022 Q3,0,Growth & Spending
"As far as, you know, were going to acquire 3.3 million cards next quarter, I dont really have any idea",2022 Q3,0,Growth & Spending
"I mean well acquire those cards that as we underwrite them, they make sense for us to go",2022 Q3,0,Growth & Spending
They will be profitable through the cycle,2022 Q3,0,Growth & Spending
"Could that be 3.3? Yeah, it could be 3.3, it could be 2.9, it could be 3.5",2022 Q3,-1,General
We dont -- were not in card acquisition targets,2022 Q3,0,Growth & Spending
What were looking at is acquiring those card members that meet our criteria,2022 Q3,0,Growth & Spending
And it just so happened that it was 3.3 this particular quarter,2022 Q3,0,Growth & Spending
"Jeff Campbell -- Chief Financial Officer So, the only two comments I would add, Mark, are among the modest risk management adjustments weve made across the course of this year, as we have significantly actually raised our financial hurdles required for some of the new card members that were bringing in and still just brought in a record level, which tells you something about the level of demand that we see right now through all of the trades that Steve just talked about",2022 Q3,-1,General
"Id also point out, as I said in my earlier remarks, that the average customer, whose behavior we track every single month, is coming in with much higher spend patterns, much better average credit quality, and a much greater average fee component than what we were seeing pre-pandemic",2022 Q3,0,Growth & Spending
"Steve Squeri -- Chairman and Chief Executive Officer You know, so, its harder to qualify to get a card",2022 Q3,1,Executive & Financial
Were getting more,2022 Q3,-1,General
"I mean, just to cut to the chase",2022 Q3,0,Growth & Spending
Operator Thank you,2022 Q3,2,Customer & Cards
Our next question comes from the line of Betsy Graseck with Morgan Stanley,2022 Q3,1,Executive & Financial
Please proceed with your question,2022 Q3,2,Customer & Cards
"Betsy Graseck -- Morgan Stanley -- Analyst Hi, good morning",2022 Q3,1,Executive & Financial
Thanks so much for the time,2022 Q3,2,Customer & Cards
"Steve Squeri -- Chairman and Chief Executive Officer Hi, Betsy",2022 Q3,1,Executive & Financial
Betsy Graseck -- Morgan Stanley -- Analyst Hi,2022 Q3,1,Executive & Financial
"I just wanted to understand a little bit about, you know, how you thought the FX impacted yourself in the quarter",2022 Q3,0,Growth & Spending
"I mean you can see a variety of ways that you present, but just want to understand from your perspective, what the -- what the impact was on the revs and on the expense side, in particular, the reward side? And then give us a sense as to how you think about the revenue guidance range, if it was FX adjusted, you know, for the year and for what youre expecting in the fourth quarter",2022 Q3,0,Growth & Spending
Thanks,2022 Q3,2,Customer & Cards
"Jeff Campbell -- Chief Financial Officer So, thank you for the question, Betsy",2022 Q3,1,Executive & Financial
"I will say, I think foreign exchange movements, very dramatic right now and more dramatic than theyve been in many years",2022 Q3,-1,General
I think are a little difficult to communicate and hard for a lot of people to fully understand,2022 Q3,-1,General
"So, youve seen dramatic moves in many of the currencies that are most important to us, from the yen to the euro, to the pound",2022 Q3,-1,General
"And so, when you look at our revenue growth this quarter, thats why you saw a 300 basis points difference between the FX-adjusted revenue growth and the reported revenue growth 24",2022 Q3,0,Growth & Spending
"Now, on the bottom line, it is a much more muted impact, Betsy, because, of course, we also have a very large proportion of our colleagues outside the U.S",2022 Q3,0,Growth & Spending
to go with all that business that we do around the globe,2022 Q3,-1,General
The cost of rewards in all those countries is in the local currencies,2022 Q3,-1,General
"So, the impact on our earnings per share is pretty de minimis",2022 Q3,0,Growth & Spending
"I think we have a 10-K disclosure, where we talk about, over the course of a full year, movement maybe costing you, you know, 0.10",2022 Q3,0,Growth & Spending
Thats a quarter,2022 Q3,0,Growth & Spending
"So, thats why I dont really call it out when I think about EPS",2022 Q3,0,Growth & Spending
"When you convert all that into our guidance, its why were very comfortable saying were going to be above our EPS guidance range, we left our reported revenue growth number the same as it was previously",2022 Q3,0,Growth & Spending
I would expect to be a couple of hundred basis points above that reported revenue guidance on an FX-adjusted basis,2022 Q3,0,Growth & Spending
"So, Ill conclude by saying, in some ways, what were saying is, our revenue performance has exceeded our expectations of 90 days ago",2022 Q3,0,Growth & Spending
"That has sort of offset the foreign exchange headwinds, which are a little bit greater on the revenue side than what I would have expected 90 days ago",2022 Q3,0,Growth & Spending
"But at the bottom line, you dont really need to factor it in that much",2022 Q3,0,Growth & Spending
Operator Thank you,2022 Q3,2,Customer & Cards
Our question comes from the line of Bob Napoli with William Blair,2022 Q3,1,Executive & Financial
Please proceed with your question,2022 Q3,2,Customer & Cards
"Bob Napoli -- William Blair and Company -- Analyst Thank you, and good morning",2022 Q3,1,Executive & Financial
"Id love to get a little update on SMB and, you know, online spending",2022 Q3,0,Growth & Spending
"I mean, the SMB obviously is a critical business for you and just, you know, obviously growing strongly",2022 Q3,0,Growth & Spending
"But any color you could give on SMB, any changes? And then, online spend has actually been pretty steady",2022 Q3,0,Growth & Spending
"I mean, a lot of, I guess, discussion around what is the right growth rate for online spend versus offline over the long run",2022 Q3,-1,General
"I think, its a little bit of a decel maybe in offline but steady in online",2022 Q3,-1,General
"So, just any color on SMB and your thoughts on the long-term growth of online spending",2022 Q3,0,Growth & Spending
"Steve Squeri -- Chairman and Chief Executive Officer Well, I mean, lets just start -- well talk about a little about goods and services spending, which, you know, I mean, which is really when you start to talk about online and offline",2022 Q3,1,Executive & Financial
"Look, our goods and services spending is 16, and its -- you know, the growth rate is split pretty evenly",2022 Q3,0,Growth & Spending
"In fact, offline may be growing slightly more than online, but both in that, you know, 15 to 17 range",2022 Q3,-1,General
So -- and I think thats sustainable,2022 Q3,-1,General
"I think that, obviously, online spending popped up, but offline spending is back above pre-pandemic levels",2022 Q3,0,Growth & Spending
"So, we feel really good about both",2022 Q3,0,Growth & Spending
"I think consumers are -- I mean, drive past the mall",2022 Q3,0,Growth & Spending
"I mean, consumers are out there shopping and spending",2022 Q3,0,Growth & Spending
And theyre also ordering online,2022 Q3,0,Growth & Spending
"And so, I think, its sort of a double hit for us in a very positive way",2022 Q3,0,Growth & Spending
"So, were very comfortable with the 16 goods and services spending",2022 Q3,0,Growth & Spending
"And thats, you know, approximately 70 of all of our spending",2022 Q3,0,Growth & Spending
"As far as small business, small business continues to perform very, very well",2022 Q3,0,Growth & Spending
"And, you know, weve had -- in this quarter, we had 17 growth",2022 Q3,0,Growth & Spending
And thats -- its a large piece of our business,2022 Q3,0,Growth & Spending
"And were doing more and more things, you know, with our checking account, with Kabbage and small business loans, and so forth",2022 Q3,-1,General
"So, we feel good about small business, and it continues to perform really well for us",2022 Q3,0,Growth & Spending
Operator Thank you,2022 Q3,2,Customer & Cards
Our next question comes from the line of Rick Shane with JPMorgan,2022 Q3,1,Executive & Financial
Please proceed with your question,2022 Q3,2,Customer & Cards
"Rick Shane -- JPMorgan Chase and Company -- Analyst Guys, thanks for taking my question",2022 Q3,1,Executive & Financial
I want to revisit the topic we raised last quarter,2022 Q3,-1,General
"Historically, your product offerings basically caused a customer base thats positively selected for spending pay and the product offering essentially habituated them to the pattern",2022 Q3,0,Growth & Spending
"Now, youre offering a product that offers revolve on day one",2022 Q3,-1,General
"And as you move into a younger demographic, do you think over time, despite the upward move in terms of credit profile, that that will change credit performance that you will actually increase your beta to the credit cycle because youve changed the way you habituated your customer and how youve selected them? Jeff Campbell -- Chief Financial Officer Yeah",2022 Q3,0,Growth & Spending
"So, I think, Rick, its a good question, because you are good to point out that theres been a significant change as we have, from our perspective, added more functionality for all of our customers on what our traditional charge products",2022 Q3,0,Growth & Spending
"And many to most of those customers still use them as traditional charge products and leave it paying off every 30 days, and some occasionally take advantage of their new functionality and being able to carry a balance if they want for a little bit",2022 Q3,0,Growth & Spending
"But when you think about the impact on the company, Steve used the term a couple of times today, our differentiated business mode, you know, if you look over time, our net interest income is about 19, 20 of our overall revenues",2022 Q3,0,Growth & Spending
And thats where it was many years ago,2022 Q3,0,Growth & Spending
"And frankly, thats where wed expect it to be many years from now",2022 Q3,-1,General
"Because as much as we see an opportunity to get a little bigger share of our both consumer and small business customers lending wallet, we grew fees 23 this quarter",2022 Q3,0,Growth & Spending
And we are seeing tremendous growth in discount revenue,2022 Q3,0,Growth & Spending
"So, we do get great growth and expect to continue to get great growth on the lending side, but I dont actually expect it to make a big difference in the overall mix of revenues that we have as a company or in the business model we have",2022 Q3,0,Growth & Spending
"Steve Squeri -- Chairman and Chief Executive Officer No, I dont think its going to make a difference in the mix of -- as Jeff said, in the mix of our overall, you know, breakup of revenue and -- breakup of revenue",2022 Q3,1,Executive & Financial
But I think what it also gives us an opportunity is to actually acquire more spending,2022 Q3,0,Growth & Spending
"And, you know, when we did not have that feature, you know, that group may have started off with a, you know, competitive lending card, or, you know, we may have put them on a blue cash have you part",2022 Q3,-1,General
"And so whats happening is, and I think this bears this out in the spending numbers of 39 growth, that cohort is consolidating their spending",2022 Q3,0,Growth & Spending
"And theyre consolidating their spending with our product, and its giving them an opportunity to earn more rewards",2022 Q3,-1,General
"And so, I dont really think it changes the credit profile",2022 Q3,0,Growth & Spending
I think it gives us an opportunity to actually capture more spend and to ultimately capture more revenue,2022 Q3,0,Growth & Spending
"And the more important part is, I think the lifetime value of these customers is going to be a lot more than the lifetime value of where we acquired previously because were going to run these people right through -- were going to run these consumers right through the cycle, and theyre going to be with us from day one",2022 Q3,0,Growth & Spending
And I think thats really important,2022 Q3,0,Growth & Spending
"So, I dont think it changes the profile of our revenue",2022 Q3,0,Growth & Spending
I dont think it changes the profile of the riskiness of our company,2022 Q3,-1,General
But I do think it gives us an opportunity to grow more spending and obviously to capture more revenue from this segment,2022 Q3,0,Growth & Spending
Operator Thank you,2022 Q3,2,Customer & Cards
Our next question comes from the line of Dominick Gabriele with Oppenheimer,2022 Q3,1,Executive & Financial
Please proceed with your question,2022 Q3,2,Customer & Cards
"Dominick Gabriele -- Oppenheimer and Company -- Analyst Hey, good morning",2022 Q3,1,Executive & Financial
Thanks so much for taking my question,2022 Q3,2,Customer & Cards
"You know, the loan growth was up, as you just mentioned, about 31, thats really industry-leading levels of loan growth",2022 Q3,0,Growth & Spending
And I know youve talked about in the past that youre trying to penetrate your existing customer base,2022 Q3,0,Growth & Spending
"And so, you know, youve effectively underwritten these people through their spending habits over time",2022 Q3,-1,General
"But you -- and you -- and a while ago, I think you provided how much of the loan growth was coming from an existing customer base spending cohort and not",2022 Q3,0,Growth & Spending
Could you just provide some of the breakdowns that are giving you the supercharged loan growth versus the industry again? Thanks so much,2022 Q3,0,Growth & Spending
"Jeff Campbell -- Chief Financial Officer Let me just start, Dominick, with a few stats that I think are important, and then Steve may want to add",2022 Q3,1,Executive & Financial
"I mean the biggest thing driving, of course, the 31 growth in loans, tremendous growth in spending",2022 Q3,0,Growth & Spending
"Right? So, we are in a recovery mode of spending and seeing tremendous progress there",2022 Q3,0,Growth & Spending
And customers are also beginning to rebuild balances a little bit,2022 Q3,-1,General
"So, I think its fair and natural",2022 Q3,0,Growth & Spending
"So, yes, I think when you look at those who have reported thus far, youre seeing industry-leading growth in loans",2022 Q3,0,Growth & Spending
But youre also seeing industry-leading growth and spending,2022 Q3,0,Growth & Spending
"I think thats very, very important to put those two together",2022 Q3,0,Growth & Spending
"So, I think we feel good about the trends and expect them to continue",2022 Q3,0,Growth & Spending
"And I would expect long term, just as we were before the pandemic, to grow a little faster than the industry on lending, and to do it while still maintaining best-in-class credit",2022 Q3,-1,General
Steve Squeri -- Chairman and Chief Executive Officer Yeah,2022 Q3,1,Executive & Financial
And I think whats also important to realize is that this loan growth is not all revolving balances here,2022 Q3,0,Growth & Spending
"Right? I mean, so thats an important point",2022 Q3,0,Growth & Spending
But spending growth like weve had will drive overall loan growth,2022 Q3,0,Growth & Spending
"And yes, its -- you know, weve had a large, you know, year to date sort of spend spending in growth",2022 Q3,0,Growth & Spending
"But if you just look at it sort of sequentially quarter to quarter, because we had pretty much the same card growth, you only have about 4 billion in, you know, overall loan growth on a sequential basis",2022 Q3,0,Growth & Spending
But you do have quite a bit year over year,2022 Q3,0,Growth & Spending
"So, its not like all of a sudden, this thing just jumped up, spending continues",2022 Q3,0,Growth & Spending
"Spending continues -- has continued, you know, on a quarter-to-quarter basis, and that drives up lending -- loan growth, excuse me",2022 Q3,0,Growth & Spending
Operator Thank you,2022 Q3,2,Customer & Cards
Our next question comes from the line of Moshe Orenbuch with Credit Suisse,2022 Q3,-1,General
Please proceed with your question,2022 Q3,2,Customer & Cards
Moshe Orenbuch -- Credit Suisse -- Analyst Great,2022 Q3,-1,General
Thanks,2022 Q3,2,Customer & Cards
Maybe as a follow-up,2022 Q3,-1,General
"I think, Jeff, you had mentioned that the interest-bearing portion, you know, had continued to grow faster, kind of helping net interest income",2022 Q3,0,Growth & Spending
"Can you just talk about when that level is off? How does that -- you know, and I guess, Steve had sort of mentioned just in the answer to the last question a little bit about, you know, kind of a fair amount of that growth in lending, not being kind of, you know, interest-bearing balances",2022 Q3,0,Growth & Spending
"So, as you look at that going forward, how do you think that -- how do you think that develops? Jeff Campbell -- Chief Financial Officer So, I would expect most for the next couple of quarters to see the revolving or interest-bearing portion of those balances grow a little bit faster than the overall loan growth because were not quite back to pre-pandemic levels of behavior",2022 Q3,0,Growth & Spending
"I think our expectation is, overtime, and I think it may take a while still",2022 Q3,-1,General
You will eventually get back to pre-pandemic types of behavior,2022 Q3,0,Growth & Spending
"The other factor I would point to goes a little bit to Rick Shanes earlier question, which is you do have this evolution going on as weve added a little bit more functionality to some of our charge products",2022 Q3,0,Growth & Spending
"So, those customers who have the traditional charge products but have that pay over time feature, and to use it less than your traditional credit card or revolving customers",2022 Q3,0,Growth & Spending
"So, thats putting a little bit of complexity in tracking our numbers here",2022 Q3,0,Growth & Spending
"But I think in terms of watching the macro trend, I would expect loan balances to grow a little bit faster than the industry",2022 Q3,0,Growth & Spending
"I would expect the next couple of quarters, the revolving portion to grow a little bit faster than the loan growth",2022 Q3,0,Growth & Spending
And I would expect all of those things to really set down into steady-state levels about where they were pre-pandemic,2022 Q3,0,Growth & Spending
Operator Thank you,2022 Q3,2,Customer & Cards
Our next question will come from the line of Don Fandetti with Wells Fargo,2022 Q3,1,Executive & Financial
Please proceed with your question,2022 Q3,2,Customer & Cards
Don Fandetti -- Wells Fargo Securities -- Analyst Yes,2022 Q3,1,Executive & Financial
"On the international org change, does that signal maybe a faster pace of investment? I know its always been kind of a balancing act in international markets",2022 Q3,0,Growth & Spending
"And then, also, is there anything new on the tech investment strategy? I saw you were referring to ramping up hiring, seems a little late in the game for that",2022 Q3,0,Growth & Spending
"Steve Squeri -- Chairman and Chief Executive Officer You know, I think, you know, the tech investment strategy remains the same",2022 Q3,1,Executive & Financial
"And I mean, there was an article on us ramping up hiring",2022 Q3,0,Growth & Spending
And theres a lot of contracted conversion that were doing,2022 Q3,-1,General
"I mean anybody thats, you know, in financial services has their own employee base and has a large contractor base",2022 Q3,0,Growth & Spending
"And so, its not necessarily an indication of increased headcount in technology, nor is it an indication of being late in the game",2022 Q3,0,Growth & Spending
What it is an indication of is a balancing act between our contracted population and our overall colleague population,2022 Q3,-1,General
"So, weve been pretty steady with our tech investment over the last couple of years, and well continue that same level of, you know, tech investment, you know, this year",2022 Q3,0,Growth & Spending
"And what was your first question, Don? Jeff Campbell -- Chief Financial Officer ICS",2022 Q3,1,Executive & Financial
"Steve Squeri -- Chairman and Chief Executive Officer So, the international piece of this, I think, you know, from an international perspective, I just think that, you know, when you run a global company, it is really important to make sure that you bring the best and the brightest to bear on all the problems and issues that you have",2022 Q3,1,Executive & Financial
"And when you think about acquiring card members, engaging card members, and retaining card members, you know, having a sort of a dual or a try market structure sometimes can slow down your speed and your agility versus having a single market leader looking at making what are the right investment decisions for that market",2022 Q3,0,Growth & Spending
"And so, how many small business cards we could acquire? How many consumer cards we acquire? How do you adjudicate what customers should get a small business or a consumer card? I think this will allow us not only to get products to market faster but to also make sure that were putting the right investment in the right channels as we move across",2022 Q3,-1,General
"As far as extra money being invested in international, we have an enterprise investment strategy, and we will put the money where the best returns are",2022 Q3,0,Growth & Spending
"So, if we can get more returns out of investing in market A or market B versus the U.S",2022 Q3,0,Growth & Spending
"or vice versa, we will do that",2022 Q3,0,Growth & Spending
"And the other thing that I would say, look, Ive been here for a long, long time",2022 Q3,-1,General
And organizational constructs change for the times that youre in,2022 Q3,-1,General
"And for the technology thats available for the value propositions that are available, I mean this is, in some ways, a little bit back to the future",2022 Q3,-1,General
"You know, we did globalize all these things, but now we feel its better, you know, to take these global capabilities that we have and deploy them on a much more local level, with more local decision-making and more adjudication between sort of the various business units",2022 Q3,-1,General
"So, we just think that will be a more effective and faster way",2022 Q3,0,Growth & Spending
"And, you know, coming out of the pandemic, I think speed of decision-making and agility will be really important",2022 Q3,0,Growth & Spending
Operator Thank you,2022 Q3,2,Customer & Cards
Our next question comes from the line of Bill Carcache with Wolfe Research,2022 Q3,1,Executive & Financial
Please proceed with your question,2022 Q3,2,Customer & Cards
Bill Carcache -- Wolfe Research -- Analyst Thanks,2022 Q3,1,Executive & Financial
"Good morning, Steve and Jeff",2022 Q3,3,Outlook & Guidance
"Steve Squeri -- Chairman and Chief Executive Officer Hi, Bill",2022 Q3,1,Executive & Financial
Bill Carcache -- Wolfe Research -- Analyst Hi,2022 Q3,1,Executive & Financial
Your Inaudible and the strength of the underlying trends certainly highlight the earnings power in the model,2022 Q3,-1,General
"But I was hoping that you could address, you know, investor concerns that thinking back to the 2007 time frame, your models back then were saying that customers with multiple mortgages were good credits, and you guys essentially grew into that recession",2022 Q3,-1,General
"And while todays environment is very different, some investors are looking somewhat by analogy to that time frame and have expressed concern that you may, once again, be growing into the next recession, and the strong spending trends that youre seeing are a reflection of the inflation problem that the Fed is trying to fight",2022 Q3,0,Growth & Spending
Would love to hear your thoughts around that dynamic,2022 Q3,-1,General
"Steve Squeri -- Chairman and Chief Executive Officer Ill give you my thoughts, and Jeff can kind of jump in",2022 Q3,1,Executive & Financial
"You know, weve learned a lot since 2007, and weve changed quite a bit",2022 Q3,-1,General
"And to think that 2007 is indicative of how we handle 2022, I think would be foolish for 2023",2022 Q3,0,Growth & Spending
"And again, Ill just point you to the pandemic, where I think one of the things that went unnoticed during this pandemic was how we handle people in distress",2022 Q3,0,Growth & Spending
And I think we handled them very well from both a short-term perspective and a long-term perspective,2022 Q3,-1,General
"And if you remember when Jeff used to present these slides here, we talked about AR in distress at times",2022 Q3,0,Growth & Spending
"And, you know, we managed that quite carefully",2022 Q3,0,Growth & Spending
I can also say that our ability to collect is completely different than it was back then,2022 Q3,-1,General
Our models are different back then,2022 Q3,0,Growth & Spending
"But, you know, yeah, I think people can think what they want, but would be foolish to think that we havent changed or learned a lot",2022 Q3,-1,General
"In terms of growing into the recession, what I would say is this, 80 of our growth is driven by transactions right now",2022 Q3,-1,General
"So, if you look at that spending number, this is not inflation",2022 Q3,0,Growth & Spending
This is transactions,2022 Q3,0,Growth & Spending
This is higher levels of engagement,2022 Q3,-1,General
"And so, you know, the notion of us were growing because we have some tailwind of inflation is also a silly notion because, you know, were engaging our card members more",2022 Q3,0,Growth & Spending
We have more transactions,2022 Q3,0,Growth & Spending
We have more card members,2022 Q3,0,Growth & Spending
"And the last point, just going back to your first question, so, is -- our card base is so much different than it was in 2007 from an economic perspective",2022 Q3,-1,General
"You know, its a much more robust, resilient card base than it was back in 2007",2022 Q3,0,Growth & Spending
"And also, the way we grew our balances was not necessarily just through spending back then",2022 Q3,0,Growth & Spending
Theres a lot of balance transfer activity,2022 Q3,-1,General
"And so, I think, you know, this company is a very different than it was in 2007, you know, going into the recession",2022 Q3,0,Growth & Spending
The card base is different,2022 Q3,0,Growth & Spending
The way we were growing is different,2022 Q3,0,Growth & Spending
Weve really become much more of a spend -- a growth company,2022 Q3,-1,General
We have a lot more premium cardholders,2022 Q3,0,Growth & Spending
We have a lot more fee-paying cardholders than we did,2022 Q3,0,Growth & Spending
Our growth is coming from very different sources,2022 Q3,0,Growth & Spending
"So -- but at the end of the day, you know, when and if you have, you know, a big downturn, well see what happens",2022 Q3,-1,General
"But we feel pretty good about abilities, and we feel pretty good about our models, and we feel really good about how our spending is being acquired right now",2022 Q3,0,Growth & Spending
"So, were not just riding a tailwind here",2022 Q3,0,Growth & Spending
We are riding real growth through customer acquisition and increased spending from existing customers because the value propositions are driving that growth,2022 Q3,0,Growth & Spending
"Jeff Campbell -- Chief Financial Officer And the only thing I would add is that, just like that spend is coming from existing customers, the loan growth is predominantly coming from existing customers that we know well who have a better average credit profile",2022 Q3,0,Growth & Spending
And we feel good about our winning through the cycle models that tell us these are customers who we should have in any environment,2022 Q3,0,Growth & Spending
And I think Ill come back to my earlier comments about our credit reserve levels are still below everyone else in the industry,2022 Q3,0,Growth & Spending
"Theyre below relative to day one CECL, where others are",2022 Q3,-1,General
And thats appropriate given our strong credit profile,2022 Q3,0,Growth & Spending
"So, we feel good about where we are",2022 Q3,0,Growth & Spending
Operator Thank you,2022 Q3,2,Customer & Cards
Our next question comes from the line of Lisa Ellis with MoffettNathanson,2022 Q3,1,Executive & Financial
Please proceed with your question,2022 Q3,2,Customer & Cards
"Lisa Ellis -- MoffettNathanson -- Analyst Hey, good morning, guys",2022 Q3,1,Executive & Financial
Thanks for squeezing me in,2022 Q3,-1,General
"Just a follow-up -- Steve Squeri -- Chairman and Chief Executive Officer Hi, Lisa",2022 Q3,1,Executive & Financial
Good morning,2022 Q3,3,Outlook & Guidance
Lisa Ellis -- MoffettNathanson -- Analyst Hi -- on that point,2022 Q3,1,Executive & Financial
"Given the continued strength in your business and the fact that youre still benefiting from a lot of these sort of lagging recovery tailwinds from the pandemic, can you just update us on your thoughts on taking advantage of the current valuation environment to pursue some tuck-in MA or other more like chunkier organic investments, for example, things that youre perhaps going to -- looking at or leaning in on in terms of, you know, accelerating areas of your business? Thanks",2022 Q3,0,Growth & Spending
"Steve Squeri -- Chairman and Chief Executive Officer I mean, chunky organic investments, I mean, youve seen how weve driven our marketing spending and, you know, to acquire card members while, as Jeff said, making it harder and harder to get a card",2022 Q3,1,Executive & Financial
"So, I think that -- I think weve leaned in on our marketing investments",2022 Q3,0,Growth & Spending
"We feel really good about, you know, our technology investments",2022 Q3,0,Growth & Spending
"And, you know, look, were always looking at opportunities to tuck things in that makes sense for us",2022 Q3,0,Growth & Spending
"I mean, you know, whether it was Kabbage or Resy or LoungeBuddy or acompay and so forth, were always looking at those things that will, you know, add -- you know, will be adjacent and add to our organic core",2022 Q3,0,Growth & Spending
What were not looking for are things that are sort of outside of our universe,2022 Q3,-1,General
"I think weve proven that we can expand, you know, with our customer base",2022 Q3,0,Growth & Spending
"We can expand the services that were offering and looking at additional services that lead them to more spending or lead to more acquisition opportunities, which, you know, when you look at Resy, people look at Resy as a restaurant reservation system",2022 Q3,0,Growth & Spending
We look at that as a way to engage our card members,2022 Q3,0,Growth & Spending
That is a way to engage with our restaurants,2022 Q3,0,Growth & Spending
And were looking at it as a way to acquire new card members,2022 Q3,0,Growth & Spending
"And so, you know, acompay is another one, where its an ability to pick up more B2B spending",2022 Q3,0,Growth & Spending
"So, you know, were always on the lookout for, you know, capabilities",2022 Q3,0,Growth & Spending
"And, you know, if the right valuation comes along with, you know, the right set of capabilities, yeah, well take advantage of it",2022 Q3,0,Growth & Spending
"But as far as leaning in sort of on organic investments, I think weve leaned in",2022 Q3,0,Growth & Spending
I think weve invested in marketing,2022 Q3,-1,General
Weve invested in card member services,2022 Q3,0,Growth & Spending
Weve invested in our value proposition,2022 Q3,-1,General
And weve invested in our colleagues and continue to keep our investment levels up in technology,2022 Q3,0,Growth & Spending
Operator Thank you,2022 Q3,2,Customer & Cards
Our final question will come from the line of Mihir Bhatia with Bank of America,2022 Q3,1,Executive & Financial
Please proceed with your question,2022 Q3,2,Customer & Cards
Mihir Bhatia -- Bank of America Merrill Lynch -- Analyst Good morning and thank you for squeezing me in here,2022 Q3,1,Executive & Financial
I just wanted to really quickly touch on the regulatory backdrop,2022 Q3,-1,General
"It seems theres anything worth highlighting there from your perspective, specifically, Im thinking of the building proposal, and if thats interesting to you there",2022 Q3,0,Growth & Spending
But is there anything else also on regulatory that we should be thinking about? Thank you,2022 Q3,-1,General
Steve Squeri -- Chairman and Chief Executive Officer OK,2022 Q3,1,Executive & Financial
"Im sorry, I didnt hear",2022 Q3,-1,General
It was really hard -- I dont know if youre on a speakerphone or -- it was really hard to hear you,2022 Q3,0,Growth & Spending
"Durbin, is that the question? Mihir Bhatia -- Bank of America Merrill Lynch -- Analyst Sorry, yeah, I was just asking about the Durbin proposal and the regulatory backdrop",2022 Q3,1,Executive & Financial
Steve Squeri -- Chairman and Chief Executive Officer OK,2022 Q3,1,Executive & Financial
Thats very clear now,2022 Q3,0,Growth & Spending
"So, look, you know, in terms of the Durbin proposal, its a proposal",2022 Q3,-1,General
"You know, I cant speculate how this is going to come out and, you know, whether -- it obviously is not going to impact us because were a three-party system, so we dont really see that impacting us negatively",2022 Q3,-1,General
"Will it impact us positively or will it actually happen? We continue to look at it, and, you know, well see what happens there",2022 Q3,-1,General
"Look, as far as the regulatory environment, its a tough regulatory environment",2022 Q3,-1,General
"And I think, you know, in a lot of ways, you know, the objective is to protect consumers and to be transparent with consumers, and we applaud all of that",2022 Q3,0,Growth & Spending
"And so, I think, you know, the CFPB is talking about, you know, late fees and things like that",2022 Q3,0,Growth & Spending
And these are not material parts of our revenue streams,2022 Q3,0,Growth & Spending
"But I think transparency with consumers is really, really important, and we obviously want to see all that",2022 Q3,0,Growth & Spending
But I dont think the regulatory environment is any tougher than its been over the last few years,2022 Q3,-1,General
And well continue to operate in that environment,2022 Q3,-1,General
"Obviously, it adds -- sometimes it adds a little bit of cost to comply with certain things, whether that means technological changes or what have you",2022 Q3,0,Growth & Spending
"But, you know, its just like competition",2022 Q3,0,Growth & Spending
It really -- its always there,2022 Q3,-1,General
"And you have to make sure that youre, you know, investing to meet the regulatory guidelines",2022 Q3,0,Growth & Spending
And well continue to do that,2022 Q3,0,Growth & Spending
"But I dont see it as a big headwind for us, or a headwind at all for us, you know, as we move forward",2022 Q3,0,Growth & Spending
Kerri Bernstein -- Head of Investor Relations OK,2022 Q3,1,Executive & Financial
"With that, we will bring the call to an end",2022 Q3,0,Growth & Spending
Thank you again for joining todays call and for your continued interest in American Express,2022 Q3,2,Customer & Cards
The IR team will be available for any follow-up questions,2022 Q3,-1,General
"Operator, back to you",2022 Q3,-1,General
"Operator Operator signoff Duration 0 minutes Kerri Bernstein -- Head of Investor Relations Steve Squeri -- Chairman and Chief Executive Officer Jeff Campbell -- Chief Financial Officer Ryan Nash -- Goldman Sachs -- Analyst Sanjay Sakhrani -- Keefe, Bruyette and Woods -- Analyst Mark DeVries -- Barclays -- Analyst Betsy Graseck -- Morgan Stanley -- Analyst Bob Napoli -- William Blair and Company -- Analyst Rick Shane -- JPMorgan Chase and Company -- Analyst Dominick Gabriele -- Oppenheimer and Company -- Analyst Moshe Orenbuch -- Credit Suisse -- Analyst Don Fandetti -- Wells Fargo Securities -- Analyst Bill Carcache -- Wolfe Research -- Analyst Lisa Ellis -- MoffettNathanson -- Analyst Mihir Bhatia -- Bank of America Merrill Lynch -- Analyst More AXP analysis All earnings call transcripts This article is a transcript of this conference call produced for The Motley Fool",2022 Q3,1,Executive & Financial
"While we strive for our Foolish Best, there may be errors, omissions, or inaccuracies in this transcript",2022 Q3,4,Other
"As with all our articles, The Motley Fool does not assume any responsibility for your use of this content, and we strongly encourage you to do your own research, including listening to the call yourself and reading the companys SEC filings",2022 Q3,1,Executive & Financial
"Please see our Terms and Conditions for additional details, including our Obligatory Capitalized Disclaimers of Liability",2022 Q3,-1,General
"American Express is an advertising partner of The Ascent, a Motley Fool company",2022 Q3,-1,General
The Motley Fool has no position in any of the stocks mentioned,2022 Q3,1,Executive & Financial
The Motley Fool has a disclosure policy,2022 Q3,1,Executive & Financial
Average returns of all recommendations since inception,2022 Q3,-1,General
Cost basis and return based on previous market day close,2022 Q3,-1,General
Invest better with The Motley Fool,2022 Q3,1,Executive & Financial
"Get stock recommendations, portfolio guidance, and more from The Motley Fools premium services",2022 Q3,1,Executive & Financial
"Making the world smarter, happier, and richer",2022 Q3,-1,General
 1995 - 2026 The Motley Fool,2022 Q3,1,Executive & Financial
All rights reserved,2022 Q3,0,Growth & Spending
Market data powered by Xignite and Polygon.io,2022 Q3,2,Customer & Cards
"About The Motley Fool Our Services Around the Globe Free Tools Affiliates  Friends AXP earnings call for the period ending September 30, 2022.",2022 Q3,2,Customer & Cards
"Operator Ladies and gentlemen, thank you for standing by",2022 Q4,2,Customer & Cards
Welcome to the American Express Q4 2022 earnings call,2022 Q4,-1,General
"At this time, all participants are in a listen-only mode",2022 Q4,0,Growth & Spending
"Later, we will conduct a question-and-answer session",2022 Q4,2,Customer & Cards
"Operator instructions As a reminder, todays call is being recorded",2022 Q4,2,Customer & Cards
"I would now like to turn the conference over to our host, head of investor relations, Ms",2022 Q4,-1,General
Kerri Bernstein,2022 Q4,1,Executive & Financial
Thank you,2022 Q4,2,Customer & Cards
Please go ahead,2022 Q4,2,Customer & Cards
"Kerri Bernstein -- Head of Investor Relations Thank you, Donna",2022 Q4,1,Executive & Financial
And thank you all for joining todays call,2022 Q4,2,Customer & Cards
"As a reminder, before we begin, todays discussion contains forward-looking statements about the companys future business and financial",2022 Q4,0,Growth & Spending
These are based on managements current expectations and are subject to risks and uncertainties,2022 Q4,-1,General
Factors that could cause actual results to differ materially from these statements are included in todays presentation slides and in our reports on file with the SEC,2022 Q4,4,Other
The discussion today also contains non-GAAP financial measures,2022 Q4,0,Growth & Spending
"The comparable GAAP financial measures are included in this quarters earnings materials, as well as the earnings materials for the prior periods we discussed",2022 Q4,0,Growth & Spending
All of these are posted on our website at ir.americanexpress.com,2022 Q4,-1,General
"Well begin today with Steve Squeri, chairman and CEO",2022 Q4,-1,General
Well start with some remarks about the companys progress and results,2022 Q4,-1,General
"And then, Jeff Campbell, chief financial officer, will provide a more detailed review of our financial performance",2022 Q4,1,Executive & Financial
"After that, well move to a QA session on the results with both Steve and Jeff",2022 Q4,-1,General
"With that, let me turn it over to Steve",2022 Q4,3,Outlook & Guidance
"Steve Squeri -- Chairman and Chief Executive Officer Thanks, Kerri",2022 Q4,1,Executive & Financial
"Good morning, everyone",2022 Q4,3,Outlook & Guidance
Thanks for joining us today,2022 Q4,2,Customer & Cards
Its great to be with you to talk about our 2022 results and our outlook for 2023,2022 Q4,0,Growth & Spending
"As I go through our results, Ill tell you why they strengthened my confidence in our plan to generate strong growth over the long term",2022 Q4,0,Growth & Spending
"A year ago, we introduced our growth plan, which provided a road map for delivering annual growth rates for revenue and earnings per share at levels that are higher than the strong growth rates we were delivering before the pandemic",2022 Q4,0,Growth & Spending
Our results over the last four quarters demonstrate that our strategy is clearly working,2022 Q4,-1,General
"We exceeded the full-year guidance we laid out in our growth plan for both revenues and EPS, and we did so against the mixed economic environment",2022 Q4,-1,General
"Revenues, which reached all time highs for both the quarter and the year, were up 25 for the full year, exceeding the 18 to 20 guidance we started the year with",2022 Q4,0,Growth & Spending
And earnings per share of 9.85 was well above our guidance of 9.25 to 9.65,2022 Q4,-1,General
"The momentum we saw through the year in cardmember spending, engagement, and retention continued in the fourth quarter",2022 Q4,0,Growth & Spending
"Fourth-quarter billed business reached a record quarterly high of 357 billion and was up 25 for the full year, demonstrating our continued ability to acquire, engage and retain high-spending premium cardmembers",2022 Q4,0,Growth & Spending
Customer retention and satisfaction remain very strong,2022 Q4,0,Growth & Spending
"In addition to strong internal metrics, we were recognized once again by our customers for providing industry-best products and services, ranking No",2022 Q4,0,Growth & Spending
1 in customer Satisfaction in both the 2022 J.D,2022 Q4,0,Growth & Spending
"Power, U.S",2022 Q4,0,Growth & Spending
consumer Credit Card Study and the U.S,2022 Q4,-1,General
Small Business Card Study,2022 Q4,0,Growth & Spending
The investments weve made in our value propositions continue to attract large numbers of new premium customers,2022 Q4,0,Growth & Spending
"We acquired 3 million new cardmembers in the fourth quarter, even as we increased our already high credit thresholds through the year",2022 Q4,0,Growth & Spending
"For the full year, new card acquisitions reached a record level, growing at 12.5 million, and nearly 70 of our new accounts acquired are on our fee-based products",2022 Q4,0,Growth & Spending
"Millennial and Gen Z customers continue to be the largest drivers of our growth, representing over 60 of proprietary consumer card acquisitions in the quarter and for the full year",2022 Q4,0,Growth & Spending
"Credit metrics remain strong, supported by the premium nature of our customer base, our exceptional risk management capabilities, and the thoughtful risk actions weve taken for the year",2022 Q4,0,Growth & Spending
"Looking ahead to 2023 and beyond, let me tell you why these results increase my confidence that were positioned to deliver on our growth plan aspirations",2022 Q4,-1,General
"First, were in a great business",2022 Q4,0,Growth & Spending
"We operate in the most attractive segments and geographies of the fast-growing payments space, as highlighted by our leadership positions with premium consumers, including millennials and Gen Zers, small and medium-sized businesses, as well as serving the largest corporations in the world",2022 Q4,-1,General
We bring to this space a number of advantages that are very difficult for our competitors to replicate,2022 Q4,0,Growth & Spending
"These include our brand, our unique membership model, a premium global customer base, and an integrated payments model",2022 Q4,0,Growth & Spending
"Forming the foundation of these advantages is our talented, dedicated colleagues who deliver unparalleled service to our customers",2022 Q4,0,Growth & Spending
"Together, the marketplace opportunities we see and the competitive advantages we can leverage create a long runway for growth",2022 Q4,-1,General
We intend to capture these opportunities and build on our momentum by continuing to invest at high levels in several key areas continuously innovating our consumer and SMB products refining our powerful marketing and risk management engines and capturing our fair share of lending growing merchant acceptance with a particular focus outside the U.S,2022 Q4,-1,General
"and expanding partnerships to drive customer value across the enterprise continuing to introduce new digital capabilities that delivers seamless, intuitive customer experiences in their channels of choice and expanding into adjacencies that reinforce our core, such as new lifestyle and financial services for consumers and SMEs, which adds more value to our membership model",2022 Q4,0,Growth & Spending
All this investment happens while continually focused on gaining efficiencies in our marketing and operating expenses,2022 Q4,0,Growth & Spending
"As weve demonstrated consistently over the past two years, executing this investment strategy builds scale, which fuels a virtuous cycle of growth",2022 Q4,-1,General
"It starts with a high-spending, highly engaged premium customer base",2022 Q4,0,Growth & Spending
"These premium customers attract a growing network of merchants and partners who had more value to our membership model, which in turn enables us to attract more premium customers who attract more merchants and partners, which creates more scale",2022 Q4,0,Growth & Spending
"This scale enables us to generate more investment and operating efficiencies in our membership model, making it more difficult for our competitors to catch up",2022 Q4,0,Growth & Spending
"So, what does this mean for 2023? Our plan for this year is built on continuing our investment strategy in the areas I mentioned, while factoring in the blue chip economic consensus for slowing macroeconomic growth",2022 Q4,-1,General
"And as always, we have plans in place to pivot should the economic environment change dramatically",2022 Q4,-1,General
This translates into 2023 guidance consistent with what we originally laid out in our growth plan last year,2022 Q4,-1,General
"Specifically, we expect revenue growth of 15 to 16, which is higher than our long-term growth plan aspirations and EPS of 11 to 11.40",2022 Q4,0,Growth & Spending
"In addition, we plan to increase our quarterly dividend on common shares outstanding to 0.60 a share, up from 0.52, beginning with the first quarter of 2023 dividend Declaration",2022 Q4,0,Growth & Spending
"To sum up, our 2022 performance shows that our strategy is working",2022 Q4,-1,General
"And based on our performance to date and what we see for 2023, Im even more confident in our ability to achieve our aspirations for double-digit annual revenue growth and mid-teens EPS growth in 2024 and beyond",2022 Q4,0,Growth & Spending
Ill now turn it over to Jeff to provide more detail about our performance,2022 Q4,3,Outlook & Guidance
"As always, well have a QA session after Jeffs remarks",2022 Q4,2,Customer & Cards
"Jeff Campbell -- Chief Financial Officer Well, thank you, Steve, and good morning, everyone",2022 Q4,1,Executive & Financial
"Its good to be here to talk about our 22 results, which reflect steady progress against our multiyear growth plan that we announced last January, and also to talk about what our 2022 results mean for 2023",2022 Q4,0,Growth & Spending
Ill also spend some of our time this morning focusing on our full-year trends since it is year-end and since looking at our business on an annual basis is more in sync with how we actually run the company,2022 Q4,-1,General
Starting with our summary financials on Slide 2,2022 Q4,-1,General
"Full-year revenues reached an all-time high of 52.9 billion, up 27 on an FX-adjusted basis",2022 Q4,0,Growth & Spending
"Notably, our fourth-quarter revenues of 14.1 billion also reached a record high for the third straight quarter and grew 19 on an FX-adjusted basis",2022 Q4,0,Growth & Spending
This revenue momentum drove reported full-year net income of 7.5 billion and earnings per share of 9.85,2022 Q4,0,Growth & Spending
"For the quarter, we reported net income of 1.6 billion and earnings per share of 2.07, which did include a 234 million impact from our net losses in our AMEX Ventures strategic investment portfolio",2022 Q4,0,Growth & Spending
"As I said, throughout the year, year-over-year comparisons of net income have been challenging due to the sizable credit reserve releases we had in 2021",2022 Q4,0,Growth & Spending
"Because of these prior-year reserve releases, we have also included pre-tax pre-provision income as a supplemental disclosure again this quarter",2022 Q4,0,Growth & Spending
"On this basis, pre-tax pre-provision income was 11.8 billion for the full year and 2.9 billion in the fourth quarter, up 27 and 23, respectively, versus the prior year, reflecting the growth momentum in our underlying earnings",2022 Q4,0,Growth & Spending
"So, now, lets get into a more detailed look at our results, beginning with volumes starting on Slide 3",2022 Q4,-1,General
We saw good quarter-over-quarter growth in volumes,2022 Q4,0,Growth & Spending
I would note that we reached record levels of spending on our network in both the fourth quarter and full-year 2022,2022 Q4,-1,General
Total network volumes and build business were up 16 and 15 year over year in the fourth quarter and 24 and 25 for the full year on an FX-adjusted basis,2022 Q4,0,Growth & Spending
"Now, of course, growth rates from Inaudible earlier in the year included more of a recovery on the lower levels of volumes in 2021",2022 Q4,0,Growth & Spending
And we are now to the point where we have lapped the majority of this recovery,2022 Q4,0,Growth & Spending
We are pleased with this growth and the fact that it is being driven across customer types and geographies,2022 Q4,-1,General
"On slides 4 through 7, weve given you a variety of views across our U.S",2022 Q4,0,Growth & Spending
"consumer services, commercial services, and international card services segments and the various customer types within each",2022 Q4,0,Growth & Spending
Theres a few key points I suggest you take away from these various perspectives,2022 Q4,-1,General
Starting with our largest segment,2022 Q4,0,Growth & Spending
U.S,2022 Q4,0,Growth & Spending
"consumer billings grew 15 in the fourth quarter, reflecting the continued strength and spending trends from our premium U.S",2022 Q4,0,Growth & Spending
consumers,2022 Q4,0,Growth & Spending
"Our focus on attracting, engaging, and retaining younger cohorts of cardmembers to our value propositions drove the 30 growth in spending from our millennial and Gen Z customers on Slide 5, who you can now see make up 30 of spend within the segment",2022 Q4,0,Growth & Spending
"Turning to commercial services, you see that spending from our U.S",2022 Q4,0,Growth & Spending
small and medium-sized enterprise customers represents the majority of our billings in the segments supported by our strategic focus on expanding our range of products to help our SMB clients run their businesses,2022 Q4,0,Growth & Spending
We saw another quarter of solid growth in U.S,2022 Q4,0,Growth & Spending
"SME, though you can see that it was the slowest-growing customer type this quarter, up 8 year over year",2022 Q4,0,Growth & Spending
"As you heard Steve talk about a bit last month at an investor conference, our SMEs have recently started to slow down spending in certain categories such as digital advertising, so we continue to monitor spending trends",2022 Q4,0,Growth & Spending
Moving to our U.S,2022 Q4,0,Growth & Spending
"large and global corporate customers, the one small customer type that has not come back to pre-pandemic spend levels",2022 Q4,0,Growth & Spending
"They did continue, though, their steady recovery this quarter with overall billings now 11 below pre-pandemic levels",2022 Q4,0,Growth & Spending
"And lastly, you see our highest growth in international card services as this segment is now in a steep recovery mode, given it started its pandemic recovery later than other segments",2022 Q4,0,Growth & Spending
"Spending from international consumer and international SME and large corporate customers grew 23 and 32 year-over-year, respectively, in Q4",2022 Q4,-1,General
"Across all customer types, TE spending momentum remained particularly strong in the fourth quarter, while we also saw a nice sequential growth in the amount of goods and services spending versus last quarter",2022 Q4,0,Growth & Spending
"So, there were few pockets that slowed, such as the digital advertising spend in SME that I mentioned earlier",2022 Q4,0,Growth & Spending
"So, what do all of these takeaways mean for 2023? At this point? On a dollar basis, most of our spending categories have fully recovered, so I would expect more stable growth rates this year across spending categories, with the exception that year-over-year growth rates for TE spending will likely be elevated in Q1 as we lap the impact of omicron from the prior year",2022 Q4,-1,General
"Importantly, all of the things that Steve just talked about that make up the strategy underlying our growth plan have created a foundation for sustainable growth rates greater than what we were seeing pre-pandemic",2022 Q4,-1,General
"Now, moving on to loans and cardmember receivables on Slide 8",2022 Q4,-1,General
"We saw year-over-year growth of 24 in our loan balances, as well as good sequential growth",2022 Q4,0,Growth & Spending
This loan growth is now exceeding our spend growth as customers steadily rebuild their balances,2022 Q4,0,Growth & Spending
"Given the volumes, of course, have now lapped their steep phase of recovery, we do expect the growth rate of our loan balances to moderate as we progress to 2023 but to remain elevated versus pre-pandemic levels",2022 Q4,0,Growth & Spending
"The interest-bearing portion of our loan balances, which surpassed 2019 levels last quarter, also continues to consistently rebuild with over 70 of year-over-year growth in the U.S",2022 Q4,0,Growth & Spending
"coming from our existing customers, which is about 10 percentage points more than what we saw in the years leading up to the pandemic",2022 Q4,0,Growth & Spending
"As you then turn to credit and provision on slides 9 through 11, the high credit quality of our customer base continues to show through in our strong credit performance",2022 Q4,-1,General
Cardmember loans and receivables write-off and delinquency rates remain below pre-pandemic levels,2022 Q4,0,Growth & Spending
"So, they did continue to tick up this quarter, as we expect, which you can see on Slide 9",2022 Q4,0,Growth & Spending
"Going forward, we expect delinquency and write-off rates to continue to move up over time but to remain below pre-pandemic levels in 2023 for cardmember loans",2022 Q4,0,Growth & Spending
"Turning now to the accounting for this credit performance on Slide 10, Since it is year-end and because the pandemic has clearly impacted the timing of quarterly reserve build and release adjustments across the industry, I think its helpful to look at our full-year provision results",2022 Q4,-1,General
"Full-year 2022 provision expense was 2.2 billion, which included a 617 million reserve build, primarily driven by loan growth, the continued steady and expected increase in Inaudible rates, and changes in the macroeconomic outlook as the year progressed",2022 Q4,0,Growth & Spending
"The 2.2 billion number is, of course, still unusually low by historical standards relative to the size of our loan balances and cardmember receivables",2022 Q4,0,Growth & Spending
"Of the full-year 617 million reserve build, we saw 492 million of it in the fourth quarter",2022 Q4,0,Growth & Spending
"Since earlier this year, we were still releasing a significant amount of the credit reserves we had built to capture the uncertainty of the pandemic",2022 Q4,-1,General
"At this point, we no longer have any of these pandemic-driven reserves remaining on our balance sheet",2022 Q4,-1,General
Moving to reserves on Slide 11,2022 Q4,0,Growth & Spending
"You can see that we ended 2022 with 4 billion of reserves, representing 2.4 of our total loans in cardmember receivables",2022 Q4,0,Growth & Spending
"This reserve rate is about 50 basis points below the levels we had pre-pandemic or day-one CECL, reflecting the continued premiumization of our portfolio and the strong credit performance we have seen",2022 Q4,-1,General
"We view this consolidated reserve rate as more comparable to day-one CECL than the individual loans and receivables rates, because, as we talked a bit last quarter, our charge products, in many instances, now have some embedded lending functionality",2022 Q4,0,Growth & Spending
We expect this reserve rate to increase a bit as we move through 2023 but to remain below pre-pandemic levels,2022 Q4,0,Growth & Spending
"Taking all of this into account, in 2023, you should expect to see provision expense move back toward more of a steady state relative to the size of our loan balances and cardmember receivables for the first time since we adopted CECL in early 2020",2022 Q4,0,Growth & Spending
"Given the combination of our strong loan growth and the unusually low level, by historical standards, of provision expense in 2022, I would expect a significant year-over-year increase in provision expense",2022 Q4,0,Growth & Spending
Moving next to revenue on Slide 12,2022 Q4,0,Growth & Spending
Total revenues were up 17 year over year in the fourth quarter and up 25 for the full year,2022 Q4,0,Growth & Spending
"This is well above our original expectations, driven by the successful execution of our strategy and is part of what strengthens our confidence in our long-term aspirations",2022 Q4,0,Growth & Spending
"Before I get into more details about our largest revenue drivers in the next few slides, I would note that you see a 200 basis points spread between our FX-adjusted revenue growth and reported revenue growth for this quarter",2022 Q4,0,Growth & Spending
"While this is less of an impact from the strong dollar than what we saw in the prior quarter, it does remain a modest headwind",2022 Q4,0,Growth & Spending
"Our largest revenue line, discount revenue, grew 16 year over year in Q4 and 27 for the full year on an FX-adjusted basis",2022 Q4,0,Growth & Spending
"As you can see on Slide 13, this growth is primarily driven by the momentum seen in our spending volumes throughout 2022",2022 Q4,-1,General
"Net card fee revenues continued to accelerate throughout this year, up 25 year over year in the fourth quarter and 21 for the full year on an FX-adjusted basis, as you can see on Slide 14",2022 Q4,0,Growth & Spending
"In 2023, I expect net card fees to be our fastest-growing revenue line",2022 Q4,0,Growth & Spending
I would expect growth to moderate from the extremely high level we saw this quarter,2022 Q4,0,Growth & Spending
"This steady growth is powered by the continued attractiveness to both prospects and existing customers of our fee-paying products due to the investments weve made in our premium value propositions, as Steve discussed earlier, with acquisitions of U.S",2022 Q4,0,Growth & Spending
consumer platinum and gold cardmembers and U.S,2022 Q4,0,Growth & Spending
business platinum cardmembers are all reaching record highs in 2022,2022 Q4,0,Growth & Spending
"Moving on to Slide 15, you can see that net interest income was up 32 year over year in Q4 and 28 for the year on an FX- adjusted basis due to the recovery of our revolving loan balances",2022 Q4,0,Growth & Spending
The rising interest rate environment has had a fairly neutral impact on our results in 22 as deposit betas lagged the rapid and steep benchmark rate increases during the year,2022 Q4,0,Growth & Spending
"However, when you think about 2023, deposit betas are now in line with more historical levels",2022 Q4,-1,General
"So, I would expect the year-over-year impact from rising rates to represent more of a headwind in 2023",2022 Q4,0,Growth & Spending
"To sum up, on revenues, were seeing strong results across the board and really good momentum",2022 Q4,-1,General
"Looking forward into 2023, we expect to see revenue growth of 15 to 17",2022 Q4,0,Growth & Spending
"Now, all this revenue momentum we just discussed has been driven by the investments weve made",2022 Q4,0,Growth & Spending
"And those investments show up across the expense lines you see on Slide 17, starting with variable customer engagement expenses",2022 Q4,0,Growth & Spending
"These costs, as you see on Slide 17, came in at 42 total revenues for the fourth quarter and 41 for the full year",2022 Q4,-1,General
"Based off the Q4 exit rate, combined with our continued focus on investing to innovate our products, Id expect variable customer engagement costs to approach 43 of total revenues in 2023",2022 Q4,0,Growth & Spending
"On the marketing line, we invested around 1.3 billion in the fourth quarter and 5.5 billion for the year",2022 Q4,0,Growth & Spending
"As a reminder, our marketing dollars mostly represent the things we do to directly drive the great customer acquisition results we are seeing",2022 Q4,0,Growth & Spending
"As we look forward, we remain focused on driving efficiencies so that our marketing dollars grow far slower than revenues as we did for many years prior to the pandemic",2022 Q4,-1,General
"As a result, in 2023, we expect to have marketing spend that is fairly flat to 2022",2022 Q4,0,Growth & Spending
"Moving to the bottom of Slide17 brings us to operating expenses, which were 4.1 billion in the fourth quarter and 13.7 billion for full-year 22",2022 Q4,0,Growth & Spending
"In understanding our opex results, its important to note the net mark-to-market impact to our Amex Ventures strategic investment portfolio that I mentioned earlier with reference to Q4",2022 Q4,0,Growth & Spending
"These gains and losses are reported in the opex line and totaled 302 million of losses for full-year 2022 while, in the prior year, we had a 767 million benefit in net gains",2022 Q4,0,Growth & Spending
"Even putting this aside, Steve and I have discussed all year our 2022 operating expenses do represent a step-function increase compared to prior years, as we have invested in key underpinnings to support our revenue growth and as inflation has had some impact on our expenses",2022 Q4,0,Growth & Spending
"Moving forward, similar to marketing, we are focused on gaining efficiencies and getting back to the low levels of growth in opex that we have historically seen",2022 Q4,0,Growth & Spending
"For 2023, we expect operating expenses to be around 14 billion and see these costs as a key source of leverage relative to the high level of revenue growth in our growth plan",2022 Q4,0,Growth & Spending
"Last, our effective tax rate for full-year 2022 was around 22",2022 Q4,0,Growth & Spending
"Our best estimate of the effective tax rate in 2023 is between 23 to 24, absent any legislative changes",2022 Q4,0,Growth & Spending
Turning next to capital on Slide 18,2022 Q4,0,Growth & Spending
"We returned 4.9 billion in capital to our shareholders in 2022, including 1 billion in the fourth quarter, with 639 million in common stock repurchases and 389 billion in common stock dividends, all on the back of strong earnings generation",2022 Q4,0,Growth & Spending
"We ended the year with our CET1 ratio at 10.3, within our target range of 10 to 11",2022 Q4,0,Growth & Spending
"In Q1 23, as Steve discussed, we do expect to increase our dividend by 15 to 0.60 per quarter, consistent with our approach of growing our dividend in line with earnings and our 20 to 25 target payout ratio",2022 Q4,0,Growth & Spending
Well continue to return to shareholders the excess capital we generate while supporting our balance sheet growth going forward,2022 Q4,0,Growth & Spending
That then brings me to our growth plan and 2023 guidance on Slide 19,2022 Q4,-1,General
2022 was a strong year where we exceeded our full-year guidance that we laid out in our growth plan last January for both revenues and EPS,2022 Q4,-1,General
These results have strengthened our confidence in our 2023 guidance,2022 Q4,0,Growth & Spending
"First and most importantly, we expect the strategies that Steve laid out earlier to deliver continued high levels of revenue growth, leading to our revenue growth guidance for 2023 of 15 to 17 and setting us up well for 2024 and beyond",2022 Q4,0,Growth & Spending
"As you think about the drivers of EPS growth in 2023, first, we expect to return to the low levels of growth we have historically driven in our marketing and operating expenses, producing some nice leverage",2022 Q4,-1,General
"Going the other direction, the two notable headwinds that should be just 2023 challenges are around the year-over-year impacts of provision and of interest rates, as I discussed earlier",2022 Q4,0,Growth & Spending
Combining all of these factors together leads to our EPS guidance of 11 to 11.40 for 2023,2022 Q4,0,Growth & Spending
There is clearly uncertainty as it relates to the macroeconomic environment,2022 Q4,-1,General
"But as Steve discussed, our 2023 guidance factors in the blue-chip macroeconomic consensus for slowing growth though not a significant recession",2022 Q4,0,Growth & Spending
Id also say that our guidance is based on what were actually seeing in terms of behaviors from our customers around the globe,2022 Q4,-1,General
"And of course, it reflects what we know today about the regulatory and competitive environment",2022 Q4,-1,General
"We feel good about the momentum we see in our business and, in any environment, remain committed to running the company with a focus on achieving our aspirations of sustainably delivering revenue growth in excess of 10 and mid-teens EPS growth in 2024 and beyond, as we get to a more steady-state macro environment",2022 Q4,0,Growth & Spending
"And with that, Ill turn the call back over to Kerri to open up the call for your questions",2022 Q4,2,Customer & Cards
"Kerri Bernstein -- Head of Investor Relations Thank you, Jeff",2022 Q4,1,Executive & Financial
"Before we open up the lines for QA, I will ask those in the queue to please limit yourself to just one question",2022 Q4,2,Customer & Cards
Thank you for your cooperation,2022 Q4,2,Customer & Cards
"And with that, the operator will now open up the line for questions",2022 Q4,2,Customer & Cards
Operator,2022 Q4,-1,General
"Operator Operator instructions One moment, please, for the first question",2022 Q4,-1,General
Our first question is coming from Ryan Nash of Goldman Sachs,2022 Q4,1,Executive & Financial
Please go ahead,2022 Q4,2,Customer & Cards
"Ryan Nash -- Goldman Sachs -- Analyst Hey, good morning, everyone",2022 Q4,1,Executive & Financial
"Steve Squeri -- Chairman and Chief Executive Officer Good morning, Ryan",2022 Q4,1,Executive & Financial
"Jeff Campbell -- Chief Financial Officer Good morning, Ryan",2022 Q4,1,Executive & Financial
"Ryan Nash -- Goldman Sachs -- Analyst So, Steve, you know, maybe just to focus on the revenue growth",2022 Q4,1,Executive & Financial
"Obviously, 15 to 17 is much better than the market was expecting, you know, given macro concerns",2022 Q4,-1,General
"And, you know, theres obviously been a little bit of an uptick in white-collar unemployment",2022 Q4,0,Growth & Spending
"So, could you maybe just talk high level about how youre able to put up this type of revenue growth in a -- you know, in a somewhat weakening environment? Maybe just talk through some of the things that are idiosyncratic to Amex that Jeff just referenced at the end of the call that maybe the market isnt appreciating, that should be big drivers of revenue growth in the year ahead",2022 Q4,-1,General
Thanks,2022 Q4,2,Customer & Cards
"Steve Squeri -- Chairman and Chief Executive Officer Well, I think, you know, Jeff really hit it",2022 Q4,1,Executive & Financial
"I mean, you know, what he basically said was -- and this is where we -- what were focused on is we can only run the business and, you know, and forecast the business on what were seeing",2022 Q4,-1,General
"And, you know, what were seeing is were still seeing high consumer growth",2022 Q4,-1,General
"Were seeing, you know, high consumer growth in international",2022 Q4,-1,General
"You know, we talked about some moderation in small business",2022 Q4,0,Growth & Spending
"You know, corporate spending still has not come back",2022 Q4,0,Growth & Spending
Jeff talked about TE,2022 Q4,3,Outlook & Guidance
"I think when you think about the model, I think what you have to get an appreciation for is, you know, were a small segment of the overall U.S",2022 Q4,0,Growth & Spending
population and its a premium customer base,2022 Q4,0,Growth & Spending
"And, you know, that premium customer base, while not immune to economic downturn, certainly, right now, is spending on through",2022 Q4,0,Growth & Spending
"And so, you know, the other thing that weve been doing is, you know, were constantly, you know, tightening up, you know, the cardmembers that were acquiring",2022 Q4,0,Growth & Spending
"I mean, look, the cardmember base we have today is, from a credit perspective, better than the cardmember base that we had, you know, pre-pandemic",2022 Q4,-1,General
"And, you know, cardmembers were acquiring today are reaching a higher hurdle rate than ones we acquired just a year ago",2022 Q4,0,Growth & Spending
"And, you know, because of the value, there is still a good pool of customers that are out there",2022 Q4,0,Growth & Spending
"As far as, you know, overall white-collar unemployment, what I would say is, yeah, youve seen some headlines of individual companies that are, you know, going through layoffs",2022 Q4,0,Growth & Spending
"But the one thing that I would say is, I think its really important to look at where these companies were pre-pandemic",2022 Q4,0,Growth & Spending
And theyre probably still at employment levels that are much higher than what they were pre-pandemic,2022 Q4,0,Growth & Spending
"And so, theres a rightsizing a little bit",2022 Q4,0,Growth & Spending
"But even with that rightsizing, you know, we still have unemployment rates under 4",2022 Q4,0,Growth & Spending
"And so, look, we look at unemployment, but it has not, at this particular point in time, had any impact on our cardmember base",2022 Q4,0,Growth & Spending
"I mean, you know, again, were, you know, keeping our right offset, you know, 0.8 and 0.6 is, you know, sort of not sustainable",2022 Q4,-1,General
"And were at, you know, 1.1",2022 Q4,-1,General
"As Jeff said, you know, it shows on the slides and that will take up a little bit over time",2022 Q4,0,Growth & Spending
But thats just normal for the business,2022 Q4,0,Growth & Spending
"So, I think what you have to really -- you have to look at is this is a premium cardmember base that appreciates premium products and is spending",2022 Q4,0,Growth & Spending
And it is a Inaudible it is a small piece of the overall U.S,2022 Q4,0,Growth & Spending
economy,2022 Q4,-1,General
"And, you know, weve talked about the economy being bifurcated, and theres probably no better example of what we have here",2022 Q4,-1,General
"The other thing that I would say, and when you think about revenue growth, unlike our competitors, you know, we have a three-legged revenue stool here, right? Youve got fees that we get for merchants",2022 Q4,0,Growth & Spending
You have card fees,2022 Q4,0,Growth & Spending
"Now card fees were 25 growth in the -- you know, in the fourth quarter",2022 Q4,0,Growth & Spending
"And while, you know, thats a high number, you know, we certainly expect double-digit card fee growth to continue",2022 Q4,0,Growth & Spending
"And then, you have obviously -- which is a smaller portion of our business",2022 Q4,0,Growth & Spending
"You know, we have obviously, you know -- interest you know -- interest revenues as well",2022 Q4,0,Growth & Spending
"So, you know, we look at the cardmembers were acquiring",2022 Q4,0,Growth & Spending
Were really looking at acquiring revenue across those three components,2022 Q4,0,Growth & Spending
And the other thing that I would point you to is 70 of the cards that we acquire are paying fees,2022 Q4,0,Growth & Spending
"So, you know, thats how we come up with 15 to 17",2022 Q4,-1,General
Operator Thank you,2022 Q4,2,Customer & Cards
The next question is coming from Sanjay Sakhrani of KBW,2022 Q4,1,Executive & Financial
Please go ahead,2022 Q4,2,Customer & Cards
"Sanjay Sakhrani -- Keefe, Bruyette and Woods -- Analyst Thanks",2022 Q4,1,Executive & Financial
Good morning,2022 Q4,3,Outlook & Guidance
Its a revenue question as well,2022 Q4,0,Growth & Spending
"Jeff, could you maybe just disaggregate the building blocks of the revenue growth? You know, I know you mentioned a couple of things in terms of the trends on fees and NII",2022 Q4,0,Growth & Spending
Im just looking at discount revenue and the year-over-year change in growth,2022 Q4,0,Growth & Spending
And that sort of decelerated a little bit more than I had anticipated,2022 Q4,-1,General
"I guess, does that slow down? Maybe some help there would be helpful",2022 Q4,-1,General
"Jeff Campbell -- Chief Financial Officer I think, Sanjay, the building blocks are pretty straightforward",2022 Q4,1,Executive & Financial
"And of course, as Steve just pointed out, in our model, you always have to start spending, right? Because thats what drives our model, not lending",2022 Q4,0,Growth & Spending
"And I think probably the important words that I would pick out of some of the things Steve and I have just said is, for most of our spending categories, if you think about whats important in terms of dollars, we really have hit a recovery point",2022 Q4,0,Growth & Spending
"And so, as we look at the Q4 rates, I actually see those exit rates is approaching pretty stable levels for what we think, given the tremendous success were having in bringing new customers into the franchise",2022 Q4,-1,General
"Because, as you know, Sanjay, that is a key aspect of what drives our growth",2022 Q4,1,Executive & Financial
I actually see those rates being fairly stable going forward,2022 Q4,0,Growth & Spending
"So, thats what drives, first, really strong discount revenue growth",2022 Q4,0,Growth & Spending
"You know, our card fee growth, as Steve just mentioned, is super sustainable",2022 Q4,0,Growth & Spending
I just remind everyone that is the one line item that grew double digits right through all the ups and downs of the pandemic,2022 Q4,0,Growth & Spending
"And, gosh, our latest figures that Steve just gave you, 70 of our cardmembers on fee-paying products this quarter, we have a long ways to go to keep growing that card fees",2022 Q4,0,Growth & Spending
"And then, look, its the third leg of the stool",2022 Q4,-1,General
"Its only 19, 20 of our revenues",2022 Q4,-1,General
But net interest income matters,2022 Q4,0,Growth & Spending
And we are still in a rebuilding mode of balance,2022 Q4,-1,General
"Certainly, that process has now begun in earnest",2022 Q4,0,Growth & Spending
And thats why you saw our loans grow a little faster than volumes this quarter,2022 Q4,0,Growth & Spending
"So, you know, I dont expect to see quite as high a rate next year as you saw in Q4, but its still above, in 2023, I would say the stable level and still above where we were pre-pandemic because of that rebuilding process",2022 Q4,-1,General
"So, you put all that together with the comments that youve now heard both Steve and I make, which is, look, we got to run the business based on what we see with our customers who are premium consumers, select segments of small businesses, and the large companies in the world, and thats where you get to the 15 to 17 revenue growth",2022 Q4,-1,General
Operator Thank you,2022 Q4,2,Customer & Cards
The next question is coming from Betsy Graseck of Morgan Stanley,2022 Q4,1,Executive & Financial
Please go ahead,2022 Q4,2,Customer & Cards
Betsy Graseck -- Morgan Stanley -- Analyst Hi,2022 Q4,1,Executive & Financial
Good morning,2022 Q4,3,Outlook & Guidance
"Steve Squeri -- Chairman and Chief Executive Officer Good morning, Betsy",2022 Q4,1,Executive & Financial
"Betsy Graseck -- Morgan Stanley -- Analyst So, another, you know, kind of subtext on this theme, I wanted to understand a little bit about how I should be triangulating the revenue growth outlook, which is very clear with the comments around normalization of credit",2022 Q4,1,Executive & Financial
"Should I be expecting that youre underwriting to that pre-pandemic level of, was it, 2.3 on the slide, with marketing spend being flat and the proprietary, you know, net acquired accounts here, you know, coming down a little bit in the quarter",2022 Q4,-1,General
"So, when I see all that, Im thinking that your, you know, bubble of account acquisitions, you know, is through, I suppose, and you dont need that marketing dollars to drive that incremental rev growth",2022 Q4,0,Growth & Spending
"At the same time as, you know, youre underwriting to a group -- a credit pool thats similar to pre-pandemic, so we should have that, you know, NCO trajectory move back up toward pre-pandemic",2022 Q4,-1,General
"Or is there something, you know, that Im missing in pulling that all together? Thanks",2022 Q4,-1,General
Steve Squeri -- Chairman and Chief Executive Officer Thanks,2022 Q4,1,Executive & Financial
"Well, Ill -- theres a lot there",2022 Q4,-1,General
But let me try and talk about marketing and Jeff can pick up on other components,2022 Q4,1,Executive & Financial
"But so, you know, the 5.5 billion of marketing spend was, you know, all-time record high and, you know, the 12.5 million cards that we acquired",2022 Q4,0,Growth & Spending
"The fact that you saw a 300,000 card decrease, you know, sort of sequentially quarter over quarter is not something that were concerned about at all and, you know, some of the timing of when you do your acquisition and so forth",2022 Q4,0,Growth & Spending
And so -- but the key point here is that we are looking at marketing efficiencies,2022 Q4,-1,General
"And, you know, we continuously raise the bar on who we are, you know, bringing into the franchise",2022 Q4,-1,General
"So, you know, were not -- I wouldnt say were at a bubble in terms of card acquisition",2022 Q4,0,Growth & Spending
We dont project card acquisition,2022 Q4,0,Growth & Spending
We provide the card acquisition numbers,2022 Q4,0,Growth & Spending
"But you know, for us -- and probably we need to do a better job, you know, going forward from a metrics perspective",2022 Q4,-1,General
But we really look at revenue,2022 Q4,0,Growth & Spending
"I mean, we look at the cards that we acquire in terms of how much revenue we can acquire",2022 Q4,0,Growth & Spending
"You know, its the same thing with billings",2022 Q4,0,Growth & Spending
"I mean, not all billings are created equal",2022 Q4,0,Growth & Spending
"I mean, theres billings that you have that dont have a lot of value to it within the industry",2022 Q4,0,Growth & Spending
"We look at profitable billings, we look at card fees, and we look at that, as Jeff said, you know, interest income",2022 Q4,-1,General
"So, I wouldnt take away from this that were at an inflection point or a bubble or anything like that",2022 Q4,0,Growth & Spending
I think the 5.5 billion is a tremendous amount of money to go out there and acquire with,2022 Q4,0,Growth & Spending
And were pushing the organization to even be more efficient and more effective with that money,2022 Q4,-1,General
"So, you know, were looking at the same kind of acquisition levels that weve had in the past with higher underwriting standards as well",2022 Q4,-1,General
"As far as operating expenses go, and, you know, as you start to think about that, we had a big step-up in operating expenses as we had tremendous growth, and, you know, having had a lot of experience running the components of this organization from both a technology perspective and an operating perspective, travel, and what have you",2022 Q4,0,Growth & Spending
"As you see those volume increases, you need to manage and get to that -- to get to that next level of scale",2022 Q4,-1,General
And we believe that we have gotten to that next level of scale and well get back to normal operating expense growth,2022 Q4,0,Growth & Spending
"And the other part of it, just like everybody else, Audio gap increase, there was some inflationary pressure within there",2022 Q4,0,Growth & Spending
"But make no mistake about it, there was -- we had to get to another scale",2022 Q4,-1,General
When you have 25 revenue growth -- we have 25 billings growth,2022 Q4,0,Growth & Spending
"When you have, you know, travel bookings that -- you know at all-time highs and continuing to increase quarter over quarter, you have to put in place, not only the digital capabilities, but the people to make sure that you can handle all that",2022 Q4,0,Growth & Spending
"So, from an expense perspective, the reason were able to, you know, say that we think, you know, marketing will be where it is and operating expenses will not grow at the same level that they will is because we believe weve gotten to that scale component, that we now believe that we can grow revenues 15 to 17, get into a 10 growth mode, plus 10-plus growth mode 2024 and beyond, with that scale until the point in time -- and I dont know when that is -- where we have to have another scale, you know, jump",2022 Q4,-1,General
But what you saw from a growth perspective last year was all about the scale,2022 Q4,0,Growth & Spending
"So, Jeff, you want to talk about credit or anything else or -- Jeff Campbell -- Chief Financial Officer No, I think you got it",2022 Q4,1,Executive & Financial
Steve Squeri -- Chairman and Chief Executive Officer All right,2022 Q4,1,Executive & Financial
"So, thats how I would think about that in terms of going below, you know, sort of the components of revenue and how expenses relate to that revenue",2022 Q4,0,Growth & Spending
Operator Thank you,2022 Q4,2,Customer & Cards
The next question is coming from Mark DeVries of Barclays,2022 Q4,1,Executive & Financial
Please go ahead,2022 Q4,2,Customer & Cards
"Mark DeVries -- Barclays -- Analyst Yeah, Thank you",2022 Q4,1,Executive & Financial
"Im sorry if I missed this, but can you talk about how sensitive your revenue guidance is to the macro? Kind of what gets you to the high and low end of the range you provided? And are you using at all the same assumptions around GDP and unemployment that you use to, you know, to kind of set the reserve levels? Jeff Campbell -- Chief Financial Officer You know, Mark, one of the interesting things that I think surprises people, as we have looked historically every way you can imagine, trying to find really direct correlations between GDP growth and, for that matter, between movements in the markets that affect peoples financial wealth, and the-- I think surprising thing to many people is we cant find any direct correlation between those two things",2022 Q4,0,Growth & Spending
"So, when you look at our 15 to 17 guidance, its really come back to what Steve and I have both now said a couple of times, driven by our best indicator is what we see with our customers around the globe and how theyre behaving",2022 Q4,-1,General
And we certainly are aware of and think about various macroeconomic forecasts,2022 Q4,-1,General
But you start with what behaviors are we actually seeing,2022 Q4,-1,General
"And Id also remind everyone that, you know, the U.S",2022 Q4,0,Growth & Spending
remains by far the largest market,2022 Q4,-1,General
The U.S,2022 Q4,0,Growth & Spending
economy shrank in the first two quarters of 2022,2022 Q4,-1,General
"And we just posted revenue growth for the full year, 25",2022 Q4,0,Growth & Spending
"So, when I think about the 15 to 17 range, its really not, oh, 15 is a weaker economy than 17",2022 Q4,-1,General
"Frankly, its -- I wish we were more precise about forecasting, but its just a little bit of forecast error",2022 Q4,-1,General
"I would say, based on the trends weve seen and the macroeconomic consensus, which is absolutely -- you know, the economy is supposed to slow when you look at that consensus, and thats factored in here as well",2022 Q4,0,Growth & Spending
Operator Thank you,2022 Q4,2,Customer & Cards
The next question is coming from Mihir Bhatia of Bank of America,2022 Q4,1,Executive & Financial
Please go ahead,2022 Q4,2,Customer & Cards
Mihir Bhatia -- Bank of America Merrill Lynch -- Analyst Thank you,2022 Q4,1,Executive & Financial
"Jeff Campbell -- Chief Financial Officer Good morning, Mihir",2022 Q4,1,Executive & Financial
Mihir Bhatia -- Bank of America Merrill Lynch -- Analyst I think you said -- good morning -- I think you said 70 of existing loan -- lending growth came from existing members,2022 Q4,0,Growth & Spending
"Is there a similar metric you can share on the spending side? Im just trying to understand, as things normalize and, you know, we get into more of a normal cadence, how -- you know, maybe help us project a little bit on spending growth, how that can translate as we look at your last few quarters of strong acquisitions",2022 Q4,0,Growth & Spending
Thanks,2022 Q4,2,Customer & Cards
"Jeff Campbell -- Chief Financial Officer Well, so what I would say is that when you look at lending, I am going to go back to that 70 number",2022 Q4,1,Executive & Financial
And I do think its an important one to think about the implications,2022 Q4,0,Growth & Spending
"I think, occasionally, people look at our loan growth and say, Oh, is that all the new customers youre acquiring? And, you know, what do you know about them? And so, we actually draw a lot of comfort from the fact that you have 70 of that loan growth coming from just our existing customers that we know well, that we have history with",2022 Q4,0,Growth & Spending
Were really just rebuilding more toward historical levels,2022 Q4,-1,General
"If you think about spending, you know, in our model, we talk a lot about the fact that we have, I think, by the standards of most industries, remarkably higher retention rates, you know, in the high 90, well, range",2022 Q4,0,Growth & Spending
And thats a real key strength of our model,2022 Q4,0,Growth & Spending
"Once we get someone into the franchise, they tend to stay",2022 Q4,-1,General
"You know, that group, depending on the economy, is growing organically a little bit",2022 Q4,0,Growth & Spending
"When you think about adding our new customers, that is a key engine at any point in time of adding another -- you know, in a normal environment and it varies over time, but I might think youre around an 8 to 10 kind of number",2022 Q4,0,Growth & Spending
"So, its a mixture of super low retention, what were doing to spur more spending by our existing customers, and that steady flow of new customers",2022 Q4,0,Growth & Spending
"And so, you know, one of the things that -- again, that Steve and I have both just talked about because I think people seem a little surprised, Steve, by the 15 to 17 is a key driver why were comfortable with that is our tremendous success over the last year and in the first weeks of 2023 in bringing great new customers into the franchise",2022 Q4,-1,General
Steve Squeri -- Chairman and Chief Executive Officer Yeah,2022 Q4,1,Executive & Financial
"And the other thing I would say is -- and I said this in my remarks -- you know, this virtuous cycle that we talk about, you know, the more cardmembers we bring in, the more, you know, merchant and partner offers that we can get",2022 Q4,0,Growth & Spending
"And so, you know, the engagement -- the increased engagement from existing cardholders is a really important driver of growth",2022 Q4,0,Growth & Spending
"So, that -- the membership model is, you know, we just dont bring our cardmembers in and sort of watch them, you know, hope they grow",2022 Q4,0,Growth & Spending
"You know, we bring our cardmembers in, and we want to work with them to grow",2022 Q4,0,Growth & Spending
"We do that from a small business perspective with our account development teams, making sure that theyre taking advantage of all the benefits of the card, making sure that theyre spending in categories that they can spend in, maximizing rewards, and so forth",2022 Q4,0,Growth & Spending
"And we do that, you know, with our core base from an offer perspective, you know, through Amex offers, through other, you know, direct offers from, you know, partners, you know, embedded offers within the model",2022 Q4,0,Growth & Spending
"And so, you know, a lot of our engagement, you know, not only from a customer service perspective, is to making sure that our cardmembers are taking advantage of all the aspects of the card that are out there",2022 Q4,0,Growth & Spending
"And so, you know, we really look to grow, you know, same-store sales, right? I mean, so from existing card members, you know, were constantly looking to grow that share of their wallet",2022 Q4,0,Growth & Spending
"And again, that gets easier as the cycle gets bigger because more and more merchants want to reach more and more of our cardmembers",2022 Q4,0,Growth & Spending
Operator Thank you,2022 Q4,2,Customer & Cards
The next question is coming from Brian Foran of Autonomous Research,2022 Q4,1,Executive & Financial
Please go ahead,2022 Q4,2,Customer & Cards
Brian Foran -- Autonomous Research -- Analyst Hi,2022 Q4,1,Executive & Financial
"Obviously, you know, a very positive outlook",2022 Q4,-1,General
"I dont want to sound negative, but I think what were all kind of dealing with is investors being like, This is great",2022 Q4,0,Growth & Spending
Ill take it,2022 Q4,2,Customer & Cards
"But help me think about, you know, what are the risks? Where could it go wrong? So, maybe one question and one follow-up along the same theme",2022 Q4,-1,General
"You know, Jeff, when you were talking about the macro sensitivity, one question I hear sometimes is, you know, the note that the aspirational 2024 and beyond is a steady-state macro",2022 Q4,0,Growth & Spending
"And I get the investor question, like, wheres the dividing line? Like, what would a non-steady-state macro look like where that guidance would then -- aspiration, you know, would then not apply? So, maybe you could touch on that",2022 Q4,-1,General
"Like, what are the bounds in your mind for a steady-state macro? Jeff Campbell -- Chief Financial Officer Well, I think, Brian, I would start with two comments",2022 Q4,1,Executive & Financial
"First, when you think about our long-term aspirations, we dont actually worry about recessions at all, because the reality is, at some point -- and I dont know if its six months from now or six years -- there will be a recession",2022 Q4,0,Growth & Spending
And after that recession will be a recovery,2022 Q4,0,Growth & Spending
And it doesnt change our view of we should be able to steadily grow this company in excess of 10,2022 Q4,-1,General
"Now, when theres a recession where you see a very significant shrinkage in GDP, so not like the first half of last year where maybe the U.S",2022 Q4,0,Growth & Spending
"GDP went down a half a point or something, but where you suddenly see a quarter or two where you have pandemic-like or great financial crisis-like, you know, large percentage declines in GDP and you see huge spikes in unemployment",2022 Q4,0,Growth & Spending
"You know, if you go back to one of the appendix slides, you will see that our CECL credit reserve accounting assumes a baseline and also builds in a downside scenario",2022 Q4,0,Growth & Spending
"In that downside scenario, you have 8 unemployment by the third quarter of 2023",2022 Q4,-1,General
"Well, you know, if theres 8 employment by the third quarter of 2023, were going to have a few quarters where were probably below our longer-term aspirations",2022 Q4,-1,General
But its that kind of large shock thats going to knock us off for a few quarters,2022 Q4,0,Growth & Spending
"But I really want to keep coming back to -- and I suspect, Steve, you might reinforce this -- but it doesnt change our long-term aspirations or how were going to run the company",2022 Q4,0,Growth & Spending
Steve Squeri -- Chairman and Chief Executive Officer No,2022 Q4,1,Executive & Financial
"And I think, you know, just go back to the pandemic",2022 Q4,0,Growth & Spending
"So, you know, look, we pulled back on acquiring cardmembers because I dont think anybody had any line of sight",2022 Q4,0,Growth & Spending
"I mean, the pandemic was worse than the financial crisis from a credit underwriting perspective",2022 Q4,-1,General
"You know, you never say never",2022 Q4,0,Growth & Spending
"But, you know, thats sort of like the 100-year flood, right? And so, you know, my perspective is, you know, well still acquire in that kind of scenario",2022 Q4,0,Growth & Spending
"And remember, everything we acquire today, we acquire through the cycle",2022 Q4,-1,General
But what we would do is move the credit criteria even further up,2022 Q4,0,Growth & Spending
But what we would do again is we would engage with our cardmembers,2022 Q4,0,Growth & Spending
"I think one of the most successful things that we did during the pandemic was retaining cardholders, retaining those cardholders, whether it was through financial relief programs that got them through the hump for a couple of months or six months, whatever it was, or engaging them to spend in other areas and to want to stick to -- stick with us",2022 Q4,0,Growth & Spending
"So, you know, the reality is, is that, you know, if we were running this business quarter to quarter, which we dont, you know, you would pull back",2022 Q4,0,Growth & Spending
"But the reality is, as Jeff said, after every recession is a recovery",2022 Q4,0,Growth & Spending
And the last thing you want to do is retrench in such a way that youre not going to be able to take advantage of the recovery,2022 Q4,-1,General
"And that retrenchment, you know -- you know, it looks like, you know, layoffs that dont make sense and, you know, market pulling back on marketing, and trying to hit a -- hit an EPS number for a quarter or for a year that, you know, is irrelevant",2022 Q4,0,Growth & Spending
Whats relevant is for a 172-year-old company to continue to grow over the medium and long term,2022 Q4,0,Growth & Spending
And the way you do that is you invest judiciously and you invest smartly,2022 Q4,0,Growth & Spending
"And in times when things are bad, you invest in your infrastructure, you invest in your people because youre going to need great people through -- when a recession is over and Inaudible is going to need to do that",2022 Q4,0,Growth & Spending
And where companies make mistakes is let go of great people and also do not invest in those things theyre going to need six to nine months from now when the recession is over,2022 Q4,0,Growth & Spending
"So, yeah, we may have a moment in time",2022 Q4,-1,General
"As Jeff said, it could be six months, it could be six years, but there will be a time when we dont make that",2022 Q4,-1,General
And -- but there will be a time when we see that,2022 Q4,-1,General
"And thats why we say, you know, our long-term aspiration is for 10 -- you know, 10 plus growth in revenue",2022 Q4,0,Growth & Spending
"And, you know, we feel were on our way to that",2022 Q4,0,Growth & Spending
Operator Thank you,2022 Q4,2,Customer & Cards
The next question is coming from Rick Shane of J.P,2022 Q4,1,Executive & Financial
Morgan,2022 Q4,1,Executive & Financial
Please go ahead,2022 Q4,2,Customer & Cards
Rick Shane -- JPMorgan Chase and Company -- Analyst Thanks for taking my question,2022 Q4,1,Executive & Financial
"Look, when we look at Slide 5, its really interesting in terms of the contribution and the significant growth from millennials and Gen Z",2022 Q4,0,Growth & Spending
"And you guys have been really successful there, and weve seen that progress over time",2022 Q4,0,Growth & Spending
"Im curious, given that the millennial, Gen Z growth in the last year was basically 5x, you know, 4x to 5x other cohorts, and the significant loan growth, if we looked at this distribution by age cohort, not for build business but by portfolio in terms of borrowings, what the distribution, what would it look like, would millennials over-index versus the peers? Steve Squeri -- Chairman and Chief Executive Officer Well, the short answer, Rick, is no",2022 Q4,0,Growth & Spending
"When you think about the behavior of the millennials and Gen Zs, there are a few distinguishing features, and weve talked about these",2022 Q4,0,Growth & Spending
They tend to be more digitally engaged,2022 Q4,-1,General
"They tend to be more engaged with the overall value proposition, which we actually see as a good thing",2022 Q4,-1,General
"Because of that, they often will engage more quickly when they get a new product",2022 Q4,0,Growth & Spending
"But it also reminds you of the other stat weve talked about this morning, which is 70 of our growth in loans now is coming from existing customers",2022 Q4,0,Growth & Spending
"So, as we add a lot of these millennials there, that segment is still not adding as much to the loan growth because of the rebuild imbalances by your existing customers",2022 Q4,0,Growth & Spending
"So, while the behaviors of the younger cardmembers are, on average, similar to the older cardmembers, when you think about borrowing, just sort of the math here because youve got this rebuilding effect, wed say that theyre not driving that big a portion of our loan growth",2022 Q4,-1,General
Yeah,2022 Q4,2,Customer & Cards
"And, you know, we tend to get a higher share of their wallets, but they have lower -- they do have lower spending",2022 Q4,-1,General
"And, you know, the great part about millennials and Gen Zs is that there -- and depending on where you are in millennial, I mean, some millennials are 40 now",2022 Q4,0,Growth & Spending
"So, I mean, theyre in a, you know, a different thing",2022 Q4,-1,General
"But -- and the reality is the lifetime value of these cardholders is going to be significantly more than the lifetime value of, you know, acquiring a boomer or acquiring a Gen Xer right now",2022 Q4,0,Growth & Spending
And that is -- thats very attractive as well,2022 Q4,0,Growth & Spending
"And if you look again, Rick, on -- you know, on Page 5, youll see that -- look, its 30 of the build business growth",2022 Q4,-1,General
"On the other hand, you know, the boomer growth is only 6",2022 Q4,0,Growth & Spending
"And, you know -- and some of those have been leery to go back traveling still",2022 Q4,0,Growth & Spending
"So, you know, wed also expect that to go up",2022 Q4,-1,General
Operator Thank you,2022 Q4,2,Customer & Cards
The next question is coming from Dominick Gabriele of Oppenheimer,2022 Q4,1,Executive & Financial
Please go ahead,2022 Q4,2,Customer & Cards
"Dominick Gabriele -- Oppenheimer and Company -- Analyst Hey, good morning",2022 Q4,1,Executive & Financial
Good results,2022 Q4,2,Customer & Cards
"Jeff Campbell -- Chief Financial Officer Hey, Dominick",2022 Q4,1,Executive & Financial
Dominick Gabriele -- Oppenheimer and Company -- Analyst Good morning,2022 Q4,1,Executive & Financial
I just want to change the topic a little bit,2022 Q4,-1,General
"You know, I just wanted your updated thoughts",2022 Q4,-1,General
"If you could just remind everybody about your ability to make account-by-account purchase limit authorization decisions given, you know, many of the accounts dont actually have stated line sizes on the charge cards",2022 Q4,0,Growth & Spending
"So, Im just really wondering about severity of loss in a downturn versus, you know, the frequency is more based on unemployment, but your ability to really hone in on limiting the severity of loss given your underwriting techniques",2022 Q4,0,Growth & Spending
"Thanks so much, guys",2022 Q4,2,Customer & Cards
"Steve Squeri -- Chairman and Chief Executive Officer I mean, I think you just reminded us",2022 Q4,1,Executive & Financial
"You know, the reality is -- its couple of things, right? Number one, you know, we constantly go through and look at contingent liability thats not being utilized",2022 Q4,-1,General
"And so, you know, if we have somebody that has X for a line and theyre only using 25 of X, we may not keep X there that long",2022 Q4,-1,General
"We dont want to be a lender of last resort, right? Thats number one",2022 Q4,0,Growth & Spending
"Number two, you know, we also are -- you know, for new cardmembers, were raising those cycles -- raising the limit, excuse me -- raising the limit, the hurdle rate that we acquire cardmembers",2022 Q4,0,Growth & Spending
But we underwrite every transaction,2022 Q4,0,Growth & Spending
We make a credit decision not based on the line because most of our cardmembers do not have a line,2022 Q4,0,Growth & Spending
"I mean, obviously, traditional lending cards have line",2022 Q4,0,Growth & Spending
"But other than that, we are underwriting every single transaction",2022 Q4,0,Growth & Spending
"So, were not letting somebody just run it up because theyve run it up in the past",2022 Q4,-1,General
And were not letting somebody run up to a limit and have that write-off,2022 Q4,-1,General
One of the advantages of our model -- and Im not going to get into all the variables underneath for a couple of reasons,2022 Q4,0,Growth & Spending
"Number one, we dont have time",2022 Q4,-1,General
"And number two, its very complicated",2022 Q4,0,Growth & Spending
"And number three, I probably dont fully understand the whole thing either, but, you know, its -- it is an advantage",2022 Q4,0,Growth & Spending
This model is that every single transaction is adjudicated on its own merits,2022 Q4,0,Growth & Spending
Its not adjudicated based on an open-to-buy,2022 Q4,0,Growth & Spending
And that is very important,2022 Q4,0,Growth & Spending
"It also -- but you know, thats a -- from a credit perspective, thats a really reassuring thing",2022 Q4,0,Growth & Spending
"But from a spending perspective, it also enables why you read some of these stories of, hey, I just bought, you know, a painting for 75 million",2022 Q4,0,Growth & Spending
"Theres nobody that has a 75 million line, right? Now, those are very difficult underwriting decisions and, you know, not for the faint of heart",2022 Q4,-1,General
"But it does show that we make those same kind of decisions on a 200 purchase, on a 400 purchase",2022 Q4,0,Growth & Spending
"Every single transaction that comes through this system is adjudicated on its own merits, not on sort of some open to buy",2022 Q4,0,Growth & Spending
And that gives us great comfort in terms of not having somebody just run something up and then have something written off,2022 Q4,-1,General
Jeff Campbell -- Chief Financial Officer Yeah,2022 Q4,1,Executive & Financial
"And the only thing Ill add, I think that is a unique capability we have honed over many decades since we first started the charge card product",2022 Q4,0,Growth & Spending
"The other advantage of the charge card product, I would say, Dominick, is it does give us this population who is supposed to pay us in full every 30 days, which actually is almost like an early warning system from an overall risk management perspective, when there are problems that pop up in various parts of the world or various segments or various customer types",2022 Q4,0,Growth & Spending
And we think thats actually helpful to our overall results,2022 Q4,-1,General
"And its part of the many things that drives us historically and today to have, by far, best-in-class credit metrics",2022 Q4,0,Growth & Spending
Operator Thank you,2022 Q4,2,Customer & Cards
The next question is coming from Moshe Orenbuch of Credit Suisse,2022 Q4,-1,General
Please go ahead,2022 Q4,2,Customer & Cards
Moshe Orenbuch -- Credit Suisse -- Analyst Great,2022 Q4,-1,General
Great,2022 Q4,2,Customer & Cards
"Sorry to go back to the revenue guide, but Jeff -- and I appreciate the 25 revenue growth for the full year",2022 Q4,0,Growth & Spending
But the quarter was 17,2022 Q4,0,Growth & Spending
"And, you know, between you and Steve, you both said that, you know, there was going to be a slowdown",2022 Q4,3,Outlook & Guidance
"Still strong, obviously, but a slowdown in card fee revenue growth, and with the comments about margin, probably net interest income",2022 Q4,0,Growth & Spending
"So, I guess, you know, is there a part of the revenue base that you think is accelerating in 23? Jeff Campbell -- Chief Financial Officer Well, so two comments",2022 Q4,0,Growth & Spending
"I think its a good call, Moshe",2022 Q4,-1,General
"The first comment is, as you think about 2021, of course, the base year here, you saw things progressively pick up as you went through the years",2022 Q4,-1,General
"So, thats why, each quarter, our volumes, on a year-over-year basis, have slowed a little bit",2022 Q4,0,Growth & Spending
But we also have pointed out that I think youre sort of through that recovery period now,2022 Q4,0,Growth & Spending
"So, I think what you see in Q4, in our view, is very typical of what youre going to get",2022 Q4,-1,General
"Now, the one exception that we do think will accelerate is the net interest income piece because you do have customers continuing to rebuild balances",2022 Q4,0,Growth & Spending
"So, net card fees probably moderates a little bit, net interest income probably accelerates a little bit, but your discount revenue should be pretty consistent with what you have seen in this quarter",2022 Q4,0,Growth & Spending
And thats really the model that leads you from Q4 to what we expect for 2023,2022 Q4,-1,General
Operator Thank you,2022 Q4,2,Customer & Cards
The next question is coming from Bob Napoli of William Blair,2022 Q4,1,Executive & Financial
Please go ahead,2022 Q4,2,Customer & Cards
Robert Napoli -- William Blair and Company -- Analyst Thank you,2022 Q4,1,Executive & Financial
Maybe some topics that havent been touched on yet,2022 Q4,-1,General
"And, Steve, you called out investment in services and adjacencies, Id say",2022 Q4,0,Growth & Spending
"And also the international piece, expanding your merchant acceptance there",2022 Q4,-1,General
"So, just any callouts on adjacencies to B2B payments and your -- how that contributes to your long-term strategy? And then, international, I seem to recall Japan being an important market for you",2022 Q4,0,Growth & Spending
Saw some good growth internationally,2022 Q4,-1,General
"Japan reopened, Chinas reopening",2022 Q4,-1,General
Is there acceleration potential in international in 2023? Steve Squeri -- Chairman and Chief Executive Officer Yeah,2022 Q4,1,Executive & Financial
"Sol let me hit a couple of these topics, and hopefully, Ill remember them all that you went through",2022 Q4,-1,General
"But look, I think, international, you know, weve seen Inaudible really good and just look at the slides",2022 Q4,0,Growth & Spending
"Youve seen really good growth from not only a consumer perspective, which is over 20, but international, SME, and large corporations are growing at 32",2022 Q4,-1,General
"So -- and remember, pre-pandemic, those are the fastest-growing parts of our business",2022 Q4,0,Growth & Spending
"So, we expect that to continue to grow, which obviously Japan is part of it and one of our -- you know, one of our top markets",2022 Q4,-1,General
"From a -- from an acceptance perspective, we continue to grow, you know, acceptance internationally",2022 Q4,-1,General
"Were really happy with, you know, with the coverage gains that we -- that weve had",2022 Q4,0,Growth & Spending
And we continue to focus on that,2022 Q4,0,Growth & Spending
"You know, weve talked about focusing on priority cities",2022 Q4,-1,General
"We focused on, you know, all the categories, e-commerce and restaurants and lodging and tourist attractions, airlines, hotel, and so forth to get those up",2022 Q4,0,Growth & Spending
"But again, you know, with that, were getting 23 and 32 billings growth",2022 Q4,0,Growth & Spending
And our coverage is not where we want it to be yet,2022 Q4,0,Growth & Spending
And we will continue to invest in that coverage,2022 Q4,0,Growth & Spending
"Look, as far as B2B goes, B2B continues to be a good story for us, but its just a small part -- its a smaller part of the business",2022 Q4,0,Growth & Spending
"And, you know, we continue to invest in capabilities",2022 Q4,0,Growth & Spending
"And, you know, well continue to focus on B2B, but that will add not only to commercial spending, but that will also add to small business spending as well",2022 Q4,0,Growth & Spending
"And remember, 80 of the small business spending that we have is in the category of B2B spending",2022 Q4,0,Growth & Spending
"And so, well continue to hunt for that and, you know, try and automate more and more of those billings",2022 Q4,0,Growth & Spending
And its -- makes it easy to get on the card,2022 Q4,0,Growth & Spending
Operator Thank you,2022 Q4,2,Customer & Cards
The next question will be coming from Don Fandetti of Wells Fargo,2022 Q4,1,Executive & Financial
Please go ahead,2022 Q4,2,Customer & Cards
Don Fandetti -- Wells Fargo Securities -- Analyst Hi,2022 Q4,1,Executive & Financial
"Steve, Im just curious if youve seen anything that sort of raised your concern level around competition in U.S",2022 Q4,0,Growth & Spending
consumer or small business,2022 Q4,0,Growth & Spending
"I mean, it seems, to us, like you might be pulling away a little bit from competitors",2022 Q4,0,Growth & Spending
Im not sure if your metrics suggest that or not,2022 Q4,-1,General
"Steve Squeri -- Chairman and Chief Executive Officer Well, I mean, you know, I dont -- we continually look to raise the bar",2022 Q4,1,Executive & Financial
"And, you know, I think that theres a lot of great competitors out there",2022 Q4,0,Growth & Spending
"Weve got, you know, JPMorgan and Bank of America and Wells Fargo and U.S",2022 Q4,1,Executive & Financial
Bank and Capital One,2022 Q4,-1,General
"And, you know, everybody is -- theyre all strong",2022 Q4,-1,General
"And they -- you know, I mean, they had all -- had pretty strong results from a growth perspective",2022 Q4,0,Growth & Spending
"But, you know, as I said, you know, in my remarks, the more value we continue to add, the more we get our flywheel working, the harder it is to catch up",2022 Q4,-1,General
"And, you know, were not resting on our laurels",2022 Q4,-1,General
And thats why we continue to invest,2022 Q4,0,Growth & Spending
"We continue to invest in value propositions, We continue to invest in capabilities",2022 Q4,0,Growth & Spending
We continue to invest in service,2022 Q4,0,Growth & Spending
"And so, are we increasing the distance between us and our competitors? I dont know",2022 Q4,0,Growth & Spending
I dont know how you measure that,2022 Q4,-1,General
But I think were -- our goal is to constantly make it hard for them to catch up,2022 Q4,-1,General
"And our goal is to make sure that were, you know, try and be one step, two steps, or three steps ahead of them",2022 Q4,-1,General
"And, you know, its flattering, actually, that theyre coming after the segments that were in",2022 Q4,0,Growth & Spending
"And, you know -- but competition is there and it is fierce",2022 Q4,0,Growth & Spending
"And, you know, for us, competition is just not U.S",2022 Q4,0,Growth & Spending
consumer,2022 Q4,0,Growth & Spending
"Its small business, its corporate, its international",2022 Q4,0,Growth & Spending
"And so, were fighting a lot of battles here in terms of, you know, defending our territory",2022 Q4,0,Growth & Spending
"But I think the team is doing a really, really good job",2022 Q4,-1,General
But were never going to rest,2022 Q4,-1,General
"And if, in fact, they stopped, we still keep going",2022 Q4,0,Growth & Spending
"So, it is really important",2022 Q4,0,Growth & Spending
"I think its one of the things that we decided a number of years ago that we would constantly refresh our products on a fairly regular basis and add value on an interim basis, which youve seen with our platinum card and our other products",2022 Q4,0,Growth & Spending
And I think thats really helped us out quite a bit,2022 Q4,-1,General
Operator Thank you,2022 Q4,2,Customer & Cards
Our final question will come from Lisa Ellis of MoffettNathanson,2022 Q4,1,Executive & Financial
Please go ahead,2022 Q4,2,Customer & Cards
Lisa Ellis -- MoffettNathanson -- Analyst Terrific,2022 Q4,1,Executive & Financial
Thank you,2022 Q4,2,Customer & Cards
Thanks for squeezing me in,2022 Q4,-1,General
I had a question about international,2022 Q4,-1,General
The 26 of business growth in international really caught my eye because that figure is more than 2x of what Visa and MasterCard international credit growth was in the fourth quarter,2022 Q4,0,Growth & Spending
"And so, I was hoping to just dig in a little bit so -- into what, looking at your international business, is driving that and how sustainable it is",2022 Q4,0,Growth & Spending
It looks like its mostly driven by spending per card,2022 Q4,-1,General
The card growth isnt unusually high,2022 Q4,0,Growth & Spending
"So, is there a -- you know, Im trying to understand, is there a significant share gain going on? Is this acceptance that youre driving? Is there something unique about the geographic composition of the customer base? Can you just dig into that a little bit Inaudible? Thank you",2022 Q4,-1,General
"Steve Squeri -- Chairman and Chief Executive Officer Yeah, well -- yeah, so, Lisa, I think its -- you know, look, pre-pandemic we were pretty close to 20 anyway from an international perspective",2022 Q4,-1,General
"And, look, its a smaller base than Visa, MasterCard, and its a really high premium customer segment",2022 Q4,-1,General
"And, you know, and its a segment that travels",2022 Q4,0,Growth & Spending
Its a card base that travels quite a bit,2022 Q4,0,Growth & Spending
"So, pre-pandemic, we were growing in that 20 range",2022 Q4,0,Growth & Spending
"And, you know, that growth was, you know, due to a real focus on value proposition and a focus on merchant acceptance",2022 Q4,-1,General
"I think what youre seeing right now, which is, you know, 26 growth, which is slightly outsized growth, is still a recovery from the pandemic, right? I mean, if you think about it, this 26 growth quarter over quarter, you still had a lot of lockdowns",2022 Q4,-1,General
"People were not traveling last -- you know, last year at this time in international",2022 Q4,0,Growth & Spending
"And so, you know, look, our goal is to you know -- our hope is to continue to grow this business as it was pre-pandemic at around that 20 level",2022 Q4,0,Growth & Spending
"But, you know, from my perspective, theres really nothing unusual here",2022 Q4,0,Growth & Spending
"Were sticking to our strategy, enhancing the value, continue to add merchant acceptance, and continuing to invest in this segment -- these two segments of small business and an international consumer card, which were fast growing pre-pandemic",2022 Q4,0,Growth & Spending
"So, nothing really unusual",2022 Q4,0,Growth & Spending
"And, you know, wed probably normalize a little bit, you know, as the year goes on because people were getting out there and traveling and we got into the second and third quarters",2022 Q4,-1,General
"Kerri Bernstein -- Head of Investor Relations With that, we will bring the call to an end",2022 Q4,1,Executive & Financial
Thank you for joining todays call and for your continued interest in American Express,2022 Q4,2,Customer & Cards
The IR team will be available for any follow-up questions,2022 Q4,-1,General
"Operator, back to you",2022 Q4,-1,General
"Operator Ladies and gentlemen, the webcast replay will be available on our investor relations website at ir.americanexpress.com shortly after the call",2022 Q4,-1,General
"You can also access a digital replay of the call at 877 660-6853 or 201 612-7415, access code 13734498 after 1 p.m",2022 Q4,-1,General
Eastern Time on January 27th through February 3rd,2022 Q4,-1,General
That will conclude our conference call for today,2022 Q4,0,Growth & Spending
Thank you for your participation,2022 Q4,2,Customer & Cards
You may now disconnect,2022 Q4,2,Customer & Cards
"Duration 0 minutes Kerri Bernstein -- Head of Investor Relations Steve Squeri -- Chairman and Chief Executive Officer Jeff Campbell -- Chief Financial Officer Ryan Nash -- Goldman Sachs -- Analyst Sanjay Sakhrani -- Keefe, Bruyette and Woods -- Analyst Betsy Graseck -- Morgan Stanley -- Analyst Mark DeVries -- Barclays -- Analyst Mihir Bhatia -- Bank of America Merrill Lynch -- Analyst Brian Foran -- Autonomous Research -- Analyst Rick Shane -- JPMorgan Chase and Company -- Analyst Dominick Gabriele -- Oppenheimer and Company -- Analyst Moshe Orenbuch -- Credit Suisse -- Analyst Robert Napoli -- William Blair and Company -- Analyst Don Fandetti -- Wells Fargo Securities -- Analyst Lisa Ellis -- MoffettNathanson -- Analyst More AXP analysis All earnings call transcripts This article is a transcript of this conference call produced for The Motley Fool",2022 Q4,1,Executive & Financial
"While we strive for our Foolish Best, there may be errors, omissions, or inaccuracies in this transcript",2022 Q4,4,Other
"As with all our articles, The Motley Fool does not assume any responsibility for your use of this content, and we strongly encourage you to do your own research, including listening to the call yourself and reading the companys SEC filings",2022 Q4,1,Executive & Financial
"Please see our Terms and Conditions for additional details, including our Obligatory Capitalized Disclaimers of Liability",2022 Q4,-1,General
"American Express is an advertising partner of The Ascent, a Motley Fool company",2022 Q4,-1,General
The Motley Fool has no position in any of the stocks mentioned,2022 Q4,1,Executive & Financial
The Motley Fool has a disclosure policy,2022 Q4,1,Executive & Financial
Average returns of all recommendations since inception,2022 Q4,-1,General
Cost basis and return based on previous market day close,2022 Q4,-1,General
Invest better with The Motley Fool,2022 Q4,1,Executive & Financial
"Get stock recommendations, portfolio guidance, and more from The Motley Fools premium services",2022 Q4,1,Executive & Financial
"Making the world smarter, happier, and richer",2022 Q4,-1,General
 1995 - 2026 The Motley Fool,2022 Q4,1,Executive & Financial
All rights reserved,2022 Q4,0,Growth & Spending
Market data powered by Xignite and Polygon.io,2022 Q4,2,Customer & Cards
"About The Motley Fool Our Services Around the Globe Free Tools Affiliates  Friends AXP earnings call for the period ending December 31, 2022.",2022 Q4,2,Customer & Cards
"Operator Ladies and gentlemen, thank you for standing by",2023 Q2,2,Customer & Cards
Welcome to the American Express Q2 2023 earnings call,2023 Q2,-1,General
"At this time, all participants are on a listen-only mode",2023 Q2,0,Growth & Spending
"Later, we will conduct a question-and-answer session",2023 Q2,2,Customer & Cards
"Operator instructions As a reminder, todays call is being recorded",2023 Q2,-1,General
"I will now turn the conference over to our host, head of investor relations, Ms",2023 Q2,-1,General
Kerri Bernstein,2023 Q2,1,Executive & Financial
Thank you,2023 Q2,2,Customer & Cards
Please go ahead,2023 Q2,2,Customer & Cards
"Kerri Bernstein -- Head of Investor Relations Thank you, Donna, and thank you all for joining todays call",2023 Q2,1,Executive & Financial
"As a reminder, before we begin, this discussion contains certain forward-looking statements about the companys future business and financial performance",2023 Q2,0,Growth & Spending
These are based on managements current expectations and are subject to risks and uncertainties,2023 Q2,-1,General
Factors that could cause actual results to differ materially from these statements are included in todays presentation slides and in our reports on file with the SEC,2023 Q2,4,Other
The discussion today also contains non-GAAP financial measures,2023 Q2,0,Growth & Spending
The comparable GAAP financial measures are included in this quarters earnings materials as well as the earnings materials for the prior periods we discussed,2023 Q2,0,Growth & Spending
All of these are on our website at ir.americanexpress.com,2023 Q2,-1,General
"Well begin today with Steve Squeri, chairman and CEO, who will start with some remarks about the companys progress and results",2023 Q2,-1,General
"And then Jeff Campbell, chief financial officer, will provide a more detailed review of our financial performance",2023 Q2,1,Executive & Financial
"After that, well move to a QA session on the results with both Steve and Jeff",2023 Q2,2,Customer & Cards
"With that, let me turn it over to Steve",2023 Q2,3,Outlook & Guidance
"Steve Squeri -- Chairman and Chief Executive Officer Good morning, everyone",2023 Q2,1,Executive & Financial
Thanks for joining us today for our second-quarter earnings call,2023 Q2,2,Customer & Cards
This was the sixth consecutive quarter of strong performance since we announced the growth plan in January of 2022,2023 Q2,-1,General
Revenues of 15 billion grew 12 year over year and reached a record high for the fifth straight quarter,2023 Q2,0,Growth & Spending
Earnings per share of 2.89 is also a quarterly record and is also up 12 over the last year,2023 Q2,0,Growth & Spending
"Based on our performance through the first half, we are reaffirming our guidance for the year of delivering revenue growth of 15 to 17  and EPS of 11 to 11.40",2023 Q2,0,Growth & Spending
We also remain focused on achieving our growth plan aspirations of annual revenue growth in excess of 10 and mid-teens EPS growth in 2024 and beyond in a steady-state macro environment,2023 Q2,0,Growth & Spending
I continue to feel very good about our ability to achieve these long-term aspirations,2023 Q2,-1,General
Let me tell you why,2023 Q2,-1,General
"As Ive said on previous calls and at investor conferences, we have a business model thats differentiated from others in the industry, which gives us some important advantages",2023 Q2,0,Growth & Spending
"Our business model is built largely around a fee-based premium -- our fee-based premium products, which drive our spend-centric economics and produced a fast-growing stream of subscription-like revenues",2023 Q2,0,Growth & Spending
"Spending is the largest contributor of revenues, while lending plays a more modest role in our model",2023 Q2,0,Growth & Spending
This revenue mix is a key differentiator for us,2023 Q2,0,Growth & Spending
"It all starts with our premium customer base, which is built on our trusted brand",2023 Q2,0,Growth & Spending
We have a global scale thats unmatched in the industry and leadership positions with a diverse range of high-quality customers,2023 Q2,-1,General
We build long-term relationships through our unique membership model which we constantly evolve to attract new customers and grow with them over time,2023 Q2,0,Growth & Spending
"Our high-spending cardmembers attract a wide range of merchants and business partners, giving our customers and partners even more reasons to stay with us, which fuels a virtuous cycle of growth",2023 Q2,0,Growth & Spending
Partnerships play an important role in our model,2023 Q2,0,Growth & Spending
We have a long history of partnering with brands who share our values of backing customers with world-class products and services and who value developing broad-based and long-term relationships with us,2023 Q2,-1,General
Hilton is one of those long-standing partnerships,2023 Q2,0,Growth & Spending
"Our relationship started 70 years ago when we opened a travel office in a Hilton hotel in Madrid, then grew into a merchant relationship after we began issuing cards, and then became our first co-brand partner in the 90s",2023 Q2,0,Growth & Spending
The partnership has lasted and grown over time because we evolve together and put our customers at the center of what we do,2023 Q2,0,Growth & Spending
"Today, Im pleased to announce that weve signed a 10-year extension of our relationship with Hilton, which includes continuing as the exclusive co-brand issuer of Hilton consumer and small business cards in the United States, as well as extensions of our travel and merchant relationships",2023 Q2,0,Growth & Spending
This extension builds on the strong foundation weve built over the years with Hilton and gives us a long runway to invest in products and services and experiences that attract new customers and deepen our relationships with existing ones,2023 Q2,0,Growth & Spending
"Its a great example of the strength of our business model and that it touches virtually all aspects of our business, providing our customers and our partner with exceptional value",2023 Q2,-1,General
"Our philosophy of making continuous strategic investments in our business model is whats driving our growth today, and its the way we plan to run our business going forward",2023 Q2,0,Growth & Spending
For our second quarter performance,2023 Q2,0,Growth & Spending
The power of our differentiated model can be seen in our results,2023 Q2,0,Growth & Spending
Cardmembers spending hit another all-time high in the quarter with U.S,2023 Q2,0,Growth & Spending
"consumers and cardmembers outside the U.S., both up by double digits, which offset some softness in U.S",2023 Q2,0,Growth & Spending
small business,2023 Q2,0,Growth & Spending
Millennial and Gen Z consumers continue to be the fastest-growing portion of our cardmember base with U.S,2023 Q2,0,Growth & Spending
billings up 21 in the quarter,2023 Q2,0,Growth & Spending
"Of particular note, youll recall that our international card business was our fastest-growing segment for several years prior to the pandemic, and its again the fastest-growing",2023 Q2,0,Growth & Spending
"We continue to see strong growth in travel and entertainment spending, which increased by double digits in the quarter and remain strong across customer categories and geographies",2023 Q2,0,Growth & Spending
"Q2 is a record quarter for restaurant reservations through our Resy platform, and bookings to our consumer travel business reached their highest levels since before the pandemic",2023 Q2,0,Growth & Spending
We also saw continued strong demand for our premium products in the quarter with over 70 of the new accounts we acquired on fee-based products and more than 60 of new customer accounts acquired globally are coming from millennials and Gen Zs,2023 Q2,0,Growth & Spending
"While the number of new accounts is important, we pay particular attention to the quality and potential revenues they represent",2023 Q2,0,Growth & Spending
"And when you look at the accounts weve acquired over the last year compared to those we acquired over a comparable period pre-pandemic, the overall revenue being generated by these new accounts is up substantially over 2019",2023 Q2,-1,General
"Importantly, we continue to be thoughtful about who we grow with and how, and you see that in our results",2023 Q2,0,Growth & Spending
"Our credit metrics remain best in class, supported by the premium nature of our customer base, our robust risk management capabilities, and the thoughtful underwriting actions we take on an ongoing basis that weve discussed with you on these calls over the last several quarters",2023 Q2,0,Growth & Spending
"Before I turn it over to Jeff, I want to take a couple of minutes to talk about our CFO transitions",2023 Q2,1,Executive & Financial
"As we announced last month, Jeff will be stepping down as our CFO on August 14th, at which time our deputy control -- our deputy CFO, Christophe -- Christophe Le Caillec, will become CFO of the company",2023 Q2,1,Executive & Financial
"First, Ill recognize Jeff and thank him for his outstanding tenure as our CFO for the past decade",2023 Q2,1,Executive & Financial
Hes been an invaluable partner and friend to me and to American Express throughout his time at the company,2023 Q2,2,Customer & Cards
"Jeffs insights, strategic acumen, and calm, focused approach has helped us navigate through numerous challenges, including the unprecedented COVID pandemic, while strengthening the companys overall financial position and the flexibility of our business model",2023 Q2,0,Growth & Spending
"Jeff is a person of exceptional integrity, and our company is stronger today because of him",2023 Q2,1,Executive & Financial
"While Jeff will officially be stepping down as CFO in mid-August, hell be staying on as our vice chairman until next March, during which time hell be available to me, Christophe, and our executive committee as we work on many of the important matters facing the company",2023 Q2,1,Executive & Financial
"Jeff, I know I speak for all of us at American Express when I say that its really been an honor and a pleasure working with you as our CFO these last 10 years",2023 Q2,2,Customer & Cards
I also want to welcome Christophe who has been a trusted partner to our leadership team and a key contributor to our companys growth for 25 years,2023 Q2,2,Customer & Cards
"As our deputy CFO, Christophe works closely with our executive team, Jeff, and me to drive our financial strategy and performance",2023 Q2,-1,General
"Over his tenure, he has served in finance leadership roles across the company",2023 Q2,1,Executive & Financial
"Christophe has gained a deep knowledge of all aspects of our business, and his experience and thoughtful analysis play a key role in our strategic decision-making",2023 Q2,2,Customer & Cards
Im sure you will all enjoy getting to know him,2023 Q2,2,Customer & Cards
"With that, Ill now turn it over to Jeff for his 85th earnings call as a public company CFO and his 41st and final call as the CFO of American Express",2023 Q2,-1,General
"Jeff Campbell -- Chief Financial Officer Well, thank you, Steve, and good morning, everyone",2023 Q2,1,Executive & Financial
"Its good to be here to talk about our second-quarter results, which are tracking with the guidance we gave for the full year and reflects steady progress against our long-term growth aspirations",2023 Q2,0,Growth & Spending
Starting with our summary financials on Slide 2,2023 Q2,-1,General
"Our second-quarter revenues were 15.1 billion, reaching a record high for the fifth straight quarter, up 13 year over year on an FX-adjusted basis",2023 Q2,0,Growth & Spending
"This revenue momentum drove reported net income of 2.2 billion and earnings per share of 2.89, up 12 year over year",2023 Q2,0,Growth & Spending
"This does represent a quarterly EPS record for the company, and it also reflects the sequential strengthening we expected as we move through the year that I mentioned last quarter",2023 Q2,-1,General
"Pretax, pre-provision income was 3.9 billion, up 33 versus the same time period last year, reflecting the strong growth momentum in our underlying earnings",2023 Q2,0,Growth & Spending
"So now, lets get into a more detailed look at our results which, in our spend-centric business model, always begins with a look at volumes which you see on Slides 3 through 7",2023 Q2,-1,General
"In total, you see on Slide 3 that we did reach a new record level for spending on our network this quarter, with total network volumes and billed business up 9 and 8 year over year, respectively, on an FX-adjusted basis",2023 Q2,0,Growth & Spending
"Of course, Id remind you that growth rates were particularly elevated last quarter as we lapped the impact of omicron in the first quarter of the prior year",2023 Q2,0,Growth & Spending
We are now seeing the more stable rates that we expect are more representative of the kind of growth rates we will see in the balance of the year,2023 Q2,0,Growth & Spending
Goods and services spending grew 6 overall in the second quarter,2023 Q2,0,Growth & Spending
We saw good growth in goods and services spending in U.S,2023 Q2,0,Growth & Spending
"consumer and international card services of 8 and 15, respectively, while this growth rate in the U.S",2023 Q2,0,Growth & Spending
SME did continue to slow down a bit further from last quarter,2023 Q2,0,Growth & Spending
"In contrast, we saw very strong growth in travel and entertainment spending across geographies and customer types, up 14 overall driven by sustained demand for travel and dining experiences",2023 Q2,0,Growth & Spending
"Looking forward, I would expect this growth rate to remain in the double digits through the rest of this year",2023 Q2,0,Growth & Spending
"Turning to our largest segment, U.S",2023 Q2,0,Growth & Spending
"consumer, grew billings strongly at 10 this quarter",2023 Q2,0,Growth & Spending
Millennial and Gen Z customers continue to drive our highest billed business growth within this segment with their spending growing 21 year over year,2023 Q2,0,Growth & Spending
You see our highest growth again this quarter in international card services with strong growth across both geographies and customer types,2023 Q2,0,Growth & Spending
"Spending from international consumers grew 16, while spending from international SME and large corporate customers grew 19",2023 Q2,-1,General
This strengthened spending growth from our Inaudible consumers and cardmembers outside the U.S,2023 Q2,-1,General
offset the continued softness in U.S,2023 Q2,0,Growth & Spending
SME spending growth that we have been talking about for the past few quarters,2023 Q2,0,Growth & Spending
Looking at commercial services,2023 Q2,0,Growth & Spending
U.S,2023 Q2,0,Growth & Spending
SME growth came in at 2 this quarter,2023 Q2,0,Growth & Spending
"Looking forward, we will continue to monitor these spending trends",2023 Q2,0,Growth & Spending
Our U.S,2023 Q2,0,Growth & Spending
large and global corporate customers also grew billings 2 in the second quarter,2023 Q2,0,Growth & Spending
"As weve said for many years, these customers, while not a particular growth driver for our business, to remain an important foundation for the companys business model",2023 Q2,0,Growth & Spending
"Taking all of this into account, spending volumes are tracking to support our revenue guidance for the year and our long-term aspirations for sustainable growth rates greater than what we were seeing pre-pandemic",2023 Q2,-1,General
"Now, moving on to loans and cardmember receivables on Slide 8",2023 Q2,-1,General
We saw good continued sequential growth as well as year-over-year growth of 15,2023 Q2,0,Growth & Spending
"Year-over-year growth moderated a bit this quarter, as we expected, but remains elevated versus pre-pandemic levels",2023 Q2,-1,General
The interest-bearing portion of our loan and receivable balances continues to grow faster than the overall growth you see as our customers continue to rebuild balances,2023 Q2,0,Growth & Spending
"Importantly, the majority of this revolving loan growth in the U.S",2023 Q2,0,Growth & Spending
continues to come from our high-credit-quality existing customers,2023 Q2,0,Growth & Spending
"We also included a disclosure this quarter, showing that only 8 of our U.S",2023 Q2,0,Growth & Spending
cardmember loans and receivables comes from customers with a FICO less than 660,2023 Q2,-1,General
"As you then turn to credit and provision on Slides 9 through 11, this high credit quality of our customer base continues to show through in our best-in-class credit performance",2023 Q2,-1,General
Our cardmember loans and receivables write-off in delinquency rates remain below pre-pandemic levels,2023 Q2,0,Growth & Spending
"Delinquency rates remained flat quarter over quarter, while write-off rates continue to move up a bit this quarter as we expected, as you can see on Slide 9",2023 Q2,0,Growth & Spending
"Going forward, as weve talked about for many quarters now, we continue to expect these delinquency and write-off rates to increase over time, but they are likely to remain below pre-pandemic levels in 2023",2023 Q2,0,Growth & Spending
Turning now to the accounting for this credit performance on Slide 10,2023 Q2,-1,General
The quarter-over-quarter growth in our loan balances was the primary driver of our 327 million build,2023 Q2,0,Growth & Spending
There was also a small component from incorporating a slightly worse macroeconomic outlook this quarter relative to last quarter,2023 Q2,0,Growth & Spending
"This reserve build, combined with net write-offs, drove 1.2 billion of provision expense in the second quarter",2023 Q2,0,Growth & Spending
"As you see on Slide 11, we ended the second quarter with 4.7 billion of reserves, representing 2.6 of our total loans and cardmember receivables",2023 Q2,0,Growth & Spending
This reserve remains about 30 basis points below the levels we had pre-pandemic for day one CECL,2023 Q2,0,Growth & Spending
We continue to expect this reserve rate to increase a bit as we move through 2023 while also reflecting the continued premiumization of our portfolio,2023 Q2,0,Growth & Spending
Moving next to revenue on Slide 12,2023 Q2,0,Growth & Spending
Total revenues were up 13 year over year in the second quarter on an FX-adjusted basis,2023 Q2,0,Growth & Spending
"Our largest revenue line, discount revenue, grew 8 year over year in Q2, as you can see on Slide 13, driven by the spending trends we discussed earlier",2023 Q2,0,Growth & Spending
"Net card fee revenues were up 22 year over year in the second quarter on an FX-adjusted basis, as you can see on Slide 14",2023 Q2,0,Growth & Spending
Growth remains quite strong and continues to be driven largely by bringing new accounts onto our fee-paying products,2023 Q2,0,Growth & Spending
"This quarter, we acquired 3 million new cards, and the spend revenue and credit profiles of these acquisitions continue to look strong relative to what we saw pre-pandemic",2023 Q2,0,Growth & Spending
"Importantly, the acquisition trends you see on Slide 14 in this and recent quarters are consistent with our long-term growth aspirations",2023 Q2,-1,General
Moving on to Slide 15,2023 Q2,0,Growth & Spending
"You can see that net interest income was up 32 year over year, driven primarily by the growth in our revolving loan balances",2023 Q2,0,Growth & Spending
To sum up on revenues on Slide 16,2023 Q2,0,Growth & Spending
Were seeing broad-based revenue growth across our revenue lines,2023 Q2,0,Growth & Spending
Were tracking with our expectations,2023 Q2,-1,General
"So, looking forward, we still expect to see revenue growth within our range of 15 to 17 for the full year of 2023",2023 Q2,0,Growth & Spending
"The revenue momentum we just discussed has been driven by the investments weve made, and those investments show up across the expense lines you see on Slide 17",2023 Q2,0,Growth & Spending
Starting with variable customer engagement expenses,2023 Q2,0,Growth & Spending
These costs came in at 42 total revenues in the second quarter and are tracking with our expectation for them to run at around 43 of total revenues on a full-year basis,2023 Q2,-1,General
"On the marketing line, we invested 1.4 billion in the quarter, on track with our expectation to have full-year marketing spend of around 5.5 billion",2023 Q2,0,Growth & Spending
We remain focused on driving efficiencies so that our marketing dollars grow slower than revenues while continuing to drive the high-quality new accounts that Steve discussed earlier,2023 Q2,0,Growth & Spending
"Moving to the bottom of Slide 17 brings us to operating expenses, which were 3.4 billion in the second quarter, also tracking with our expectation for operating expenses to be around 14 billion for the full year",2023 Q2,0,Growth & Spending
"This quarter, you see that, as we expected, we have far less growth in opex relative to our high level of revenue growth",2023 Q2,0,Growth & Spending
"And looking forward, we continue to see opex as a key source of leverage",2023 Q2,0,Growth & Spending
Turning next to capital on Slide 18,2023 Q2,0,Growth & Spending
"We returned 1.6 billion of capital to our shareholders in the second quarter, including common stock purchases of 1.1 billion and 446 million in common stock dividends, all on the back of strong earnings generation",2023 Q2,0,Growth & Spending
"Now, as you know, this is an off-cycle year for Amex as a CCAR bank, but let me briefly remind you of our capital management approach",2023 Q2,0,Growth & Spending
We generally increase our dividend roughly in line with earnings and target a 20 to 25 payout ratio,2023 Q2,0,Growth & Spending
And you saw us do that as we increased our dividend by 15 to 0.60 per share last quarter,2023 Q2,0,Growth & Spending
"We target a CET 1 ratio between 10 and 11, and we ended the second quarter in the middle of that range at 10.6",2023 Q2,0,Growth & Spending
"As we think about the potential finalization of Basel III, Id remind you that our 10 to 11 CET 1 target range is actually well above our current regulatory minimum of 7",2023 Q2,0,Growth & Spending
"We plan to continue to return to shareholders the excess capital we generate while supporting our balance sheet growth, and we dont expect any material near-term changes to our capital management approach driven by the evolution of these rules",2023 Q2,0,Growth & Spending
"So, that then brings us to Slide 19 and the growth plan",2023 Q2,-1,General
"To step back for a minute, I joined American Express 10 years ago in 2013 because I was excited about the long-term growth prospects for the company",2023 Q2,2,Customer & Cards
"Today, as I join you from my last earnings call, Im actually even more excited about those growth prospects",2023 Q2,0,Growth & Spending
Steve and I first introduced our new multiyear growth aspirations back in January of 2022,2023 Q2,0,Growth & Spending
And I would point out that Christophe was in the room for every key decision we made as we developed that plan with the senior business leaders across Amex,2023 Q2,2,Customer & Cards
"Now, in July of 2023, we have consistently achieved the aspirations we set out six quarters ago, thanks to the great efforts of our 77,000 colleagues across American Express",2023 Q2,0,Growth & Spending
"So, we are reconfirming today our 2023 full-year revenue guidance of 15 to 17 growth, with EPS in the range of 11 to 11.40",2023 Q2,0,Growth & Spending
Our revenue momentum and customer acquisition trends are positioning us well for our growth aspirations this year in 2024 and beyond,2023 Q2,-1,General
"So, this momentum, combined with this being my 85th consecutive earnings call across three industries without a break, makes this a good time for me to transition the CFO role to Christophe",2023 Q2,-1,General
"With that, Ill ask Christophe to say a few words before Steve and I take your questions",2023 Q2,2,Customer & Cards
"Christophe Le Caillec -- Deputy Chief Financial Officer Thank you, Jeff, and good morning, everyone",2023 Q2,2,Customer & Cards
"Im excited to continue the strong legacy of performance that Steve and Jeff have delivered, and I look forward to spending time with many of you on the call in the coming months",2023 Q2,3,Outlook & Guidance
"With that, Ill turn the call over back to Kerri to open up the call for your questions",2023 Q2,-1,General
"Kerri Bernstein -- Head of Investor Relations Thank you, Christophe",2023 Q2,1,Executive & Financial
"Before we open up the lines for QA, I will ask those in the queue to please limit yourself to just one question",2023 Q2,2,Customer & Cards
Thank you for your cooperation,2023 Q2,2,Customer & Cards
"And with that, the operator will now open up the line for questions",2023 Q2,2,Customer & Cards
Donna? Operator Operator instructions Our first question comes from Sanjay Sakhrani of KBW,2023 Q2,2,Customer & Cards
Please go ahead,2023 Q2,2,Customer & Cards
"Sanjay Sakhrani -- Keefe, Bruyette and Woods -- Analyst Thanks",2023 Q2,1,Executive & Financial
Good morning,2023 Q2,3,Outlook & Guidance
"And congratulations, Jeff",2023 Q2,3,Outlook & Guidance
"Youve had quite a run at American Express, have been very helpful throughout your tenure, and Im sure you will be in your remaining position",2023 Q2,2,Customer & Cards
"Christophe, I look forward to working with you",2023 Q2,2,Customer & Cards
My first question is on billed business growth,2023 Q2,0,Growth & Spending
"Obviously, theres so much noise over the last couple of years and even in this year",2023 Q2,0,Growth & Spending
"And Im just -- Jeff, you talked about stabilization going forward and expecting that",2023 Q2,3,Outlook & Guidance
"Could you just talk about what gives you the confidence that you see that stabilization because were still a little bit above trend in terms of that growth? And then, you know, what you need in the back half to get to that growth guidance on revenues? Jeff Campbell -- Chief Financial Officer So, gosh, I guess I dont particularly, Sanjay, see us above trend",2023 Q2,-1,General
What gives us confidence is looking at what has actually happened in our business over the course of this year,2023 Q2,-1,General
"In the first quarter, you were clearly lapping omicron, and that was, in some ways, I think, the last of the pandemic-driven noise in our results",2023 Q2,0,Growth & Spending
"As you got into the second quarter, we have seen stabilization across geographies at a level that I would suggest is actually consistent with being in a pretty low-growth economy",2023 Q2,-1,General
"And what youre hearing from us is, with the kind of volume growth that you see this quarter, which we think has stabilized, which we think will continue, that is consistent with both the guidance we provided for this year as well as with our longer-term growth aspirations",2023 Q2,0,Growth & Spending
"I would point out, at some point, the economy is likely to get stronger",2023 Q2,0,Growth & Spending
"But even with the economy in its current kind of low growth state, the volume growth that were seeing now allows us to achieve what we have been committing to for six quarters",2023 Q2,-1,General
Steve Squeri -- Chairman and Chief Executive Officer Yeah,2023 Q2,1,Executive & Financial
"And, you know, look, I mean, just look at consumer, right? I mean, consumer in the U.S",2023 Q2,0,Growth & Spending
"is, you know, up at 10, TE is still very very strong",2023 Q2,0,Growth & Spending
"You know, we talked about travel bookings",2023 Q2,0,Growth & Spending
"Travel bookings more than one month out are higher than theyve been pre-pandemic, they were higher than they were at this time last year, they were higher than they were, you know, obviously in 2019",2023 Q2,0,Growth & Spending
International is really coming back strong for us,2023 Q2,-1,General
"And as we said, its -- you know, it was just growing part of our business",2023 Q2,0,Growth & Spending
"And, you know, the other thing Ill point out is, you know, you just had -- you had a little hangover of noise from omicron in this quarter because, you know, last year, you had a little bit of spending that was pushed from the first quarter to the -- to the second quarter",2023 Q2,-1,General
"And if you look at -- if you go back and look sequentially last year, it was a huge -- a huge increase sequentially quarter over quarter",2023 Q2,0,Growth & Spending
"So, you know, we feel really good about, I mean, you know, its hard to apologize for record billings",2023 Q2,0,Growth & Spending
"And, you know, as Jeff said, its -- its -- its the billings we need to hit our growth plan",2023 Q2,0,Growth & Spending
"So, we feel really good about it",2023 Q2,0,Growth & Spending
"And the other point Ill just reiterate again is that, you know, look, were in a -- were in a low-growth economy right now",2023 Q2,-1,General
Were still out there acquiring cardmembers,2023 Q2,0,Growth & Spending
Credit is really good,2023 Q2,0,Growth & Spending
"You know, our bases -- our base is changing in terms of more millennials and Gen Z who will grow with us",2023 Q2,0,Growth & Spending
"And as the economy gets better, we expect the spending to pick up",2023 Q2,0,Growth & Spending
"So, we feel really confident",2023 Q2,0,Growth & Spending
Operator Thank you,2023 Q2,2,Customer & Cards
The next question is coming from Ryan Nash of Goldman Sachs,2023 Q2,1,Executive & Financial
Please go ahead,2023 Q2,2,Customer & Cards
"Ryan Nash -- Goldman Sachs -- Analyst Hey, good morning, everyone",2023 Q2,1,Executive & Financial
"Jeff Campbell -- Chief Financial Officer Good morning, Ryan",2023 Q2,1,Executive & Financial
"Ryan Nash -- Goldman Sachs -- Analyst Jeff, its been a pleasure working with you, and best of luck in the future",2023 Q2,1,Executive & Financial
"And Christophe, Im looking forward to working with you in the future",2023 Q2,2,Customer & Cards
Maybe to drill down into two areas that were highlighted on the call,2023 Q2,-1,General
"First, you know, commercial, obviously, weve seen a big slowdown there to, you know, 2 year-over-year growth",2023 Q2,-1,General
"Steve, maybe just talk about whats driving the slowdown and what do we need to see for reacceleration",2023 Q2,-1,General
"And, you know, maybe just drill a little bit further on TE in terms of your confidence",2023 Q2,0,Growth & Spending
"Like, it seems like, sequentially, it may have slowed a little bit",2023 Q2,0,Growth & Spending
But I take the point that year-over-year growth rates are still strong,2023 Q2,0,Growth & Spending
"So, can you maybe just talk about what you see as the key drivers of, you know, that remaining in double digits? Thanks",2023 Q2,-1,General
"Steve Squeri -- Chairman and Chief Executive Officer Yeah, I mean, you know, from a TE perspective, and I think you just have to listen to, you know, our friends at Delta and what Ed had said",2023 Q2,1,Executive & Financial
"I mean, theyre seeing record -- record growth",2023 Q2,-1,General
"And for us, you know, were seeing, you know, as -- we have a line of sight into future bookings",2023 Q2,0,Growth & Spending
"And so, when you look at, you know, sort of consumer TE, you know, restaurant, you know, not only is airline bookings up, but if you look at whats going on in restaurants in terms of Resy, you know, I mean, restaurant is probably the biggest segment that we have In TE, you know, because we have all other, but you know, well wind up disaggregating that",2023 Q2,0,Growth & Spending
"Yeah, and it grew 15",2023 Q2,0,Growth & Spending
"And so, you know, we have really strong TE growth",2023 Q2,0,Growth & Spending
"And I think that, you know, people are just back traveling, and so, you know, the line of sight into what we see from Resy and the activity we see on Resy from a restaurant perspective, from the activity that we see in our -- in our consumer travel business, we feel really good about that",2023 Q2,0,Growth & Spending
"You know, as far as a small business and -- and corporate look, I think -- you know, lets talk about large corporate first",2023 Q2,0,Growth & Spending
"I think, you know, large corporate, you know, its -- its -- its crawling its way back is the best way to -- is the best way to describe it",2023 Q2,0,Growth & Spending
It is a small piece of our business,2023 Q2,0,Growth & Spending
Its about 5 of our business right now,2023 Q2,0,Growth & Spending
Its an important piece of our business,2023 Q2,0,Growth & Spending
"And, you know, we value all of the corporate relationships that we have, but, you know, as many of us know, the first step is to get people into the office and then the second step is to get them out onto the road",2023 Q2,-1,General
"And I think what youre seeing a little bit less of is, you know, those -- those one -- you know, these one-stop trips, that quick -- that quick hop to London to meet with that one client or that that quick, you know, sort of run across the country to nave an internal meeting",2023 Q2,0,Growth & Spending
"And youre seeing, you know, less of that",2023 Q2,0,Growth & Spending
"So, I think that will continue to come back",2023 Q2,0,Growth & Spending
"We continue to be aggressive, you know, obviously retaining those customers and aggressively acquiring new customers, but I think thats going to be slower",2023 Q2,0,Growth & Spending
"I dont think thats -- thats coming back as fast, which is a contrast to -- to consumer",2023 Q2,-1,General
"As far as small business goes, I think, you know, when we look at small business, I think the biggest -- the biggest thing there from a small business perspective is really the organic growth",2023 Q2,0,Growth & Spending
I think organic growth has slowed,2023 Q2,0,Growth & Spending
I dont think thats an Amex phenomenon I think thats a little bit of an industry phenomenon,2023 Q2,0,Growth & Spending
"And I think, you know, small businesses grew very very rapidly, and I think they have -- they have slowed down",2023 Q2,0,Growth & Spending
"What we have focused in on, from a small business perspective, is making sure were continuing to acquire more small business customers, continuing to meet the other needs that they have, which are some lending needs for existing customers and also their deposit needs",2023 Q2,-1,General
"And so, as we grow both aspects of those businesses and as when theyre -- when theyre ready to grow again, well be ready to grow judiciously with them",2023 Q2,0,Growth & Spending
And -- and thats what were focused on,2023 Q2,-1,General
"So, you know, look, would we prefer that, you know, our SME business was growing like our consumer business? Sure, we would",2023 Q2,-1,General
"But, you know, there are these cycles, and at this particular point in time, I think youre seeing a little bit of an industrywide slowdown from a small business perspective",2023 Q2,-1,General
"But again, just to pick up on Jeffs point from before, you know, after the slowdown comes the recovery",2023 Q2,3,Outlook & Guidance
"So, you know, well be poised for that",2023 Q2,-1,General
Operator Thank you,2023 Q2,2,Customer & Cards
The next question is coming from Betsy Graseck of Morgan Stanley,2023 Q2,1,Executive & Financial
Please go ahead,2023 Q2,2,Customer & Cards
Betsy Graseck -- Morgan Stanley -- Analyst Hi,2023 Q2,1,Executive & Financial
Good morning,2023 Q2,3,Outlook & Guidance
"Jeff Campbell -- Chief Financial Officer Hi, Betsy",2023 Q2,1,Executive & Financial
"Betsy Graseck -- Morgan Stanley -- Analyst And, Jeff, all the best",2023 Q2,1,Executive & Financial
Its been great working with you,2023 Q2,2,Customer & Cards
"And, Christophe, looking forward to meeting you and working with you as well",2023 Q2,2,Customer & Cards
"I did just want to make sure I understood the guide on the rev outlook here because what Im hearing -- and tell me where Im wrong -- what Im hearing is that billings growth, youre anticipating something similar to what you generated this quarter on a year-on-year basis for, you know, the second half of this year",2023 Q2,0,Growth & Spending
"And, you know, thats a little bit of a slower pace obviously than the rev guide of 15 to 17",2023 Q2,-1,General
"Clearly, 1Q was very strong, well above that",2023 Q2,-1,General
"So, Im just trying to understand if the other lines in revenue are going to more than make up for that, i.e., you know, net interest income",2023 Q2,0,Growth & Spending
"Maybe you could speak to that a little bit or some of the other fee lines that -- you know, that drive your outlook for the 15 to 17 for the full-year rev guide",2023 Q2,0,Growth & Spending
Thanks,2023 Q2,2,Customer & Cards
"Jeff Campbell -- Chief Financial Officer So, I think its an important question, Betsy",2023 Q2,1,Executive & Financial
"But if you really just look at this quarter, the thing I would point out is you do have some unusual noise in the service fees and other revenue line when you look at our Slide 12 and the slide deck, because in the prior year, we had a complicated litigation settlement that drove some unusual movement in that line",2023 Q2,0,Growth & Spending
"What were really saying is that we are in a low-growth economy, but we -- it is consistent with the objectives we set",2023 Q2,-1,General
"If you maintain the volume growth that we have and then combine it with the kind of consistent high growth in net card fees that youve seen right through the pandemic, grew 21 this quarter, you combine it with the fact that you still have customers rebuilding balances a little bit on the net interest income side and you take the noise out on the service fee and other revenue side, you then easily get to a number that is very consistent in the back half of the year with what weve guided for the full year",2023 Q2,0,Growth & Spending
"Steve Squeri -- Chairman and Chief Executive Officer Yeah, and I think, you know, heres -- heres a great example of the model, right? I mean, its a -- its a great example of the three-legged stool",2023 Q2,1,Executive & Financial
"But, you know, weve got -- youve got card fee growth is -- is very, very strong",2023 Q2,0,Growth & Spending
I meanm its a third -- I think its the third straight quarter weve had of 20 card fee plus growth,2023 Q2,0,Growth & Spending
"Yeah, were benefiting a little bit from net interest income",2023 Q2,0,Growth & Spending
"As Jeff said, theres noise in the -- in the -- in the services fee and other revenue, and that will shift",2023 Q2,-1,General
"But, yeah, we feel comfortable with, you know, billings around where we are today to make that revenue guidance because of the three tiers of -- the three tiers of -- of revenue that -- that we have",2023 Q2,0,Growth & Spending
"So, you know, thats -- thats what gives us confidence",2023 Q2,-1,General
Operator Thank you,2023 Q2,2,Customer & Cards
The next question is coming from Rick Shane of J.P,2023 Q2,1,Executive & Financial
Morgan,2023 Q2,1,Executive & Financial
Please go ahead,2023 Q2,2,Customer & Cards
Rick Shane -- JPMorgan Chase and Company -- Analyst Thanks for taking my question,2023 Q2,1,Executive & Financial
"Hey, Jeff, I often say this in these circumstances, a little bit tongue in cheek, that were going to miss you more than youre going to miss us",2023 Q2,3,Outlook & Guidance
But I think thats absolutely true here,2023 Q2,0,Growth & Spending
Its been a pleasure working with you over the years,2023 Q2,2,Customer & Cards
"And, Christophe, were looking forward to getting to know you as well",2023 Q2,2,Customer & Cards
I do -- Betsy really pulled on the thread that Im interested in pursuing as well but would love to sort of think about this a little bit more,2023 Q2,1,Executive & Financial
"When we look at the deceleration of top line in the second quarter, if revenue stays on that trajectory for the second half of the year, it sort of puts you at the low end of your top-line guidance",2023 Q2,0,Growth & Spending
"It sounds like theres a little bit of noise that gives you some confidence, but Im curious, fundamentally, do you think we will see some acceleration in the back half to sort of offset any potential risk if you just look at the trend line? Steve Squeri -- Chairman and Chief Executive Officer We still feel really confident that well be within the 15 to 17",2023 Q2,-1,General
"And, you know, theres -- theres really not a lot more to say other than that, you know",2023 Q2,-1,General
"So, yeah, you have a little -- as I said, you have a little bit of deceleration from a billings perspective, but geez, its a record quarter of billings, you know, 400 -- over 420 billion of -- of billings",2023 Q2,0,Growth & Spending
"And so, again, you know, we feel very confident of the 15 to 17, and well see where it winds up landing within that range, but its the reason we give ranges",2023 Q2,-1,General
Operator Thank you,2023 Q2,2,Customer & Cards
The next question is coming from Bob Napoli of William Blair,2023 Q2,1,Executive & Financial
Please go ahead,2023 Q2,2,Customer & Cards
"Bob Napoli -- William Blair and Company -- Analyst No, thank you",2023 Q2,1,Executive & Financial
Thank you very much,2023 Q2,2,Customer & Cards
"And, Jeff, thank you for your help and good luck to you",2023 Q2,3,Outlook & Guidance
"Christophe, welcome",2023 Q2,2,Customer & Cards
I look forward to meeting you,2023 Q2,2,Customer & Cards
"Id like to ask about your views on credit normalization, kind of a trend in credit normalization",2023 Q2,0,Growth & Spending
"What -- as you look at your portfolio, what we should expect as we look at the -- the aspirations for 2024",2023 Q2,0,Growth & Spending
"So the -- I mean, the back half of 23 is pretty baked but just as we think about that going into 2024 and onward",2023 Q2,0,Growth & Spending
"Jeff Campbell -- Chief Financial Officer Well, I think the most important point to make there, Bob, is that we have a portfolio today that is more premium and stronger than what we had in 2019 and day one CECL",2023 Q2,1,Executive & Financial
"So, that is why we added the additional disclosure this quarter around the small percentage of our portfolio that is in the band where you do see challenges, and thats the FICO band below 660",2023 Q2,0,Growth & Spending
"So, we feel really good about where we are, from a credit perspective, in this environment",2023 Q2,0,Growth & Spending
"I think we feel really good about the fact that, when you look sequentially, you actually saw delinquencies flat",2023 Q2,-1,General
There is complexity in the CECL calculation when you try to do comparisons across companies,2023 Q2,0,Growth & Spending
"I did make the observation that -- the way and with the timing of how we do ours, we actually incorporated a slightly worse economic outlook this quarter than we did last quarter",2023 Q2,0,Growth & Spending
"Sitting here on July 20th, I think most people would say things have perhaps gotten a bit more optimistic in recent days, but you know, well have to see how that influences things",2023 Q2,-1,General
"At core, though, we feel really good about the product choices, the acquisition choices and the risk management choices weve made, which leave us confident that we will be below this year on credit metrics, all of the places we were in 2019",2023 Q2,0,Growth & Spending
"And absent some dramatic change in the economy, I think we feel good about what that means for 2024",2023 Q2,-1,General
Operator Thank you,2023 Q2,2,Customer & Cards
The next question is coming from Craig Moore of FT Partners,2023 Q2,-1,General
Please go ahead,2023 Q2,2,Customer & Cards
"Unknown speaker Yeah, good morning",2023 Q2,3,Outlook & Guidance
"Jeff, for meeting you in the middle of an ice storm till now, I appreciate all the help over the years",2023 Q2,3,Outlook & Guidance
"And, Christophe, looking forward to meeting you soon",2023 Q2,2,Customer & Cards
"So, my question -- my two questions really are around, one, SME, just wanted to dig in a little further there",2023 Q2,-1,General
If you can help me understand if there was a meaningful difference in growth between the total number and if you just looked at it on a same business activity level and took out the new business add,2023 Q2,0,Growth & Spending
"And second, has there been any real difference in credit vintages? Weve recently seen some data on consumer loans that have shown a real deterioration in recent vintages of loans",2023 Q2,0,Growth & Spending
"So, I wanted to ask about that",2023 Q2,-1,General
Thanks,2023 Q2,2,Customer & Cards
"Steve Squeri -- Chairman and Chief Executive Officer Yeah, so for the second question first, the answer is no, its really not just one -- Jeff Campbell -- Chief Financial Officer Well, with the only color, Id remind you, over the course of the past year, Craig, we have talked about the fact that we have consistently made some adjustments from a risk management perspective",2023 Q2,1,Executive & Financial
And I think that is part of why Steve said we dont see any change from a vintages perspective,2023 Q2,3,Outlook & Guidance
"Steve Squeri -- Chairman and Chief Executive Officer Yeah, as far as line of sight into SME, I mean, the way to think about it is, you know, organic is probably flat",2023 Q2,1,Executive & Financial
"You know, you obviously have businesses that go out of business, and so you have, you know, a little bit of -- of sort of, you know, same scores that go away, but the -- the acquisition is still relatively strong",2023 Q2,-1,General
"So, think about organic is having a neutral impact, think about attrition because attrition has a negative impact, but no different than what weve seen over the last few years, and then acquisition in there",2023 Q2,0,Growth & Spending
I think the biggest difference is -- is really organic,2023 Q2,0,Growth & Spending
"And what you saw, you know, through the pandemic, is you saw small businesses continue to add and add and add, And, you know, you got to remember, small businesses use a card to run their entire business",2023 Q2,0,Growth & Spending
"And so, there was a lot of buying ahead from a goods and services perspective, from an inventory perspective",2023 Q2,-1,General
"And so, were going to watch it really closely in terms of have they finally gotten to sort of full stock and what have you",2023 Q2,0,Growth & Spending
"And -- but I think thats the way to think about those three -- those three components, organic basically flat and, you know, acquisition up, and attrition pretty much stable",2023 Q2,0,Growth & Spending
Operator Thank you,2023 Q2,2,Customer & Cards
The next question is coming from Lisa Ellis of MoffettNathanson,2023 Q2,1,Executive & Financial
Please go ahead,2023 Q2,2,Customer & Cards
"Lisa Ellis -- MoffettNathanson -- Analyst Hey, thank you",2023 Q2,1,Executive & Financial
Thanks for taking my question,2023 Q2,2,Customer & Cards
"You guys highlighted that it is now six quarters, you know, since you introduced the structural increase in your long-term plan to double-digit revenue growth and mid-teens EPS growth",2023 Q2,-1,General
"You know, a lots happened in the last six quarters",2023 Q2,0,Growth & Spending
Were kind of finally returning to normal after the pandemic,2023 Q2,0,Growth & Spending
"So, can you just highlight, when you look at the underlying business drivers required to sustain that model on an ongoing basis, what is sort of doing better than you expected, maybe where do you need to make some adjustments, etc.? Just kind of comment on how that strategy and your thoughts about that has evolved as you look forward now coming -- coming back into a, you know, more normalized economy",2023 Q2,-1,General
"Steve Squeri -- Chairman and Chief Executive Officer Yeah, well I think you got to go back to sort of strategic priorities we always talk about, which is, you know, focus on premium consumer, were focused on small business, and were focused on -- on coverage",2023 Q2,1,Executive & Financial
"If I look at this, I would say that, you know, international is back probably even a little quicker than we had thought within our three-year horizon",2023 Q2,-1,General
"I think millennials are playing out even better than what we had thought, both from an acquisition perspective and a spending perspective",2023 Q2,0,Growth & Spending
"I think when you think about boomers, I think theyve been slower to return, but its -- it becomes a smaller piece of our business over time",2023 Q2,-1,General
"Corporate, I think thats an opportunity going forward from a growth perspective",2023 Q2,-1,General
"And I think small business started out in the beginning -- you know, I think all business will wind up being sort of a tale of three cities over this -- over this time horizon",2023 Q2,0,Growth & Spending
I think it was very really strong for us last year,2023 Q2,-1,General
"I think its a little bit more muted -- its a little bit more muted, and I think itll probably pick up",2023 Q2,0,Growth & Spending
"And, you know, the other thing thats been difference, its been, when we started with this plan, it was -- it was done in a much slower -- it was done with -- we anticipated a more robust economy",2023 Q2,-1,General
"So, what really makes us feel good about this is that weve accomplished this in a slow-growth environment",2023 Q2,0,Growth & Spending
Weve stayed true to who we are from a credit quality perspective,2023 Q2,0,Growth & Spending
"And the last thing that Ill add is I think weve made some really great coverage gains over the -- over this period of time as we continue to, you know, march to our goals, especially international, where I think -- I think the team has done a really good job from a -- from a coverage perspective",2023 Q2,0,Growth & Spending
"And, you know, when you think about our longer-term partnerships here, weve really cemented in our key partnerships over the long term here obviously with Delta and with -- we still have Marriott and BA, which go out, you know, still a number of years",2023 Q2,0,Growth & Spending
"So, you know, we feel good about it",2023 Q2,0,Growth & Spending
"And, you know, the interesting part about this is, you know, did it play out exactly as we thought it was going to play out? No, but the flexibility in the model, you know, has -- has enabled it to go where we wanted it to go",2023 Q2,-1,General
"And I think, you know, we really got off to a tremendous start in 2022, you know, with tremendous revenue growth",2023 Q2,0,Growth & Spending
"I mean, when we did this three-year plan, we did not project, you know, 25 revenue growth, you know, last year",2023 Q2,-1,General
"You know, we were at 17 to 19, I believe, when we started the year, then we took it up to 19 to 21, and then you got 25",2023 Q2,-1,General
"So, if you think about sort of where we thought we were going to be, were ahead of where we thought we were going to be, you know, longer term",2023 Q2,-1,General
And the 15 to 17 guidance that we provided at the beginning of this year was based off original guidance that was 17 to 19,2023 Q2,-1,General
"So, were growing over bigger numbers",2023 Q2,0,Growth & Spending
"So, you know -- and thats why I feel really good about it",2023 Q2,0,Growth & Spending
"And so, you know, well -- well continue",2023 Q2,-1,General
And I think the most important thing for us is to stay focused and to focus on our priorities,2023 Q2,-1,General
And I think the team has done a really good job of that,2023 Q2,-1,General
"And you have to remember, and, you know, you guys all know this, this is a very good industry to be in",2023 Q2,-1,General
"And when you play in this industry, the way we play in it across three different dimensions of card fees, of billings, and of net interest income, it makes our model completely differentiated from our competitors",2023 Q2,-1,General
Operator Thank you,2023 Q2,2,Customer & Cards
The next question is coming from Arren Cyganovich of Citi,2023 Q2,-1,General
Please go ahead,2023 Q2,2,Customer & Cards
Arren Cyganovich -- Citi -- Analyst Thanks,2023 Q2,-1,General
Your marketing expense pulled back a bit this quarter,2023 Q2,-1,General
You still have high customer acquisitions,2023 Q2,-1,General
"How are you thinking about marketing expenses going into the second half of the year, and kind of quarter -- quarter-to-date update in terms of your growth rates of billed business? Steve Squeri -- Chairman and Chief Executive Officer Were not going to do a quarter-to-date update of billed business",2023 Q2,0,Growth & Spending
"Were, you know, kind of 20 days in",2023 Q2,-1,General
"So, theres no real -- theres no real change",2023 Q2,0,Growth & Spending
"But in terms of marketing, the only thing thats important to know is that we said wed spend about 5.5 billion on marketing",2023 Q2,0,Growth & Spending
Thats our plan to continue to do that,2023 Q2,0,Growth & Spending
"You know, how it winds up, you know, sort of, you know, moving from quarter to quarter, I think were probably around 100 million from -- from last year or something like this in this particular quarter",2023 Q2,0,Growth & Spending
"But, you know, it all depends on the programs were running and the timing and everything else",2023 Q2,0,Growth & Spending
"And so, you know, a week there -- a week there could make all the difference in the world sometimes when you think about -- you know, when you think about spending 1.5 billion, 1.4 billion in a quarter, and its like -- its like 100 million, you know, sort of a week",2023 Q2,0,Growth & Spending
"So, the bottom line is we are -- we are committed, you know, to go after all the great opportunities that are out there",2023 Q2,0,Growth & Spending
And we believe that well wind up spending about 5.5 billion from a marketing perspective,2023 Q2,0,Growth & Spending
"Just to, you know, remind everybody that, you know, the marketing spend for us is predominantly customer acquisition, right, and affiliate fees and incentives and things like that",2023 Q2,0,Growth & Spending
Its not sort of TV and print and this kind of advertising,2023 Q2,-1,General
"Thats what that marketing spend is, and -- and thats why it can vary a little bit from -- you know, from quarter to quarter",2023 Q2,0,Growth & Spending
Operator Thank you,2023 Q2,2,Customer & Cards
The next question is coming from Dominick Gabriele of Oppenheimer and Co,2023 Q2,1,Executive & Financial
Please go ahead,2023 Q2,2,Customer & Cards
"Dominick Gabriele -- Oppenheimer and Company -- Analyst Hey, great",2023 Q2,1,Executive & Financial
Thanks so much for the question,2023 Q2,2,Customer & Cards
"So, I was just wondering, when you think about your aspirational revenue target, has the thought process on the contribution to growth from net card fees to total revenue changed over time, where its potentially providing more of a boost toward that 10 revenue goal versus the past versus discount rate revenue? Thanks, guys",2023 Q2,0,Growth & Spending
"Steve Squeri -- Chairman and Chief Executive Officer No, I -- you know, look, I think, you know, one of the big differentiators for us is -- is that card fee",2023 Q2,1,Executive & Financial
"I mean, you think about that as sort of subscription, SaaS kind of -- kind of revenue, and were really pleased with that",2023 Q2,0,Growth & Spending
"But, no, I mean, its in the ballpark of what we -- what we thought it was going to be as -- as we put together our -- our aspirations, right? I mean, and so when you look at this, you know, the 20 three quarters in a row is -- is -- is a big number",2023 Q2,0,Growth & Spending
"And another thing Id point out, during the pandemic, it was growing in double digits",2023 Q2,0,Growth & Spending
"And so, which is -- its a big contributor, and its, you know, obviously a higher -- it has higher growth in discount revenue would -- but its -- its, you know -- its pretty much in line with where we -- where we thought we were going to be",2023 Q2,0,Growth & Spending
"Jeff Campbell -- Chief Financial Officer I just cant resist adding, Dominick, that for something that grew in double digits all through the pandemic, has had really high growth rates in the last year, it is going to continue to grow to be an ever bigger part of our revenue",2023 Q2,1,Executive & Financial
And I think that is a key strength of the company,2023 Q2,-1,General
It really ties customers and engages customers with us and the product and is a critical part of the overall model,2023 Q2,0,Growth & Spending
"Steve Squeri -- Chairman and Chief Executive Officer You know, just one other thing, because Jeff just sort of reminded me as he said that, you know, when we talked about, you know, sort of this 10 -- you know, this double-digit growth during the pandemic, it really speaks to how we think about our customers over the long term",2023 Q2,1,Executive & Financial
"Because, you know, if we had not invested in our customers during the pandemic, you would not have seen that -- that double-digit growth during the pandemic or coming out of the pandemic",2023 Q2,0,Growth & Spending
It was really important to embrace those customers,2023 Q2,0,Growth & Spending
"It would have been easier to drop more money to the bottom line rather than to put more money into our existing customers, but thats not how we run the company",2023 Q2,-1,General
"And we were thinking much more from a long-term perspective and by -- by really investing in the value propositions because, as you all remember, those value propositions, from a travel perspective, were challenged best",2023 Q2,-1,General
"And to put other things in there, it really helped to cement those relationships, which kept those fees going but, more important drop, just normal attrition that we had because we improved our retention rates over the course of the pandemic",2023 Q2,0,Growth & Spending
"So, I think, you know, it speaks to the membership model because this -- this card fee is a decision that our members make to join the franchise",2023 Q2,-1,General
"And thats really important because that means they see value in the product, they see ongoing value in the product",2023 Q2,0,Growth & Spending
"And its our job, and well continue to do this, to continue to -- to insert more values into the product, and thats what keeps this thing going",2023 Q2,0,Growth & Spending
"And thats why, from a strategic perspective, the consistent refreshing of our products is really really important to our strategy",2023 Q2,0,Growth & Spending
Operator Thank you,2023 Q2,2,Customer & Cards
The next question is coming from Don Fandetti of Wells Fargo,2023 Q2,1,Executive & Financial
Please go ahead,2023 Q2,2,Customer & Cards
Don Fandetti -- Wells Fargo Securities -- Analyst Yeah,2023 Q2,1,Executive & Financial
Inaudible Jeff and Christophe,2023 Q2,2,Customer & Cards
"Jeff, I want to clarify, on the Basel comments, are you saying that you wont have to run at a higher CET 1 than your target of 10 to 11? I know there was, like, some concern around, you know, fees being looked at differently",2023 Q2,0,Growth & Spending
I wonder if you can clarify that,2023 Q2,0,Growth & Spending
"Jeff Campbell -- Chief Financial Officer You know, Don, you were cutting out a little bit, but I think youre asking about the CET 1 target in Basel III",2023 Q2,1,Executive & Financial
"And the point I was trying to make is, you need to remember a few things here, our 10 to 11 CET 1 target is actually more driven by our own view and rating agency views versus the regulatory constraints because our regulatory minimum has long been only 7",2023 Q2,0,Growth & Spending
Thats the first point,2023 Q2,0,Growth & Spending
The second point to remember is we have a return on equity of over 30,2023 Q2,0,Growth & Spending
"So, our ability to quickly replenish capital whenever we need to without, frankly, taking more than a brief pause from share repurchase is very high",2023 Q2,0,Growth & Spending
"Third, you know, I know theres been a lot of attention paid to different iterations of Basel -- the Basel III endgame, particularly around ops risk",2023 Q2,0,Growth & Spending
"I guess Id also just remind people, ops risk is only one component",2023 Q2,-1,General
There are other components that probably have some positive and probably have some negative impacts on us,2023 Q2,-1,General
"So, you know, I guess my -- well have to see whenever the final rules come out",2023 Q2,-1,General
"Weve been waiting for them for, I feel like, much of my tenure here, but they may come out, hopefully, later this month",2023 Q2,-1,General
And the devils in the details here,2023 Q2,0,Growth & Spending
But I think my overarching message is we dont see it as a material event for this company because its certainly a possible outcome that theres no change in our target,2023 Q2,-1,General
And even a modest change in our target with a 30 plus ROE is not going to have any material impact on share repurchase or the trajectory of our EPS growth that weve laid out in the growth plan,2023 Q2,-1,General
Operator Thank you,2023 Q2,2,Customer & Cards
Our final question is coming from Mihir Bhatia of Bank of America,2023 Q2,1,Executive & Financial
Please go ahead,2023 Q2,2,Customer & Cards
Mihir Bhatia -- Bank of America Merrill Lynch -- Analyst Thank you for taking my questions and good morning,2023 Q2,1,Executive & Financial
"Firstly, congratulations, Jeff",2023 Q2,3,Outlook & Guidance
Thank you for all your help,2023 Q2,2,Customer & Cards
"And welcome, Christophe",2023 Q2,2,Customer & Cards
I look forward to getting to know and working with you,2023 Q2,2,Customer & Cards
"I wanted to switch gears a little bit and talk about the process revenues or the network partnerships, I think, in the oil and GS business",2023 Q2,0,Growth & Spending
It feels like theres been a little bit of momentum in terms of signing some new partners recently,2023 Q2,0,Growth & Spending
"I believe, this quarter, we actually saw the launch of the Square card, and process volumes grew faster than billed business this quarter",2023 Q2,0,Growth & Spending
"So, just wondering if you could talk about that business a little bit more",2023 Q2,-1,General
"Has there been something -- has something changed internally, you focused more on that segment? Whats driving that momentum? Thank you",2023 Q2,0,Growth & Spending
"Steve Squeri -- Chairman and Chief Executive Officer Yeah, no, I dont -- I dont think anything has changed",2023 Q2,1,Executive & Financial
"I think these are -- its always -- its always been something that, you know, we have been focused on",2023 Q2,-1,General
But to switch or to get a partner to come on to the network is -- is a big deal,2023 Q2,0,Growth & Spending
"And, you know, there are technical hurdles to -- to wind up crossing",2023 Q2,0,Growth & Spending
"And, you know, were -- the GS team is out there on a consistent basis, you know, looking for new partners",2023 Q2,0,Growth & Spending
"And, you know, when you think about our overall model, we really operate in around 29 proprietary countries",2023 Q2,0,Growth & Spending
"And, you know, all the rest of the markets that we operate around the world are GS markets either just from a card acceptance perspective or from a -- both a card acceptance and a card issuing perspective",2023 Q2,-1,General
And theres been a lot of work going on with GS over the years to get -- to increasingly get more and more coverage,2023 Q2,0,Growth & Spending
"And so, when you look at, you know, our improvements in coverage, so much of thats been driven by our GS partners",2023 Q2,0,Growth & Spending
"And just to remind you that, you know, everything that were doing in China is really -- you know, really -- it really comes under the heading of -- of GS because were in there just as a -- just as a network, you know",2023 Q2,0,Growth & Spending
"We dont acquire merchants, we dont issue cards, we have a joint venture, and thats a -- thats a -- thats a GS -- thats a GS relationship",2023 Q2,-1,General
"And, you know, look, our -- our launch of, you know, our card, I mean, you know, with -- with Square, thats been, you know, in the pipeline for a long time",2023 Q2,0,Growth & Spending
"But its -- you know, if you arent in cards or if youre issuing Visa, Mastercard, its a little bit different to hook up to our systems and to get priority within your own system and so forth",2023 Q2,0,Growth & Spending
"And so, weve been out there, you know, on a consistent basis, working to get -- to get partners",2023 Q2,-1,General
"I think the Square one, you know, has a little bit more -- it gets a little bit more headlines because its a U.S",2023 Q2,0,Growth & Spending
"partnership, but the team is out there on a real consistent basis all across, you know, Asia and South America and Africa and so forth really thinking through how we continue to get more coverage and how we get more cards issued",2023 Q2,0,Growth & Spending
"So, while you may see it a little bit more, I can tell you the team has been working really hard at this for a lot of years",2023 Q2,-1,General
Kerri Bernstein -- Head of Investor Relations Great,2023 Q2,1,Executive & Financial
"And with that, we will bring the call to an end",2023 Q2,0,Growth & Spending
Thank you again for joining todays call and for your continued interest in American Express,2023 Q2,2,Customer & Cards
The IR team will be available for any follow-up questions,2023 Q2,-1,General
"Donna, back to you",2023 Q2,-1,General
Operator Thank you,2023 Q2,2,Customer & Cards
"Ladies and gentlemen, the webcast replay will be available on our Investor Relations website at ir.americanexpress.com shortly after the call",2023 Q2,-1,General
"You can also access a digital replay of the call at 877 660-6853 or 201 612-7415, access code 13739237, after 1 p.m",2023 Q2,-1,General
Eastern on July 21st through July 28th,2023 Q2,-1,General
That will conclude our conference call for today,2023 Q2,0,Growth & Spending
Thank you for your participation,2023 Q2,2,Customer & Cards
You may now disconnect,2023 Q2,2,Customer & Cards
"Duration 0 minutes Kerri Bernstein -- Head of Investor Relations Steve Squeri -- Chairman and Chief Executive Officer Jeff Campbell -- Chief Financial Officer Christophe Le Caillec -- Deputy Chief Financial Officer Sanjay Sakhrani -- Keefe, Bruyette and Woods -- Analyst Ryan Nash -- Goldman Sachs -- Analyst Betsy Graseck -- Morgan Stanley -- Analyst Rick Shane -- JPMorgan Chase and Company -- Analyst Bob Napoli -- William Blair and Company -- Analyst Unknown speaker Lisa Ellis -- MoffettNathanson -- Analyst Arren Cyganovich -- Citi -- Analyst Dominick Gabriele -- Oppenheimer and Company -- Analyst Don Fandetti -- Wells Fargo Securities -- Analyst Mihir Bhatia -- Bank of America Merrill Lynch -- Analyst More AXP analysis All earnings call transcripts This article is a transcript of this conference call produced for The Motley Fool",2023 Q2,1,Executive & Financial
"While we strive for our Foolish Best, there may be errors, omissions, or inaccuracies in this transcript",2023 Q2,4,Other
"As with all our articles, The Motley Fool does not assume any responsibility for your use of this content, and we strongly encourage you to do your own research, including listening to the call yourself and reading the companys SEC filings",2023 Q2,1,Executive & Financial
"Please see our Terms and Conditions for additional details, including our Obligatory Capitalized Disclaimers of Liability",2023 Q2,-1,General
"American Express is an advertising partner of The Ascent, a Motley Fool company",2023 Q2,-1,General
The Motley Fool has no position in any of the stocks mentioned,2023 Q2,1,Executive & Financial
The Motley Fool has a disclosure policy,2023 Q2,1,Executive & Financial
Average returns of all recommendations since inception,2023 Q2,-1,General
Cost basis and return based on previous market day close,2023 Q2,-1,General
Invest better with The Motley Fool,2023 Q2,1,Executive & Financial
"Get stock recommendations, portfolio guidance, and more from The Motley Fools premium services",2023 Q2,1,Executive & Financial
"Making the world smarter, happier, and richer",2023 Q2,-1,General
 1995 - 2026 The Motley Fool,2023 Q2,1,Executive & Financial
All rights reserved,2023 Q2,0,Growth & Spending
Market data powered by Xignite and Polygon.io,2023 Q2,2,Customer & Cards
"About The Motley Fool Our Services Around the Globe Free Tools Affiliates  Friends AXP earnings call for the period ending June 30, 2023.",2023 Q2,2,Customer & Cards
"Operator Ladies and gentlemen, thank you for standing by",2023 Q3,2,Customer & Cards
Welcome to the American Express Q3 2023 earnings call,2023 Q3,-1,General
"At this time, all participants are in a listen-only mode",2023 Q3,0,Growth & Spending
"Later, we will conduct a question-and-answer session",2023 Q3,2,Customer & Cards
"Operator instructions As a reminder, todays call is being recorded",2023 Q3,-1,General
"I would now like to turn the conference over to our host, head of investor relations, Ms",2023 Q3,-1,General
Kerri Bernstein,2023 Q3,1,Executive & Financial
Thank you,2023 Q3,2,Customer & Cards
Please go ahead,2023 Q3,2,Customer & Cards
"Kerri Bernstein -- Head of Investor Relations Thank you, Donna, and thank you all for joining todays call",2023 Q3,1,Executive & Financial
"As a reminder, before we begin, todays discussion contains forward-looking statements about the companys future business and financial performance",2023 Q3,0,Growth & Spending
These are based on managements current expectations and are subject to risks and uncertainties,2023 Q3,-1,General
Factors that could cause actual results to differ materially from these statements are included in todays presentation slides and in our reports on file with the SEC,2023 Q3,4,Other
The discussion today also contains non-GAAP financial measures,2023 Q3,0,Growth & Spending
"The comparable GAAP financial measures are included in this quarters earnings materials, as well as the earnings materials for the prior periods we discussed",2023 Q3,0,Growth & Spending
All of these are posted on our website at American Express,2023 Q3,-1,General
"Well begin today with Steve Squeri, chairman and CEO, who will start with some remarks about the companys progress and results",2023 Q3,-1,General
"And then, Christophe Le Caillec, chief financial officer, will provide a more detailed review of our financial performance",2023 Q3,2,Customer & Cards
"After that, well move to a QA session on the results with both Steve and Christophe",2023 Q3,2,Customer & Cards
"With that, let me turn it over to Steve",2023 Q3,3,Outlook & Guidance
"Steve Squeri -- Chairman and Chief Executive Officer Thank you, Kerri",2023 Q3,1,Executive & Financial
"Good morning, and thanks for joining us today for our third quarter earnings call",2023 Q3,2,Customer & Cards
"Q3 was our seventh consecutive quarter of strong performance, continuing the momentum weve built over the last few years and aligned with the growth plan we announced in 2022",2023 Q3,-1,General
"It was the sixth consecutive quarter of record revenues, which reached 15.4 billion, up 13 year over year",2023 Q3,0,Growth & Spending
Earnings per share of 3.30 was also a new quarterly record,2023 Q3,0,Growth & Spending
"Based on our performance to date, we remain confident in our ability to achieve full year revenue growth and EPS growth that is consistent with the annual guidance we provided at the beginning of the year",2023 Q3,0,Growth & Spending
And we are well positioned as we seek to achieve our growth plan aspirations of annual revenue growth in excess of 10 and mid-teens EPS growth in 2024 and beyond in a steady-state macro environment,2023 Q3,0,Growth & Spending
"My confidence is based on several factors, including the many attractive opportunities available to us because of the businesses and geographies we operate in our unique membership model, which powers a virtuous cycle of growth the success of the strategic investments weve been making in key areas of our business and our ability to leverage our differentiated business model, which includes our premium global customer base, integrated payments platform, strong partner relationships, and trusted brand",2023 Q3,-1,General
"Together, these factors have driven our strong performance over the past two years, including the continued momentum we saw in the third quarter",2023 Q3,0,Growth & Spending
"In the quarter, cardmember spending remained strong, up 7 year over year on an FX-adjusted basis",2023 Q3,0,Growth & Spending
Spending was strongest in our U.S,2023 Q3,0,Growth & Spending
"consumer segment, up 9 and international card services segment, up 15, on an FX-adjusted basis and U.S",2023 Q3,0,Growth & Spending
small business spending increased slightly from a year ago,2023 Q3,0,Growth & Spending
Millennial and Gen Z consumers continue to be the fastest-growing portion of our cardmember base with spending from this demographic in the U.S,2023 Q3,0,Growth & Spending
"up 18 year over year, and they accounted for more than 60 of all new consumer account acquisitions globally in the quarter",2023 Q3,0,Growth & Spending
"Demand for our products remain robust, particularly for fee-based products, which represented more than 70 of the new accounts acquired in the quarter",2023 Q3,0,Growth & Spending
Customers continue to be highly satisfied with our products and services which drives high levels of engagement and retention,2023 Q3,0,Growth & Spending
We were rated the No,2023 Q3,0,Growth & Spending
1 U.S,2023 Q3,0,Growth & Spending
credit card company for customer satisfaction by J.D,2023 Q3,0,Growth & Spending
Power for the fourth consecutive year and the 13th time in 17 years of the study,2023 Q3,0,Growth & Spending
And our credit metrics remain best in class as we continue our focus on growing with discipline and a strong focus on risk management across the portfolio,2023 Q3,0,Growth & Spending
A key reason for the momentum were seeing is the investments weve been making in innovating our value propositions to deliver generational relevance across all age groups,2023 Q3,0,Growth & Spending
Resy is a good example of some of the ways were doing this,2023 Q3,0,Growth & Spending
We acquired Resy and continue to invest in building out the platform because we know that dining is something that all generations of cardmembers care about,2023 Q3,0,Growth & Spending
Weve seen that in our results as restaurants continue to be the largest and one of the fastest growing TE categories in the third quarter,2023 Q3,0,Growth & Spending
"The number of Resy users, restaurants on the platform, and reservations booked all continue to grow significantly",2023 Q3,0,Growth & Spending
"In Q3, reservations on the platform set another quarterly record",2023 Q3,0,Growth & Spending
"Over the last few years, weve also ramped up the number of exclusive lifestyle experiences, sponsorships, and access to events we offer that appeal to our cardmembers across generations and geographies and reinforce the unique value of membership",2023 Q3,0,Growth & Spending
"Our highly popular experiences cut across entertainment, sports, food, art, and fashion",2023 Q3,0,Growth & Spending
"They generate strong onsite engagement with our branded activities and offers, and they help drive interest among prospects",2023 Q3,0,Growth & Spending
They also continue to attract world-class partners who work with us to add new ways for our cardmembers and prospects to experience the power of Amex membership,2023 Q3,0,Growth & Spending
"Earlier this week, we announced our latest sponsorship, an exclusive multiyear agreement with Formula 1 to be the official payments partner of Formula 1 in the Americas",2023 Q3,0,Growth & Spending
"This sponsorship is our first new sports vertical in over 10 years, and it represents a great opportunity to build on the rapidly growing popularity of Formula 1 racing around the world",2023 Q3,0,Growth & Spending
Another way were delivering generational relevance is by regularly refreshing and adding value to our products on a global basis,2023 Q3,0,Growth & Spending
These product enhancements are tailored to the interest and spending patterns of our customers of all age groups in each local market,2023 Q3,0,Growth & Spending
"So far, this year, weve made enhancements to over 20 premium products across the company",2023 Q3,0,Growth & Spending
"Some of the latest of which were refreshes of our platinum card products in Japan, our business gold card in the U.S., and just yesterday, our Hilton co-branded consumer cards",2023 Q3,0,Growth & Spending
"These examples and many others like them are further enriching our membership model, which helps us attract new premium customers, drive retention, and deepen engagement with current customers, and add more merchants and partners who provide offers and experiences that deliver additional value",2023 Q3,0,Growth & Spending
"Looking ahead, I feel very good about where we are and where were going",2023 Q3,0,Growth & Spending
"Well continue our strategy of investing for growth and adding more differentiated value to our membership model to deliver generational relevance while continuing to leverage the strengths of our business model, all of which gives us a competitive advantage",2023 Q3,0,Growth & Spending
Ill now hand the call over to Christophe Le Caillec for additional detail on our quarterly results,2023 Q3,2,Customer & Cards
"Christophe Le Caillec -- Chief Financial Officer Thank you, Steve, and good morning, everyone",2023 Q3,2,Customer & Cards
"Im excited to have my first earnings call, be one where we discuss our continued strong momentum, which is reflected in our record revenue and EPS in the third quarter",2023 Q3,2,Customer & Cards
I would like to take a minute at the outset to share my perspective on the company as someone who has been here for a long time and through various business environments,2023 Q3,-1,General
The company is very focused on driving high levels of profitable revenue growth,2023 Q3,-1,General
The key enabler of that growth has been the discipline we use to deploy our resources,2023 Q3,-1,General
"As a result, the underlying quality of our business is very strong, and I have confidence in the sustainability of the growth drivers that we are seeing",2023 Q3,0,Growth & Spending
We have accelerated the pace of our revenue and EPS growth since before the pandemic,2023 Q3,0,Growth & Spending
That acceleration is a direct result of the strategy that underpins our growth plan which Steve described,2023 Q3,-1,General
"In the quarter, that strategy has driven 27 billion more in billings versus last quarter",2023 Q3,0,Growth & Spending
The company is also generating almost 2 billion more in revenue and about 600 million more in net income compared to a year ago,2023 Q3,0,Growth & Spending
This demonstrates the earnings power of our business model,2023 Q3,0,Growth & Spending
"Now, lets take a look at the details of this quarters performance",2023 Q3,0,Growth & Spending
"Starting with our summary financials on Slide 2, third quarter revenues were 15.4 billion",2023 Q3,0,Growth & Spending
"We reached a record high for the sixth straight quarter, and were up 13 year over year",2023 Q3,0,Growth & Spending
"This revenue momentum drove reported net income of 2.5 billion and earnings per share of 3.30, which grew 34 year over year",2023 Q3,0,Growth & Spending
Lets now go to a more detailed look at the drivers of these results,2023 Q3,-1,General
"In our spend-centric business model, that begins with a look at billed business starting on Slide 3",2023 Q3,-1,General
"Total billed business grew 27 billion this quarter versus last year, up 7 on an FX-adjusted basis, as we continue to see the more stable growth rates that we expected",2023 Q3,0,Growth & Spending
"This growth was driven by 6 growth in goods and services spending, consistent with last quarters growth rate and sustained double-digit growth in travel and entertainment spending",2023 Q3,-1,General
"This double-digit TE growth has been driven by continued demand for travel and dining experiences with restaurant spending, our largest category, up 13 this quarter",2023 Q3,0,Growth & Spending
Total network volumes grew 6 year over year on an FX-adjusted basis,2023 Q3,0,Growth & Spending
"As you look at this results, Id note that we exited a small product last quarter that was reported in our process volumes",2023 Q3,-1,General
This is reflected in the Q3 growth rate,2023 Q3,0,Growth & Spending
Id expect to see the impact of the year-over-year growth rate continue for the next few quarters until we lap this exit,2023 Q3,0,Growth & Spending
"As a reminder, processed volume includes volumes from cards where we play more of a network role and from alternative payment solutions that we facilitate",2023 Q3,-1,General
"The revenue associated with these volumes makes up a small portion of our total revenue, which you can see on Slide 11",2023 Q3,0,Growth & Spending
"As we then break down our spending trends across our businesses, there are a few other key points to take away",2023 Q3,0,Growth & Spending
"Starting with our largest segment on Slide 4, U.S",2023 Q3,0,Growth & Spending
consumer grew billings strongly at 9 this quarter,2023 Q3,0,Growth & Spending
"Our focus on attracting, engaging, and retaining our premium cardmembers is driving growth across all generations and age cohorts",2023 Q3,-1,General
Millennial and Gen Z customers continue to drive our highest billed business growth within this segment with their spending up 18 this quarter,2023 Q3,0,Growth & Spending
"Looking at commercial services on Slide 5, U.S",2023 Q3,0,Growth & Spending
"SME growth came in at 2 this quarter, consistent with last quarters growth rate",2023 Q3,0,Growth & Spending
"As Steve discussed on our Q2 call, organic growth in this segment has slowed, given unique dynamics seen by small businesses over the past few years",2023 Q3,0,Growth & Spending
"Importantly, we do continue to see strong high-quality demand for new accounts within this segment",2023 Q3,0,Growth & Spending
"Looking forward, we focus on continuing to help SME clients run their businesses",2023 Q3,0,Growth & Spending
Billings from our U.S,2023 Q3,0,Growth & Spending
large and global corporate customers were flat year over year,2023 Q3,-1,General
"As we have said for many years, these customers are not a major growth driver for our business, but they remain an important foundation for the companys business model",2023 Q3,0,Growth & Spending
"And lastly, on Slide 6, you see our highest growth again this quarter in international card services",2023 Q3,0,Growth & Spending
We saw strong growth across our geographies and customer types,2023 Q3,-1,General
Spending from international consumers and from international SMEs and large corporate customers each grew 15,2023 Q3,-1,General
"Overall, strength in spending growth from our U.S",2023 Q3,0,Growth & Spending
consumers and cardmembers outside of the U.S,2023 Q3,0,Growth & Spending
continues to offset the softness with commercial services that weve been talking about for the past few quarters,2023 Q3,0,Growth & Spending
"Taking everything into account, our spending volumes are tracking to support our revenue guidance for the full year and our long-term aspirations for sustainable growth rates greater than what we were generating pre-pandemic",2023 Q3,-1,General
"Now, moving on to loans and cardmember receivables on Slide 7",2023 Q3,-1,General
"We saw year-over-year growth of 15, as well as good continued sequential growth",2023 Q3,0,Growth & Spending
"As our customers continue to rebuild balances, the interest-bearing portion of our loans and receivables balances continues to grow faster than the overall growth you see",2023 Q3,0,Growth & Spending
"Importantly, over 70 of our revolving loan growth in the U.S",2023 Q3,0,Growth & Spending
continues to come from our tenured customers,2023 Q3,0,Growth & Spending
"As you then turn to credit and provision on Slide 8 through 10, the high credit quality of our customer base continues to show in our best-in-class credit performance",2023 Q3,-1,General
"As you can see on Slide 8, our cardmember loans and receivables write-offs and delinquency rates both remain fairly flat to last quarter and below pre-pandemic levels",2023 Q3,0,Growth & Spending
"Going forward, as weve talked about for many quarters now, we continue to expect this delinquency and write-off rates to increase over time, and theyre likely to remain below pre-pandemic levels in the fourth quarter",2023 Q3,0,Growth & Spending
"Turning now to the accounting of this credit performance on Slide 9, the quarter-over-quarter growth in our loan balances, combined with a modest increase in our cardmember loans and receivables delinquency rate, resulted in a 321 million reserve build",2023 Q3,0,Growth & Spending
"This reserve build, combined with net write-offs, drove 1.2 billion of provision expense in the third quarter",2023 Q3,0,Growth & Spending
"As you see on Slide 10, we ended the third quarter with 5 billion of reserves, representing 2.7 of our total loans and cardmember receivables",2023 Q3,0,Growth & Spending
"This reserve rate remained about 20 basis points below the level we had pre-pandemic, or Day 1 CECL",2023 Q3,0,Growth & Spending
"We continue to expect this reserve rate to increase a bit in the balance of year, similar to the modest increases weve seen over the past few quarters",2023 Q3,0,Growth & Spending
"Moving next to revenue on Slide 11, total revenues were up 1.8 billion or 13 year over year in the third quarter",2023 Q3,0,Growth & Spending
"Our largest revenue line discount revenue grew 7 year over year in Q3 as you can see on Slide 12, driven by spending trends we discussed earlier",2023 Q3,0,Growth & Spending
Net card fee revenues were up 19 year over year on an FX-adjusted basis as you can see on Slide 13,2023 Q3,0,Growth & Spending
This growth remains very strong and is powered by the continued attractiveness to both new and existing customers of our fee-paying products due to the investment weve made in our premium value propositions,2023 Q3,0,Growth & Spending
"As we expected, growth moderated a bit this quarter from the high levels we saw earlier this year, reflecting our cycle of product refreshes",2023 Q3,0,Growth & Spending
"This quarter, we acquired 2.9 million new cards",2023 Q3,0,Growth & Spending
"Importantly, the acquisition levels you see on Slide 13 remain consistent with our long-term growth aspirations",2023 Q3,-1,General
"The spend, revenue, and credit profiles of our new cardmembers continue to look strong relative to what we saw pre-pandemic",2023 Q3,0,Growth & Spending
"Moving on to Slide 14, you can see that net interest income was up 33 year over year on an FX-adjusted basis, driven mostly by the growth in our revolving loan balances",2023 Q3,0,Growth & Spending
"To sum up revenues on Slide 15, were seeing broad-based revenue momentum across our diversified revenue lines",2023 Q3,-1,General
"For 2023, we expect revenue growth to be within the range we communicated in January at around 15 growth for the full year",2023 Q3,0,Growth & Spending
"Moving to expenses on Slide 16, variable customer engagement expenses came in at 40 of total revenues in the third quarter",2023 Q3,0,Growth & Spending
"Therefore, I now expect these costs to run at around 42 of total revenues on the full year basis",2023 Q3,-1,General
"Looking forward, we view this cost as a key driver of our momentum as we continue to innovate our value propositions to deepen engagement with our premium members and to attract new ones, as Steve discussed earlier",2023 Q3,0,Growth & Spending
"On the marketing line, we invested 1.2 billion in the quarter",2023 Q3,0,Growth & Spending
"I still expect to have marketing spend of around 5.5 billion for the full year, fairly flat to our 2022 expense",2023 Q3,0,Growth & Spending
"We feel really good about the quality of our new card acquisitions, which I talked about earlier, and I continue to see great demand for our products across a wide range of attractive investment opportunities",2023 Q3,0,Growth & Spending
"Given this strong set of opportunities, I would expect to increase our marketing spend in the balance of this year, and were confident that our sophisticated acquisition engine will continue to do so in an efficient way",2023 Q3,-1,General
"Moving to the bottom of Slide 16 brings us to operating expenses, which were 3.7 billion in the third quarter as we invest in critical areas, such as our talented colleague base and technology",2023 Q3,0,Growth & Spending
"Taking this into account, we now expect our full year operating expenses to be around 14.5 billion",2023 Q3,0,Growth & Spending
"Looking forward, we continue to view marketing and opex as a key source of leverage",2023 Q3,0,Growth & Spending
"Turning next to capital on Slide 17, we return 1.7 billion of capital to our shareholders in the third quarter",2023 Q3,0,Growth & Spending
"This included common stock repurchase of 1.3 billion and 438 million in common stock dividends, all on the back of strong earnings generation",2023 Q3,0,Growth & Spending
"As you can see on Slide 17, we target a CET1 ratio between 10 to 11",2023 Q3,0,Growth & Spending
"We ended the quarter with a CET1 ratio of 10.7, which is well above our current regulatory minimum of 7",2023 Q3,0,Growth & Spending
"As we think about the Basel III proposal, the RWA increase could consume the buffer above regulatory capital requirements if the proposal is adopted as written",2023 Q3,0,Growth & Spending
"Notably, we believe there are clear opportunities for improvements between the proposal and the final rule",2023 Q3,-1,General
"In fact, the regulators themselves have posed questions about potential issues in applying these rules broadly, and we are actively engaged in that dialogue",2023 Q3,-1,General
We plan to continue to return to shareholders the excess capital we generate while supporting our balance sheet growth,2023 Q3,0,Growth & Spending
We do not expect any material near-term changes to our capital management approach,2023 Q3,0,Growth & Spending
That brings me to our growth plan and 2023 guidance on Slide 18,2023 Q3,-1,General
"As Steve and I discussed in our third quarter results, our third quarter results are -- reflect a continuation of the strong momentum weve built over the last few years, evidenced by our performance across diversified revenue streams",2023 Q3,-1,General
"For the full year, we expect revenue growth of around 15, consistent with the revenue guidance range we provided at the beginning of the year",2023 Q3,0,Growth & Spending
"As I discussed before, we now expect variable cardmember engagement expenses to be around 42 of total revenues on a full year basis, modestly below our original expectation",2023 Q3,0,Growth & Spending
"On marketing, we still expect to spend around 5.5 billion for the full year",2023 Q3,0,Growth & Spending
"And lastly, we now expect our operating expenses to be around 14.5 billion this year, modestly above our original expectation, as we invest in areas critical to our success",2023 Q3,0,Growth & Spending
"Taking everything together, our earnings per share guidance remains between 11 and 11.40",2023 Q3,0,Growth & Spending
"Looking forward, we remain committed to focusing on achieving our aspirations of sustainably delivering revenue growth in excess of 10 and mid-teen EPS growth in a steady-state macro environment",2023 Q3,0,Growth & Spending
"With that, well open up the call for your questions in a moment",2023 Q3,-1,General
A final point which relates to our investor relations team here in American Express,2023 Q3,-1,General
Steve and I have decided to move Kerri Bernstein to the critical role of corporate treasurer,2023 Q3,1,Executive & Financial
Id like to thank Gary for leading the IR function during a period of strong performance for the company,2023 Q3,-1,General
"I then like to welcome Kartik Ramachandran, our new head of investor relations",2023 Q3,1,Executive & Financial
Kartik was most recently a key finance lead in our U.S,2023 Q3,1,Executive & Financial
consumer business and has had a number of finance positions over his 11 years with the company,2023 Q3,1,Executive & Financial
"Now, let me turn it back over to Kerri to open up the call for your questions",2023 Q3,2,Customer & Cards
"Kerri Bernstein -- Head of Investor Relations Thank you, Christophe",2023 Q3,1,Executive & Financial
"Before we open up the lines for QA, I will ask those in the queue to please limit yourself to just one question",2023 Q3,2,Customer & Cards
Thank you for your cooperation,2023 Q3,2,Customer & Cards
"And with that, the operator will now open up the line for questions",2023 Q3,2,Customer & Cards
Operator? Operator Operator instructions Our first question is coming from Sanjay Sakhrani of KBW,2023 Q3,2,Customer & Cards
Please go ahead,2023 Q3,2,Customer & Cards
"Sanjay Sakhrani -- Keefe, Bruyette and Woods -- Analyst Thanks",2023 Q3,1,Executive & Financial
"Good morning, and congrats, Christophe, Kerri, Kartik",2023 Q3,2,Customer & Cards
"Steve, just a question, we hear a lot about the choppy macro backdrop and its impact on spending",2023 Q3,0,Growth & Spending
"Im just curious if youve seen any changes, behavioral, over the past quarter that might make you more sanguine on the outlook? Or do you feel like your customers are unfazed? And just on a related point, you know, I know the Delta stuff, theres been a lot of headlines on the changes that Delta has made to the Medallion qualification process",2023 Q3,-1,General
Im just curious if youve seen any impact,2023 Q3,-1,General
Thanks,2023 Q3,2,Customer & Cards
Steve Squeri -- Chairman and Chief Executive Officer Yeah,2023 Q3,1,Executive & Financial
"So, thanks, Sanjay",2023 Q3,1,Executive & Financial
Let me start with Delta first,2023 Q3,0,Growth & Spending
"I think, you know, as Delta makes changes, were in lockstep with them all the way",2023 Q3,0,Growth & Spending
"And, you know, one of the great things about having Delta as a partner is theyre a very customer-focused organization",2023 Q3,0,Growth & Spending
And they made some changes,2023 Q3,-1,General
"The team got some reaction, and I think they made some other changes which I think will be, you know, and have been received in very good fashion",2023 Q3,-1,General
"But as far as spending or card acquisition, it has had zero impact",2023 Q3,0,Growth & Spending
"So, we havent seen anything from a card spending on Delta or from a card acquisition",2023 Q3,0,Growth & Spending
"In fact, you know, Delta card spending year over year was up almost 20",2023 Q3,0,Growth & Spending
"So, we feel we feel pretty good about that",2023 Q3,0,Growth & Spending
As far as the U.S,2023 Q3,0,Growth & Spending
"consumer, and lets just talk about the U.S",2023 Q3,0,Growth & Spending
"consumer and international consumer, its still strong",2023 Q3,0,Growth & Spending
"You know, we had 9 U.S",2023 Q3,0,Growth & Spending
"consumer spending, 6 growth in goods and services, you know, 13 growth on TE",2023 Q3,0,Growth & Spending
And that continues to be very strong off a high base,2023 Q3,-1,General
"And from an international perspective, weve seen 15, you know, spending from an international card services perspective and strong both from a goods and services and a TE perspective",2023 Q3,0,Growth & Spending
"And I think its important that Ill remind everybody, you know, our card base is a really small piece of the overall U.S",2023 Q3,0,Growth & Spending
economy,2023 Q3,-1,General
"And, you know, one of the reasons we have such such great credit metrics is we have a really high-quality cardmember",2023 Q3,-1,General
"And so, at this point in time, they have not been impacted by anything",2023 Q3,-1,General
"But the other thing that I would say is, you know, you probably had the same question at this time last year",2023 Q3,0,Growth & Spending
"And, you know, I probably gave you the same answer",2023 Q3,0,Growth & Spending
"And right now, look, we can only manage the business for what were seeing in our business, which is still strong growth",2023 Q3,-1,General
"And, you know, we use the blue chip economic forecast, and that calls for pretty much more of the same",2023 Q3,0,Growth & Spending
"So, in a steady-state macro environment, I feel really good about, you know, delivering on our plan",2023 Q3,0,Growth & Spending
"As Christophe said, you know, we are well positioned",2023 Q3,2,Customer & Cards
"And as I said in my remarks, were well positioned, you know, to continue to deliver on our growth plan",2023 Q3,0,Growth & Spending
Operator Thank you,2023 Q3,2,Customer & Cards
The next question is coming from Ryan Nash of Goldman Sachs,2023 Q3,1,Executive & Financial
Please go ahead,2023 Q3,2,Customer & Cards
"Ryan Nash -- Goldman Sachs -- Analyst Hey, good morning, Steve",2023 Q3,1,Executive & Financial
"Good morning, Christophe",2023 Q3,2,Customer & Cards
Steve Squeri -- Chairman and Chief Executive Officer Good morning Christophe Le Caillec -- Chief Financial Officer Good morning,2023 Q3,1,Executive & Financial
"Ryan Nash -- Goldman Sachs -- Analyst You know, look, you know, as a follow up to Sanjays question, obviously, it was good to see, you know, the solid revenue growth, you know, given the challenging economic backdrop",2023 Q3,1,Executive & Financial
"And, you know, youre still talking about double-digit revenue growth next year",2023 Q3,-1,General
"But could you maybe just talk about some of the pieces or the drivers you expect to see, you know, given whats going on in billings growth? And are you leaning more into lending in order to drive this growth? And then, just lastly, like do we need to see billings to improve in order to be able to drive double-digit revenue growth? Thank you",2023 Q3,0,Growth & Spending
"Steve Squeri -- Chairman and Chief Executive Officer Well, those are a lot of questions, Ryan",2023 Q3,1,Executive & Financial
Ryan Nash -- Goldman Sachs -- Analyst I know,2023 Q3,1,Executive & Financial
Trying to fit every one in there,2023 Q3,-1,General
Steve Squeri -- Chairman and Chief Executive Officer Its good,2023 Q3,1,Executive & Financial
"You actually only asked one, you just put it in multiple parts",2023 Q3,2,Customer & Cards
"Ryan Nash -- Goldman Sachs -- Analyst Inaudible Steve Squeri -- Chairman and Chief Executive Officer Yeah, right, exactly",2023 Q3,1,Executive & Financial
Well leave that one alone,2023 Q3,-1,General
"But when you look at our model, there are many ways for us to grow revenue",2023 Q3,-1,General
"You know, we grow revenue from a billings perspective, we grow revenue from a card fee perspective, and we do grow revenue from a lending perspective",2023 Q3,-1,General
"The current revenue growth that we had, the current billings growth that we have is in line with what our long-term growth aspirations are",2023 Q3,0,Growth & Spending
"So, where we are from a billings growth perspective, we feel really good about that",2023 Q3,0,Growth & Spending
"From a fee perspective, and Id like to point this out, is that the major driver of our fee revenue is actually new card acquisition",2023 Q3,0,Growth & Spending
"Its not raising fees, its really new card acquisition",2023 Q3,0,Growth & Spending
"And we -- look, weve invested approximately 5.5 billion this year",2023 Q3,0,Growth & Spending
Well probably step that up next year,2023 Q3,-1,General
"So, were very confident in our card acquisition",2023 Q3,0,Growth & Spending
"As Christophe said, there are a lot of great opportunities out there for us",2023 Q3,0,Growth & Spending
"And from a lending perspective, and weve mentioned this multiple times, our book today we believe is better than our book was in 2019",2023 Q3,0,Growth & Spending
"And, you know, if our cardmembers will lend -- will continue to lend responsibly, and, you know, our cardmembers have various needs at various points in time",2023 Q3,0,Growth & Spending
"And I think its that model, its our three-legged stool of revenue which will continue to provide confidence that were going to be able to deliver double-digit revenue growth next year",2023 Q3,-1,General
"Christophe Le Caillec -- Chief Financial Officer And maybe, Ryan, can add one point on the lending side",2023 Q3,2,Customer & Cards
"As Steve said, we have, you know, a premium customer base",2023 Q3,0,Growth & Spending
And were growing lending of that premium customer base,2023 Q3,0,Growth & Spending
Seventy percent of the balances are coming from established cardmembers that we know well,2023 Q3,0,Growth & Spending
"So, you know, those cardmembers we know revolve with, you know, competitors products",2023 Q3,0,Growth & Spending
"And historically, we under-index on that",2023 Q3,-1,General
"We capture a big share of their spend, a smaller share of that lending",2023 Q3,0,Growth & Spending
And what were doing here is just deepening the relationship with them and capturing a bigger share of their revolving needs,2023 Q3,-1,General
Operator Thank you,2023 Q3,2,Customer & Cards
The next question is coming from Bob Napoli of William Blair,2023 Q3,1,Executive & Financial
Please go ahead,2023 Q3,2,Customer & Cards
"Bob Napoli -- William Blair and Company -- Analyst Thank you, and congratulations to everyone",2023 Q3,1,Executive & Financial
"Kerri, its been great working with you and good luck",2023 Q3,2,Customer & Cards
"So, question, Steve, on the SMB business",2023 Q3,0,Growth & Spending
Thats a really important business for you,2023 Q3,0,Growth & Spending
Its only growing 2,2023 Q3,0,Growth & Spending
I think there are large opportunities there,2023 Q3,0,Growth & Spending
"But what is -- can you maybe give a little color on whats going on in SMB and your thoughts about SMB as we move into 2024? Steve Squeri -- Chairman and Chief Executive Officer Yeah, I think, you know, this is probably the second quarter in a row, you know, its been low growth",2023 Q3,1,Executive & Financial
"I think a lot of it -- a lot of our high growth was really driven by organic growth, and we havent seen as much organic growth from a small business perspective",2023 Q3,0,Growth & Spending
"I think from an acquisition perspective, were still very happy about the opportunities that are out there",2023 Q3,-1,General
"Were still happy about, you know, the lending opportunities that are out there",2023 Q3,0,Growth & Spending
"And I think, you know, small businesses went through a very interesting cycle over the last few years in terms of not having a lot of inventory and then stocking up on inventory",2023 Q3,0,Growth & Spending
"And so, were still very positive on small business, albeit the last two quarters were relatively slow",2023 Q3,0,Growth & Spending
But we share your perspective that its still a huge opportunity for us,2023 Q3,0,Growth & Spending
"And, you know, its a big part of our business from a billings perspective",2023 Q3,0,Growth & Spending
"And to remind people, our small business footprint is across a variety of small businesses, you know, whether its restaurant and retail or professional services and construction and so forth",2023 Q3,0,Growth & Spending
"So, we still feel good about it",2023 Q3,0,Growth & Spending
"And I think that well see just, you know, when organic does come back, but were still very positive on small business",2023 Q3,0,Growth & Spending
Operator Thank you,2023 Q3,2,Customer & Cards
The next question is coming from Rick Shane of JPMorgan,2023 Q3,1,Executive & Financial
Please go ahead,2023 Q3,2,Customer & Cards
"Rick Shane -- JPMorgan Chase and Company -- Analyst Thanks everybody for taking my question, and congratulations, Kerri",2023 Q3,1,Executive & Financial
Weve really enjoyed working with you,2023 Q3,2,Customer & Cards
"And, Christophe, we are looking forward to more dialogue",2023 Q3,2,Customer & Cards
I just have one question,2023 Q3,-1,General
There was a comment about raising the reserve rate modestly as we move forward,2023 Q3,0,Growth & Spending
"Obviously, thats not a function of changing economic outlook because you dont know what that will be",2023 Q3,-1,General
Im assuming its a mix shift issue,2023 Q3,0,Growth & Spending
"Can you talk about that a little bit in terms of what components are shifting in the mix and the different reserve rates for those products? Christophe Le Caillec -- Chief Financial Officer Yeah, yeah, yeah",2023 Q3,0,Growth & Spending
"So, the trend -- you know, there is like still a bit of normalization going on",2023 Q3,0,Growth & Spending
"So, if you look at our delinquency rates, theyre fairly flat",2023 Q3,0,Growth & Spending
"If you squint a little bit, youre going to see a couple of basis points increase",2023 Q3,0,Growth & Spending
"And thats effectively what I meant when I said that you should expect that reserve rate to increase a little bit, where theres still a little bit of normalization happening here",2023 Q3,0,Growth & Spending
"But as you know well, those delinquency rates and write-off rates are very strong relative to our historical performance and, of course, relative to peers",2023 Q3,0,Growth & Spending
"So, theres nothing that gives me concern in that comment",2023 Q3,-1,General
Its just to pre-empt a little bit what we are seeing,2023 Q3,-1,General
Operator Thank you,2023 Q3,2,Customer & Cards
The next question is coming from Don Fandetti of Wells Fargo,2023 Q3,1,Executive & Financial
Please go ahead,2023 Q3,2,Customer & Cards
Don Fandetti -- Wells Fargo Securities -- Analyst Hi,2023 Q3,1,Executive & Financial
Good morning,2023 Q3,3,Outlook & Guidance
"Christophe, on the Basel III Endgame, has the message -- is the message still unchanged? It seems like thats a pretty big increase in RWAs and that maybe you might have to ultimately dial back the buybacks at some point",2023 Q3,0,Growth & Spending
Just wanted to get your thoughts on that,2023 Q3,-1,General
"Christophe Le Caillec -- Chief Financial Officer Yeah, so, this is, as you know, a complicated set of rules like over 1,000 pages",2023 Q3,2,Customer & Cards
"So, let me try to summarize it for you in the way we are thinking about Basel III",2023 Q3,0,Growth & Spending
"I think the right starting point is to remind ourselves that, first, we generate a lot of capital, or we -- in the 30 range",2023 Q3,0,Growth & Spending
"The second element of the starting point is that although our regulatory capital is at 7, CET1 at 7, we actually operate with a target of 10 to 11",2023 Q3,0,Growth & Spending
"So, thats 300 to 400 basis-point north of the regulatory level",2023 Q3,-1,General
And what I meant to say in my comment was to say that that buffer could be consumed by either the Basel III rules,2023 Q3,0,Growth & Spending
Theyre adopted as currently drafted,2023 Q3,0,Growth & Spending
"Another way of saying the same thing is that our level of capital today is very healthy, you know, given those those rules",2023 Q3,0,Growth & Spending
"I also need to highlight the fact that in the rules themselves, their regulators pose some questions about the applicability of these rules to businesses, such as ours, and their reference, the charge card, for instance, business",2023 Q3,0,Growth & Spending
"And as you know, over 75, 78 of our revenue comes from fees",2023 Q3,-1,General
"But those fees are stable, visible, such as card fees that we talked about a bit earlier",2023 Q3,0,Growth & Spending
"And we are actively engaged with the regulators to figure out, you know, whats the right thing to do here",2023 Q3,-1,General
"So, well see where we land",2023 Q3,-1,General
No one knows,2023 Q3,-1,General
"But for now, I dont expect any change to our near-term capital management policies and practices",2023 Q3,0,Growth & Spending
Operator Thank you,2023 Q3,2,Customer & Cards
The next question is coming from Jeff Adelson of Morgan Stanley,2023 Q3,1,Executive & Financial
Please go ahead,2023 Q3,2,Customer & Cards
Jeff Adelson -- Morgan Stanley -- Analyst Yes,2023 Q3,1,Executive & Financial
Hi,2023 Q3,3,Outlook & Guidance
Thanks for taking my questions,2023 Q3,2,Customer & Cards
Just wanted to focus a little bit on the spend versus account growth dynamics,2023 Q3,0,Growth & Spending
"It looks like your average spending per card or account is flattening out and your account growth is finally slowing a little -- you know, more flat sequentially this quarter even as you continue to add 3 million new accounts or card in the quarter",2023 Q3,0,Growth & Spending
"And, you know, it came against the backdrop of your marketing a little bit lower this quarter, although it sounds like youre going to be leaning back in next quarter to hit that 5.5",2023 Q3,0,Growth & Spending
"So, I guess my question is, are you seeing something thats causing you to drive a little bit slower account growth here? Or is there anything going on with attrition, or anything with Delta? Steve Squeri -- Chairman and Chief Executive Officer No",2023 Q3,0,Growth & Spending
"I think, you know, it comes down to timing",2023 Q3,-1,General
"And, you know, what happens is quarters happen to cut off on particular days, and thats just the way it is",2023 Q3,-1,General
"But, no, were committed to the 5.5 billion overall approximately of marketing",2023 Q3,0,Growth & Spending
You saw a slight sequential drop,2023 Q3,0,Growth & Spending
"I think we went under, you know, the 3 million for the first time in a while",2023 Q3,0,Growth & Spending
"And, you know, we look at account growth as -- or cards acquired from an overall revenue perspective",2023 Q3,-1,General
"But we still see tremendous opportunities out there, which is why we sort of signaled here -- more than signaled",2023 Q3,0,Growth & Spending
We said were going to raise our marketing expense for next year as well,2023 Q3,-1,General
"So, no, were not seeing anything at all that gives us pause, and we will continue to acquire those cards as long as those opportunities are out there",2023 Q3,0,Growth & Spending
"So, you will see a higher level of marketing spending in the next quarter",2023 Q3,0,Growth & Spending
Operator Thank you,2023 Q3,2,Customer & Cards
The next question is coming from Bill Carcache of Wolfe Research,2023 Q3,1,Executive & Financial
Please go ahead,2023 Q3,2,Customer & Cards
Bill Carcache -- Wolfe Research -- Analyst Thank you,2023 Q3,1,Executive & Financial
"Good morning, Steve",2023 Q3,3,Outlook & Guidance
"And, Christophe, welcome to the call",2023 Q3,2,Customer & Cards
Steve Squeri -- Chairman and Chief Executive Officer Good morning,2023 Q3,1,Executive & Financial
Christophe Le Caillec -- Chief Financial Officer Good morning,2023 Q3,2,Customer & Cards
Bill Carcache -- Wolfe Research -- Analyst Can you share -- any initial thoughts on the open banking rule that the CFPB recently proposed? Theres a view that the pen banking essentially forces banks to hand over the keys to their customer relationships,2023 Q3,1,Executive & Financial
I was just hoping you could speak to any opportunities that may present for Amex,2023 Q3,0,Growth & Spending
"And following up on the capital commentary, Christophe, theres a view that you could reduce your at-risk if you treated your rewards expense as a contra revenue",2023 Q3,-1,General
Any thoughts on that would be great,2023 Q3,-1,General
Thank you,2023 Q3,2,Customer & Cards
Steve Squeri -- Chairman and Chief Executive Officer Yeah,2023 Q3,1,Executive & Financial
"Look, as far as FedNow, I think lets just go to the U.K., U.K.s had open banking for 10 years or so, and its really had no impact on our business either positively or negatively",2023 Q3,-1,General
"So, I dont really see this as either a big threat or big opportunity",2023 Q3,-1,General
"And I think wher Id like to take you back, Bill, to is what product were actually offering",2023 Q3,-1,General
"You know, were offering a membership model product basically which has lots of different components other than just commodity paying",2023 Q3,0,Growth & Spending
"And, you know, our product has so many more benefits from a security perspective, a fraud perspective, a dispute perspective than an open banking product would have",2023 Q3,-1,General
"And so, I really dont see this as either an opportunity or as a threat to our business either in the short term or in the long term",2023 Q3,-1,General
I will turn the other question over to Christophe,2023 Q3,2,Customer & Cards
"Christophe Le Caillec -- Chief Financial Officer So, on Basel, Bill, you know, there are various things that were discussing with regulators",2023 Q3,2,Customer & Cards
I dont think it would be useful to go through the list here this morning on the call,2023 Q3,-1,General
"But you raise either an important element here, which is that nothing is really changing in our business, right? Were still doing the exact same thing",2023 Q3,-1,General
"And so, we need to figure out with regulators what the right level of capital here and not be dependent upon accounting treatment or anything like that",2023 Q3,0,Growth & Spending
"So, you know, too early to discuss this in detail",2023 Q3,0,Growth & Spending
"When we have more clarity, well provide you with a ton of Basel III details",2023 Q3,0,Growth & Spending
Operator Thank you,2023 Q3,2,Customer & Cards
The next question is coming from Dominick Gabriele of Oppenheimer,2023 Q3,1,Executive & Financial
Please go ahead,2023 Q3,2,Customer & Cards
Dominick Gabriele -- Oppenheimer and Company -- Analyst Hi,2023 Q3,1,Executive & Financial
Good morning,2023 Q3,3,Outlook & Guidance
Pleasure to meet everybody,2023 Q3,-1,General
"And, Kerri, thanks so much for all the help",2023 Q3,2,Customer & Cards
"I was just curious on your cardmember rewards as a percentage of billed business, its stepped down quite nicely quarter over quarter and year over year",2023 Q3,0,Growth & Spending
I was just curious if youre seeing anything in particular on the utilization of rewards recently or any commentary around around that? Thank you so much,2023 Q3,-1,General
Christophe Le Caillec -- Chief Financial Officer Yeah,2023 Q3,2,Customer & Cards
"So, yes, and, you know, our VCE I called out was lower this quarter at 40",2023 Q3,0,Growth & Spending
"So, as you know, variable cardmember engagement -- and rewards is the biggest number there",2023 Q3,0,Growth & Spending
Its a very large expense base,2023 Q3,0,Growth & Spending
"So, were constantly looking at -- when we do product refreshes, when we launch products, we look at -- were looking at ways to make sure that these value proposition works best, and we price for this",2023 Q3,0,Growth & Spending
And theres always changes,2023 Q3,0,Growth & Spending
Theres always changes as well in terms of how the cardmembers choose to redeem their points from one quarter to another,2023 Q3,0,Growth & Spending
"As you know, we also adding constantly new redemption partners that changed the mix in terms of their weighted average cost per points",2023 Q3,-1,General
"So, theres, at any point in time, a lot of variables that will impact that ratio",2023 Q3,-1,General
"We are very focused on making sure that we have the right ratio versus revenue, and we also have the right value proposition that would be compelling in the marketplace",2023 Q3,-1,General
"So, its a little bit lower this quarter",2023 Q3,0,Growth & Spending
"You know, I think we said 42 for the full year because we are seeing that its a bit better as well from a full year standpoint",2023 Q3,-1,General
Its still going to be an area of investments for us,2023 Q3,0,Growth & Spending
It drives a lot of growth as well,2023 Q3,0,Growth & Spending
Thats one of the key reason why cardmembers sign up for for the cards and engage with it,2023 Q3,0,Growth & Spending
"And, you know, were going to keep working on those on those value propositions and make sure that we have the right balance here",2023 Q3,-1,General
"Steve Squeri -- Chairman and Chief Executive Officer The only other point Ill add is that within our value propositions, because of our really premium card base, lots and lots of partners want to work with us and include benefits within our value propositions to reach our cardmembers",2023 Q3,1,Executive & Financial
"And so, you know, when you look at the overall value proposition, its just not rewards-based, it is partner-based",2023 Q3,-1,General
And there are different mechanisms from a funding perspective of how that all works out,2023 Q3,0,Growth & Spending
"So, thats part and parcel of our value proposition as well",2023 Q3,-1,General
Operator Thank you,2023 Q3,2,Customer & Cards
The next question is coming from Arren Cyganovich of Citi,2023 Q3,-1,General
Please go ahead,2023 Q3,2,Customer & Cards
Arren Cyganovich -- Citi -- Analyst Thanks,2023 Q3,-1,General
"You continue to outperform on credit at least, you know, very much relative to your peers in below pre-pandemic levels",2023 Q3,-1,General
What are your thoughts on net charge-offs heading into 2024? And maybe you could touch a little bit on how the seasoning curves are happening for your recent vintages,2023 Q3,0,Growth & Spending
"Christophe Le Caillec -- Chief Financial Officer Yeah, yeah",2023 Q3,2,Customer & Cards
"So, you know, were not going to give you a lot of details about 2024 on this call",2023 Q3,0,Growth & Spending
We plan to do that in -- at the beginning of next year when we speak about 2024 guidance,2023 Q3,0,Growth & Spending
"But what I can tell you is that the starting point for us of our credit performance and all our credit decisions is the quality of the products and the fact that it attracts, you know, premium cardmembers",2023 Q3,-1,General
"Thats the starting point, right? And we have a very talented risk organization",2023 Q3,-1,General
"We have a very disciplined execution of our risk decision, but it starts with our -- with the quality of the product",2023 Q3,-1,General
And thats the key differentiator vis-a-vis our peers,2023 Q3,-1,General
And thats what we focused on,2023 Q3,-1,General
"And as you know, weve said this many times on this call, if anything, we are focused even more on the premiumness of their -- the portfolio",2023 Q3,0,Growth & Spending
"We are -- you know, the new cardmembers -- because youre talking about vintages, the new cardmembers were bringing in, 70 of those consumer cardmembers are joining the franchise on a fee-paying product",2023 Q3,0,Growth & Spending
Thats a big statement to join the franchise,2023 Q3,-1,General
"And so, you know, thats what we use to start projecting out",2023 Q3,-1,General
"You know, theres still -- as Ive said before, theres still a little bit of, you know, COVID noise and normalization going on, but were very pleased with the credit performance that were saying",2023 Q3,-1,General
"And as you pointed out, you know, the gap versus competitors, if anything, is increasing further",2023 Q3,0,Growth & Spending
Operator Thank you,2023 Q3,2,Customer & Cards
The next question is coming from Craig Maurer of FT Partners,2023 Q3,-1,General
Please go ahead,2023 Q3,2,Customer & Cards
"Craig Maurer -- Financial Technology Partners -- Analyst Yeah, good morning",2023 Q3,-1,General
Thanks for taking the questions,2023 Q3,2,Customer & Cards
"And congrats, Kerri and Kartik, on your new roles",2023 Q3,2,Customer & Cards
"The net interest yield on cardmember loans saw a nice improvement in the quarter, up 50 basis points quarter on quarter, and youre now above Q4 19",2023 Q3,0,Growth & Spending
"And while I understand what rates youre doing, the increase was pretty substantial this quarter",2023 Q3,-1,General
"So, I was -- versus prior quarter",2023 Q3,0,Growth & Spending
"So, I was wondering how we should expect that to trend",2023 Q3,0,Growth & Spending
"And secondly, given your visibility due to the accounting treatment of card fees, how should we expect that to trend over the coming quarters considering its decelerated for several quarters in a row? Thank you",2023 Q3,0,Growth & Spending
"Christophe Le Caillec -- Chief Financial Officer Yeah, yeah, so under yield, there -- the key thing here -- there are many moving parts, right? They are, you know, as you know, in terms of the funding, in terms of their pricing, in terms of their various vintages",2023 Q3,2,Customer & Cards
But their key biggest element that is driving that small increase in the yield is the revolve rate,2023 Q3,0,Growth & Spending
"So, the share -- the revolving balances, the interest-bearing balances, and our total loan balances is increasing a little bit",2023 Q3,0,Growth & Spending
"And thats an outcome of our tenured cardmembers rebuilding their balances, which is something weve called out for several quarters now",2023 Q3,-1,General
"And I just want to point out again that either most of that growth is coming from -- most of that growth, i.e., 70 is coming from tenured cardmembers that we know well and we can underwrite well",2023 Q3,-1,General
"So, thats the key driver behind the yield improvement",2023 Q3,-1,General
"When it comes to card fees, youre right, we have good visibility because we amortize those fees over 12 months",2023 Q3,0,Growth & Spending
"So, we see that trend",2023 Q3,0,Growth & Spending
"So, you should expect that trend to continue a little bit, i.e., the growth rate to moderate",2023 Q3,0,Growth & Spending
"As I said, a key driver to this is going to be the cycle of product refreshes",2023 Q3,0,Growth & Spending
"And its also going to be a function of us investing more marketing dollars, bringing on more fee-paying cardmembers",2023 Q3,0,Growth & Spending
And that dynamic is just going to play out,2023 Q3,-1,General
"So, you should expect, you know, in the next few quarters a bit of a moderation there, but I need to call out that its a moderation from a very high level",2023 Q3,-1,General
"And as we used to say on this call, even during the pandemic, that specific category was still growing",2023 Q3,0,Growth & Spending
"So, its still going to grow strongly in double digits, right? Steve Squeri -- Chairman and Chief Executive Officer As we go back to the pandemic, we were growing at 10 to 11",2023 Q3,0,Growth & Spending
"And so, when you look at the outsized, lets call it the outsized growth rates that we had in Q3 and Q4 of 2022, you did -- you had not acquired cards really in 2020",2023 Q3,0,Growth & Spending
"And so, when you got to the amortization in the third and fourth quarter of 2021, it was lower",2023 Q3,-1,General
"So, the growth rate was a little bit higher as we got in there",2023 Q3,0,Growth & Spending
"But, you know, look were pretty happy with 19 growth rate over numbers that continue to get bigger",2023 Q3,0,Growth & Spending
Operator Thank you,2023 Q3,2,Customer & Cards
Our final question will come from Mihir Bhatia of Bank of America,2023 Q3,1,Executive & Financial
Please go ahead,2023 Q3,2,Customer & Cards
Mihir Bhatia -- Bank of America Merrill Lynch -- Analyst Hi,2023 Q3,1,Executive & Financial
Thanks for taking my question and squeezing me in here,2023 Q3,-1,General
"And congratulations to Christophe, Kerri, and Kartik",2023 Q3,2,Customer & Cards
"I wanted to maybe switch from talking about the card products that, you know, the whole call has been talking about a little bit",2023 Q3,0,Growth & Spending
And maybe just talk a little bit about the noncard products,2023 Q3,0,Growth & Spending
I think other loans and receivables is now up over 10 billion in total now,2023 Q3,0,Growth & Spending
"Obviously, being an area where youve spent a lot of time investing in, maybe just talk a little bit about that, both on the consumer and commercial side",2023 Q3,-1,General
"Where are you seeing some of the strongest growth? How do you expect that to trend? How much is that contributing to interest yields, etc.? Thanks",2023 Q3,0,Growth & Spending
Steve Squeri -- Chairman and Chief Executive Officer Yeah,2023 Q3,1,Executive & Financial
"So, let me sort of just hit from a strategic perspective of what were trying to do",2023 Q3,-1,General
"And, you know, even at 10 billion, its still a relatively small piece",2023 Q3,0,Growth & Spending
One of the things we try to do from a small business perspective is to make sure that we can provide a variety of working capital needs to our small business customers,2023 Q3,0,Growth & Spending
"And in that case, it can be noncard loans for working capital, it can be shorter term loans for, you know, up to two years or so forth",2023 Q3,0,Growth & Spending
"And I think, you know, part of that was the overall Kabbage acquisition that we did to be able to do that",2023 Q3,-1,General
"Because what we wanted to do, and it goes along with what we did with sort of our checking account as well, is we wanted to make sure that we could provide for small businesses a host of products and services from having a checking transaction account, having a lending product, having a charge product, and then having working capital loans",2023 Q3,-1,General
"And so, I think that really that really fits in",2023 Q3,0,Growth & Spending
"But, you know, thats not the driver of growth for us in that segment",2023 Q3,0,Growth & Spending
"From a consumer perspective, what weve continued to try to do is to really grow our organic footprint with our consumers",2023 Q3,0,Growth & Spending
"And, you know, you can go back in history",2023 Q3,-1,General
"It started as a charge card, and then we put lending, and then we put pay over time, and, you know, plant it within the product and came up with a savings account and a debit product and also a small component of personal loans",2023 Q3,0,Growth & Spending
"And so, you know, weve been judicious and careful about how weve gone about that",2023 Q3,0,Growth & Spending
But I think its an important add to make sure that our customers are not going to our competitors when they need products and services like that,2023 Q3,0,Growth & Spending
"So, thats the sort of strategic sort of backdrop on why we have that",2023 Q3,-1,General
Kerri Bernstein -- Head of Investor Relations OK,2023 Q3,1,Executive & Financial
"And with that, we will bring the call to an end",2023 Q3,0,Growth & Spending
Thank you for joining todays call and for your continued interest in American Express,2023 Q3,2,Customer & Cards
The IR team will be available for any follow-up questions,2023 Q3,-1,General
"Operator, back to you",2023 Q3,-1,General
"Operator Ladies and gentlemen, the webcast replay will be available on our investor relations website at ir.americanexpress.com shortly after the call",2023 Q3,-1,General
"You can also access a digital replay of the call at 877-660-6853 or 201-612-7415, access code 13740799, after 1 p.m",2023 Q3,-1,General
Eastern Time on October 20th through October 27th,2023 Q3,-1,General
That will conclude our conference call for today,2023 Q3,0,Growth & Spending
"Operator signoff Duration 0 minutes Kerri Bernstein -- Head of Investor Relations Steve Squeri -- Chairman and Chief Executive Officer Christophe Le Caillec -- Chief Financial Officer Sanjay Sakhrani -- Keefe, Bruyette and Woods -- Analyst Ryan Nash -- Goldman Sachs -- Analyst Bob Napoli -- William Blair and Company -- Analyst Rick Shane -- JPMorgan Chase and Company -- Analyst Don Fandetti -- Wells Fargo Securities -- Analyst Jeff Adelson -- Morgan Stanley -- Analyst Bill Carcache -- Wolfe Research -- Analyst Dominick Gabriele -- Oppenheimer and Company -- Analyst Arren Cyganovich -- Citi -- Analyst Craig Maurer -- Financial Technology Partners -- Analyst Mihir Bhatia -- Bank of America Merrill Lynch -- Analyst More AXP analysis All earnings call transcripts This article is a transcript of this conference call produced for The Motley Fool",2023 Q3,1,Executive & Financial
"While we strive for our Foolish Best, there may be errors, omissions, or inaccuracies in this transcript",2023 Q3,4,Other
"As with all our articles, The Motley Fool does not assume any responsibility for your use of this content, and we strongly encourage you to do your own research, including listening to the call yourself and reading the companys SEC filings",2023 Q3,1,Executive & Financial
"Please see our Terms and Conditions for additional details, including our Obligatory Capitalized Disclaimers of Liability",2023 Q3,-1,General
"American Express is an advertising partner of The Ascent, a Motley Fool company",2023 Q3,-1,General
The Motley Fool has no position in any of the stocks mentioned,2023 Q3,1,Executive & Financial
The Motley Fool has a disclosure policy,2023 Q3,1,Executive & Financial
Average returns of all recommendations since inception,2023 Q3,-1,General
Cost basis and return based on previous market day close,2023 Q3,-1,General
Invest better with The Motley Fool,2023 Q3,1,Executive & Financial
"Get stock recommendations, portfolio guidance, and more from The Motley Fools premium services",2023 Q3,1,Executive & Financial
"Making the world smarter, happier, and richer",2023 Q3,-1,General
 1995 - 2026 The Motley Fool,2023 Q3,1,Executive & Financial
All rights reserved,2023 Q3,0,Growth & Spending
Market data powered by Xignite and Polygon.io,2023 Q3,2,Customer & Cards
"About The Motley Fool Our Services Around the Globe Free Tools Affiliates  Friends AXP earnings call for the period ending September 30, 2023.",2023 Q3,2,Customer & Cards
"Operator Ladies and gentlemen, thank you for standing by",2023 Q4,2,Customer & Cards
Welcome to the American Express Q4 2023 earnings call,2023 Q4,-1,General
"At this time, all participants are on a listen-only mode",2023 Q4,0,Growth & Spending
"Later, we will conduct a question-and-answer session",2023 Q4,2,Customer & Cards
"Operator instructions As a reminder, todays call is being recorded",2023 Q4,-1,General
"I will now turn the conference over to our host, head of investor relations, Mr",2023 Q4,-1,General
Kartik Ramachandran,2023 Q4,1,Executive & Financial
Thank you,2023 Q4,2,Customer & Cards
Please go ahead,2023 Q4,2,Customer & Cards
"Kartik Ramachandran -- Head of Investor Relations Thank you, Donna, and thank you all for joining todays call",2023 Q4,1,Executive & Financial
"As a reminder, before we begin, todays discussion contains forward-looking statements about the companys future business and financial performance",2023 Q4,0,Growth & Spending
These are based on managements current expectations and are subject to risks and uncertainties,2023 Q4,-1,General
Factors that could cause actual results to differ materially from these statements are included in todays presentation slides and in our reports on file with the SEC,2023 Q4,4,Other
The discussion today also contains non-GAAP financial measures,2023 Q4,0,Growth & Spending
"The comparable GAAP financial measures are included in this quarters earnings materials, as well as the earnings materials for the prior periods we discussed",2023 Q4,0,Growth & Spending
All of these are posted on our website at ir.americanexpress.com,2023 Q4,-1,General
"We will begin today with Steve Squeri, chairman and CEO, who will start with some remarks about the companys progress and results",2023 Q4,-1,General
"And then, Christophe Le Caillec, chief financial officer, will provide a more detailed review of our financial performance",2023 Q4,2,Customer & Cards
"After that, well move to a QA session on the results with both Steve and Christophe",2023 Q4,2,Customer & Cards
"With that, let me turn it over to Steve",2023 Q4,3,Outlook & Guidance
"Steve Squeri -- Chairman and Chief Executive Officer Good morning, and thanks for joining us",2023 Q4,1,Executive & Financial
2023 was another strong year for American Express,2023 Q4,-1,General
"We delivered record revenues of 61 billion for the year of 15 on an FX-adjusted basis, and we had record net income of over 8 billion with earnings per share of 11.21",2023 Q4,0,Growth & Spending
"In the fourth quarter, we continue to drive strong customer engagement and demand for our premium products",2023 Q4,0,Growth & Spending
"We had solid growth in billings, strong new account acquisitions, and continued strength in credit quality, which remains the best in the industry",2023 Q4,0,Growth & Spending
"As a result, we achieved fourth quarter revenues of nearly 16 billion, which was another quarterly record",2023 Q4,0,Growth & Spending
And EPS was 2.62,2023 Q4,0,Growth & Spending
"Christophe will provide detail on our quarterly results, but I would like to take a step back to talk about what weve accomplished over the last two years until you why Im feeling good about where we are today and why Im confident in our future",2023 Q4,0,Growth & Spending
"Coming out of the COVID pandemic in January of 2022, we saw an opportunity to accelerate our growth",2023 Q4,0,Growth & Spending
And we set an aspiration to sustain growth over the longer term at levels that were higher than what we were achieving prior to the pandemic,2023 Q4,0,Growth & Spending
"At that time, we laid out a growth plan with the objective of positioning the company to be able to deliver on our aspiration of driving annual revenue growth of 10-plus and mid-teens EPS growth over the long term",2023 Q4,0,Growth & Spending
"In executing the plan, we focused on listening to our customers and understanding their needs",2023 Q4,0,Growth & Spending
"And we invested in innovating our value propositions, as well as uplifting our marketing and technology capabilities and backing our colleagues to meet those needs",2023 Q4,-1,General
"Looking back over the two years since we announced the growth plan, Im pleased to say that we achieved what we set out to do",2023 Q4,0,Growth & Spending
"And in fact, were ahead of where we thought wed be on our journey",2023 Q4,-1,General
Thanks to the millions of premium customers we have around the world and the American Express colleagues who support them,2023 Q4,-1,General
"Today, we are a larger and stronger company",2023 Q4,-1,General
"Since 2021, weve delivered record annual revenues, increasing the scale of our business by over 40 in just two years, from 42 billion to 61 billion in annual revenues -- in revenues",2023 Q4,0,Growth & Spending
Annual card spending over this period has increased 37 on an FX-adjusted basis to a record 1.5 trillion,2023 Q4,0,Growth & Spending
Weve added about 25 million new proprietary card accounts over the last two years,2023 Q4,0,Growth & Spending
And over 70 of these new accounts are coming into the franchise on fee-based products,2023 Q4,0,Growth & Spending
"With the growth in new accounts weve seen over the past few years, we now have a total of over 140 million cards running on our global network",2023 Q4,0,Growth & Spending
"Our focus on continuously innovating our value propositions to meet the needs of our customers is driving increased brand relevance across generations, including millennial and Gen Z consumers",2023 Q4,0,Growth & Spending
"These customers represent over 60 of the new consumer accounts we acquired globally in 2023, and 75 of new consumer platinum and gold accounts acquired in the U.S",2023 Q4,0,Growth & Spending
came from this cohort,2023 Q4,0,Growth & Spending
"At the same time, retention continues to be very high, and our credit metrics remain strong and best in class",2023 Q4,0,Growth & Spending
These strong results reflect the success of our strategic investments weve made in our business along with the tremendous earnings power of our business model,2023 Q4,-1,General
"Looking ahead, let me tell you why I feel really good about our future prospects",2023 Q4,-1,General
"We have a business model that is delivering premium performance, and we have strong momentum, which is driven by four key features of our model that differentiate us from the competition and are difficult to replicate",2023 Q4,0,Growth & Spending
"First, our economic construct has a set of diversified revenue sources that include card fees, spending, and best-in-class lending, with our subscription like card fees being a core and fast-growing component of our revenue mix",2023 Q4,-1,General
We have a singular focus on premium customers and superior innovative value propositions,2023 Q4,0,Growth & Spending
"Our premium customers are high-spending, loyal, and drive our strong credit performance",2023 Q4,-1,General
We have a large and growing partnership ecosystem that expands our brand value to cardmembers and merchant partners around the world,2023 Q4,0,Growth & Spending
And we have a global brand and a servicing ethos that truly sets us apart,2023 Q4,0,Growth & Spending
Our business model provides us with strong competitive advantages,2023 Q4,0,Growth & Spending
"And the way weve been able to leverage the models unique elements and execute our strategy has strengthened those advantages, giving us the runway for continuing our momentum across generations, geographies, and both our consumer and small business customers",2023 Q4,0,Growth & Spending
"The power of our business model, combined with the global scale of our premium customer base, the dedication and focus of our talented colleagues, and the attractiveness of the many growth opportunities we see ahead are the key reasons why Im confident in our ability to continue on our growth plan",2023 Q4,0,Growth & Spending
"And its why, going forward, well remain focused on our long-term aspiration of delivering annual revenue growth of 10-plus and mid-teens EPS growth",2023 Q4,0,Growth & Spending
"We believe this aspiration is the right one, and we aim to achieve it every year",2023 Q4,0,Growth & Spending
"However, we manage the company for the long term, and we anticipate there will be a range of potential outcomes in any given year due to a variety of factors, such as external environment and actions we might take that we decide are best for the business",2023 Q4,-1,General
"Looking at this year, the continued momentum weve seen in the business as weve executed our strategy gives us confidence in our guidance for 2024, which is in line with our long-term aspiration",2023 Q4,0,Growth & Spending
"For the year, we expect to deliver annual revenue growth between 9 and 11 and full year EPS of 12.65 to 13.15",2023 Q4,0,Growth & Spending
"In addition, we plan to increase our quarterly on common shares outstanding to 0.70 a share, up from 0.60 beginning with the first quarter 2024 dividend declaration",2023 Q4,0,Growth & Spending
This represents more than a 60 increase in the dividend from when we introduced our growth plan in January of 2022,2023 Q4,0,Growth & Spending
"As always, we will continue to run our business for the long term, and well do that by listening to our customers and meeting their needs through innovative unique value propositions and exceptional service that reflects our brand built on trust and security, delivered and supported by a world-class colleague base",2023 Q4,0,Growth & Spending
"In keeping our focus on backing our customers and our colleagues, we are confident that we will continue to deliver strong growth on a sustainable basis over the long term",2023 Q4,0,Growth & Spending
"Thank you, and let me now turn it over to Christophe",2023 Q4,2,Customer & Cards
"Christophe Le Caillec -- Chief Financial Officer Thank you, Steve, and good morning, everyone",2023 Q4,2,Customer & Cards
"Its good to be here to talk about our 2023 results, which reflect another strong year of performance, and to lay out our expectations for 2024",2023 Q4,0,Growth & Spending
I will discuss both our quarterly and full year results this morning since its year in and since looking at our business on an annual basis is more in sync with how we run the company,2023 Q4,0,Growth & Spending
Starting with our summary financials on Slide 2,2023 Q4,-1,General
"Full year revenues reached an all-time high of 60.5 billion, up 15 on an FX-adjusted basis",2023 Q4,0,Growth & Spending
Our fourth quarter revenues were 15.8 billion and grew 11 year over year,2023 Q4,0,Growth & Spending
This revenue momentum drove reported full year net income of 8.4 billion and earnings per share of 11.21,2023 Q4,0,Growth & Spending
"For the quarter, we reported net income of 1.9 billion and earnings per share of 2.62",2023 Q4,0,Growth & Spending
Lets now go to a more detailed look at the drivers of these results beginning with billed business on Slide 3,2023 Q4,-1,General
We reached record levels of spending for both the full year and the fourth quarter in 2023,2023 Q4,-1,General
Total billed business grew 9 versus last year on an FX-adjusted basis,2023 Q4,0,Growth & Spending
"In the fourth quarter, billed business grew 6 as we continue to see more stable growth rates after lapping the prior-year impact of omicron back in the first quarter",2023 Q4,0,Growth & Spending
"This 6 growth rate does reflect a bit of softening versus last quarter, but I would point out that the number of transactions from our cardmembers continues to grow double digits year over year, a good indicator of the engagement of our customer base",2023 Q4,0,Growth & Spending
"Our growth was driven by 5 growth in goods and services spending and, although slower than last quarter, continued strong growth in travel and entertainment spending up 9 for the quarter",2023 Q4,-1,General
"Restaurant spending remains our largest TE category and reached 100 billion for the full year for the first time, while airline spending growth slowed in the quarter",2023 Q4,0,Growth & Spending
There are few other key points to take away as we then break down our spending trends across our businesses,2023 Q4,0,Growth & Spending
Starting with our largest segment on Slide 4,2023 Q4,0,Growth & Spending
U.S,2023 Q4,0,Growth & Spending
consumer grew billings at 7 this quarter,2023 Q4,0,Growth & Spending
We continue to see growth across all generations in age cohorts with millennials and Gen Z customers again driving our highest billed business growth within this segment,2023 Q4,0,Growth & Spending
Their spending was up 15 this quarter,2023 Q4,-1,General
"Looking at commercial services on Slide 5, overall growth came in at 1 this quarter",2023 Q4,0,Growth & Spending
"Consistent with last quarters growth rate, spending growth from our U.S",2023 Q4,0,Growth & Spending
"small and medium-sized enterprise customers remain modest, given unique dynamics seen by small businesses over the past few years",2023 Q4,0,Growth & Spending
"Specifically in 2022, we saw a large increase in organic spending as businesses restock their inventories following supply chain issues during the pandemic",2023 Q4,0,Growth & Spending
This caused a significant grow-over challenge for spending from this segment in the industry in 2023,2023 Q4,-1,General
"Importantly, we continue to see strong levels of demand for new accounts, high levels of retention, and strong credit performance on our small business products",2023 Q4,0,Growth & Spending
"Looking ahead, this positions us well for the future as spending growth rebounds",2023 Q4,-1,General
"And lastly, on Slide 6, you see our highest growth again this quarter in international card services",2023 Q4,0,Growth & Spending
We continue to see double-digit growth across all regions and customer types,2023 Q4,-1,General
Spending from international consumers and from international SME and large corporate customers each grew 13 in the fourth quarter,2023 Q4,-1,General
"Overall, while were seeing a softer spend environment, we are pleased with the continued strong engagement and loyalty of our cardmembers across the globe",2023 Q4,0,Growth & Spending
"As we think about 2024, we are assuming a spend environment similar to what weve seen in the past few quarters",2023 Q4,-1,General
"Now, moving on to loans and cardmember receivables on Slide 7",2023 Q4,-1,General
We saw year over year growth of 13,2023 Q4,0,Growth & Spending
"We expect this growth, which has been elevated versus pre-pandemic levels, to continue to moderate as we progress through the 2024, but to still grow modestly faster than billings",2023 Q4,-1,General
Turning next to credit and provision on Slide 8 through 10,2023 Q4,-1,General
"First and most importantly, we continue to see strong and best-in-class credit metrics",2023 Q4,0,Growth & Spending
"We attribute this performance to the high credit quality of our customer base, our robust risk management practices, and our disciplined growth strategy",2023 Q4,0,Growth & Spending
"As we had expected, our write-off and delinquency rates did continue to tick up this quarter as you see on Slide 8",2023 Q4,0,Growth & Spending
"Going forward, we expect to see this delinquency and write-off rates remain strong with modest increases in 2024",2023 Q4,0,Growth & Spending
"Turning now to the accounting of this credit performance on Slide 9, the modest increase in our cardmember loans and receivables delinquency rate, combined with a quarter-over-quarter growth in our loan balances, resulted in a 400 million reserve build",2023 Q4,0,Growth & Spending
"This reserve build, combined with net write-offs drove, 1.4 billion of provision expense in the fourth quarter",2023 Q4,0,Growth & Spending
"As you see on Slide 10, we ended the fourth quarter with 5.4 billion of reserves, representing 2.8 of our total loans and cardmember receivables and continuing to reflect the premium nature of our cardmember base",2023 Q4,0,Growth & Spending
"This reserve rate remains about 10 basis points, below the level we had pre-pandemic or Day 1 CECL",2023 Q4,0,Growth & Spending
"We continue to expect the reserve rate to increase a bit as we move through 2024, similar to the modest increases weve seen over the past few quarters",2023 Q4,0,Growth & Spending
"Moving next to revenue on Slide 11, total revenues were up 11 year over year in the fourth quarter and up 15 for the full year on an FX-adjusted basis",2023 Q4,0,Growth & Spending
Our largest revenue line discount revenue grew 5 year over year in Q4 and 9 for the full year as you can see on Slide 12,2023 Q4,0,Growth & Spending
This growth is mostly driven by the spending trends we discussed earlier,2023 Q4,0,Growth & Spending
Net card fee revenues were up 17 year over year in the fourth quarter and 20 for the full year as you can see on Slide 13,2023 Q4,0,Growth & Spending
"As we expected, growth continued to moderate a bit this quarter from the high levels we saw earlier this year, reflecting our cycle of product refreshes",2023 Q4,0,Growth & Spending
"In 2024, we expect to exit the year with some further momentum compared to the current growth, supported by continued product innovation and our focus on premium value propositions",2023 Q4,0,Growth & Spending
We currently have plans to refresh around 40 products globally next year,2023 Q4,0,Growth & Spending
"In the quarter, we acquired 2.9 million new cards, and the spend revenue and credit profiles of our new cardmembers continue to look strong",2023 Q4,0,Growth & Spending
"Moving on to Slide 14, You can see that net interest income was up 30 year over year on an FX-adjusted basis in Q4 and 33 for the full year",2023 Q4,0,Growth & Spending
This growth is driven by the increase in our revolving loan balances and also by continued net yield expansion versus last year,2023 Q4,0,Growth & Spending
"When you think about 2024, you should expect to see net interest income growth moderate as balanced growth moderates with some continued tailwind from our tenured customers continuing to rebuild balances",2023 Q4,0,Growth & Spending
"And I would remind you that for our business model, we would not expect to see a meaningful impact from a lower interest rate environment next year",2023 Q4,0,Growth & Spending
"To sum up revenues on Slide 15, the power of our diversified model continues to drive strong revenue momentum",2023 Q4,0,Growth & Spending
"Looking forward into 2024, we expect to see revenue growth between 9 and 11",2023 Q4,0,Growth & Spending
Moving to expenses on Slide 16,2023 Q4,-1,General
"Overall total expenses were up 5 in the fourth quarter and 10 on a full year basis, both growing significantly lower than revenue",2023 Q4,-1,General
"This expense growth reflects the strong growth we are seeing in our business, the investments weve made, as well as our continued focus on expense discipline",2023 Q4,0,Growth & Spending
Starting at the top of the page with variable customer engagement expenses,2023 Q4,0,Growth & Spending
These costs came in at 40 of total revenues for the fourth quarter and 41 for the full year,2023 Q4,-1,General
"I would note that this cost came in a bit lower than our expectations, reflecting some of the natural hedges in our model",2023 Q4,0,Growth & Spending
"As TE spend growth slowed a bit in the quarter, we saw lower rewards costs than we had expected, for example, a lower mix of redemptions for airline tickets and fewer points earned on airline spend",2023 Q4,0,Growth & Spending
"In 2024, I would expect our variable customer engagement expenses to grow slightly higher than our revenue as we continue to focus on our premium products and drive engagement from our cardmembers",2023 Q4,0,Growth & Spending
"On the marketing line, we invested around 1.2 billion in the fourth quarter and 5.2 billion for the full year",2023 Q4,0,Growth & Spending
This is a bit below last year and our expectations to have marketing spend at around 5.5 billion,2023 Q4,0,Growth & Spending
"Marketing expense came in lower than we expected for the quarter, reflecting lower demand, given the softer TE environment",2023 Q4,-1,General
"However, we saw demand increase as we move through the quarter, and we continue to plan for increased marketing spend in 2024",2023 Q4,0,Growth & Spending
"Were confident that with our sophisticated acquisition engine, well do so in an efficient way",2023 Q4,-1,General
"Moving to the bottom of Slide 16 brings us to operating expenses, which were 4.2 billion in the fourth quarter and 14.9 billion for the full year 2023",2023 Q4,0,Growth & Spending
"This was above our original expectations, driven by a few notable items in the quarter",2023 Q4,-1,General
"First, as part of the normal course of business, we set up a reserve to cover expenses as we continuously look to enhance the organizations effectiveness",2023 Q4,-1,General
We also set up a reserve for exposure to a specific merchant,2023 Q4,0,Growth & Spending
"And like many others, we were impacted by the devaluation of the Argentine peso, which increased our opex in Q4 by 115 million",2023 Q4,0,Growth & Spending
"Looking forward, we continue to see opex as a key source of leverage and our focus on delivering low levels of growth as we have historically done",2023 Q4,0,Growth & Spending
"In 2024, we expect operating expenses to be fairly flat to this years expense",2023 Q4,0,Growth & Spending
"We will, of course, continue to assess opportunities as we move through the year, and our flexible model will allow us to dial up or down investments as needed",2023 Q4,-1,General
"Taking everything into account in 2024, we expect total expense to grow mid- to high-level digits for the full year as we expect to drive continued leverage through our operating expenses",2023 Q4,0,Growth & Spending
Turning next to capital on Slide 17,2023 Q4,0,Growth & Spending
"We returned 5.3 billion of capital to our shareholders in 2023, including 1.4 billion in the fourth quarter",2023 Q4,0,Growth & Spending
"On the back of strong earnings generation, we ended the year with our CET1 ratio at 10.5, within our target range of 10 to 11",2023 Q4,0,Growth & Spending
"In Q1 2024, as Steve discussed, we expect to increase our dividend by over 15 to 0.70 per quarter, consistent with our approach of growing our dividend in line with earnings and our 2025 target payout ratio",2023 Q4,0,Growth & Spending
We plan to continue to return to shareholders the excess capital we generate while supporting our balance sheet growth,2023 Q4,0,Growth & Spending
We do not expect any material near-term changes to our capital management approach,2023 Q4,0,Growth & Spending
That brings me to our long-term aspiration and 2024 guidance on Slide 18,2023 Q4,0,Growth & Spending
"We continue to run our business with a focus on our aspiration of revenue growth in excess of 10 and mid-teens EPS growth, and we believe that is the right aspiration",2023 Q4,0,Growth & Spending
"As Steve discussed, for the full year 2024 specifically, we are introducing our guidance of having revenue growth of 9 to 11 and earnings per share between 12.65 and 13.15",2023 Q4,0,Growth & Spending
This guidance remains in line with our aspiration and also factors in a range of scenarios based on what were seeing in our business today,2023 Q4,-1,General
We also recently announced an agreement to sell our Accertify business,2023 Q4,-1,General
Our guidance and the items related to 2024 that I just walked through do not include the potential impact from this sale,2023 Q4,-1,General
We do expect to realize a sizable gain on the sale and to reinvest a substantial portion of the gain back into our business as weve done with similar transactions in the past,2023 Q4,-1,General
We expect the deal to close in the second quarter and plan to provide more detail then,2023 Q4,-1,General
"With that, Ill turn the call back over to Kartik to open the call for your questions",2023 Q4,2,Customer & Cards
"Kartik Ramachandran -- Head of Investor Relations Thank you, Christophe",2023 Q4,1,Executive & Financial
"Before we open up the lines for QA, I will ask those in the queue to please limit yourself to just one question",2023 Q4,2,Customer & Cards
Thank you for your cooperation,2023 Q4,2,Customer & Cards
"And with that, the operator will now open up the line for questions",2023 Q4,2,Customer & Cards
Operator? Operator Operator instructions Our first question comes from Don Fandetti of Wells Fargo,2023 Q4,-1,General
Please go ahead,2023 Q4,2,Customer & Cards
"Don Fandetti -- Wells Fargo Securities -- Analyst Hi, Good morning",2023 Q4,1,Executive & Financial
Good to see the 24 EPS guidance and rev guidance,2023 Q4,0,Growth & Spending
"I guess on January spend, some of your peers have noted a slowdown on weather",2023 Q4,0,Growth & Spending
"Can you comment on that? And then, just maybe talk a little bit about billed business in 24 in terms of SME? Christophe Le Caillec -- Chief Financial Officer Yeah, so we dont talk about monthly numbers, so let alone about you know a few weeks into the month of January",2023 Q4,0,Growth & Spending
"So, I think the best is to wait until the end of the quarter and well provide a lot more color and detail on the billing in January so far",2023 Q4,-1,General
"As far as how we think about billed business in 2024, our planning assumption is that we should expect -- or were expecting billings to be consistent with what weve seen in the prior few quarters",2023 Q4,-1,General
"You know, and were ready to see an upside if there is some",2023 Q4,-1,General
"But for now, thats the assumption we baked in our plans and how we constructed this guidance",2023 Q4,-1,General
"On the SME side, its the same assumption, if you want",2023 Q4,-1,General
"We are assuming, you know, something similar to what were seeing in Q3, Q4",2023 Q4,-1,General
"And, you know, we are very focused on winning the recoveries with SMEs",2023 Q4,0,Growth & Spending
"As I said in my remarks, these cardmembers have been through a lot over the last two, three years",2023 Q4,0,Growth & Spending
"And we are focusing on providing the best experience, the best products",2023 Q4,0,Growth & Spending
We are focusing on acquiring as many customers as we can and helping them grow their business,2023 Q4,0,Growth & Spending
And well be ready when theyre ready,2023 Q4,-1,General
"Historically, this has been a volatile segment for us",2023 Q4,-1,General
You know how dynamic these customer segments are,2023 Q4,0,Growth & Spending
"And we play a critical role in that industry, and well be ready when theyre ready",2023 Q4,-1,General
Operator Thank you,2023 Q4,2,Customer & Cards
The next question is coming from Ryan Nash of Goldman Sachs,2023 Q4,1,Executive & Financial
Please go ahead,2023 Q4,2,Customer & Cards
"Ryan Nash -- Goldman Sachs -- Analyst Hey, good morning, guys",2023 Q4,1,Executive & Financial
Good morning,2023 Q4,3,Outlook & Guidance
"Maybe to build on Dons question, can you maybe just dig a little bit deeper on some of the drivers of revenue growth, so discount revenues, card fees",2023 Q4,0,Growth & Spending
"And, Christophe, I know you said that NII should decelerate",2023 Q4,-1,General
"And, you know, are we assuming any sort of reacceleration as we move through the year, particularly in areas like U.S",2023 Q4,0,Growth & Spending
consumer or SME,2023 Q4,0,Growth & Spending
Thank you,2023 Q4,2,Customer & Cards
Christophe Le Caillec -- Chief Financial Officer Yeah,2023 Q4,2,Customer & Cards
"Hey, good morning, Ryan",2023 Q4,3,Outlook & Guidance
Thank you for your question,2023 Q4,2,Customer & Cards
"So, the building blocks of the revenue growth remain the same",2023 Q4,0,Growth & Spending
"At a very high level, we expect billing and, therefore, discount revenue to grow at a pace similar to what weve seen in the recent quarters",2023 Q4,0,Growth & Spending
"We expect card fees -- so Q4 is at 17, full year at 20",2023 Q4,0,Growth & Spending
We expect card fees to be a key contributor to growth going forward -- to remain a key contributor to growth going forward and actually to exit Q4 at a higher level than where we are right now,2023 Q4,0,Growth & Spending
"And I gave you the context in my remarks, very much supported by the constant strength in premium acquisition through product refresh and renewals that we are committed to execute on and very strong retention rates, which we have experienced for many years now",2023 Q4,0,Growth & Spending
"And when it comes to the last, you know, component of our revenue pool, net interest income, you should expect that growth rate to moderate, very much driven by the fact that -- and youve seen the trend, Im sure, Ryan, their, you know, asset growth and their lending growth rate have been moderating over the past quarters",2023 Q4,0,Growth & Spending
And we expect that moderation to continue,2023 Q4,-1,General
The very strong growth was a function of tenured cardmembers rebuilding balances post-COVID,2023 Q4,-1,General
"And, you know, at some stage, were going to reach their -- a more normal rate there, and that will naturally drive NII, you know, to a more moderate level of growth",2023 Q4,-1,General
"You know, Im going to also mention that we believe that the interest rate dynamic and what the Fed will decide doesnt play a big role here in terms of whats going to happen to NII",2023 Q4,0,Growth & Spending
"And when you put all of this together and you can -- you know, we run multiple scenarios, what if billing is a bit stronger, what if, you know, NII is a bit weaker, and we land in the same range of 9 to 11",2023 Q4,-1,General
"So, thats very much how we think about the revenue guidance",2023 Q4,-1,General
Operator Thank you,2023 Q4,2,Customer & Cards
The next question is coming from Mark DeVries of Deutsche Bank,2023 Q4,1,Executive & Financial
Please go ahead,2023 Q4,2,Customer & Cards
"Mark DeVries -- Deutsche Bank -- Analyst Yeah, thanks",2023 Q4,1,Executive & Financial
"I was hoping you could dig a little further into kind of where the loan growth is coming from, how much of it is from new customers or relatively recently added customers versus older and gaining share there, and, also, whether youre seeing any kind of difference in credit performance on kind of balances from -- from newer customers versus older",2023 Q4,0,Growth & Spending
"Christophe Le Caillec -- Chief Financial Officer OK, on -- so let me take loan growth",2023 Q4,2,Customer & Cards
First,2023 Q4,2,Customer & Cards
The -- the dynamic on loan growth has now changed,2023 Q4,0,Growth & Spending
"And for several quarters now, its also our philosophy and how we run the company",2023 Q4,-1,General
About 70 of their loan growth comes from tenured members and what we call tenured cardmembers,2023 Q4,-1,General
Its cardmembers whove been with us more than 12 months,2023 Q4,0,Growth & Spending
And thats very much how we think about acquisition,2023 Q4,-1,General
"We acquire cardmembers, we develop relationships with them, then we offer them -- you know, we cross-sell products, we increase the lines, we nurture those relationships",2023 Q4,0,Growth & Spending
"And we do that because we understand them better, we understand their spend patterns, and they understand our products better as well",2023 Q4,-1,General
And thats the driver,2023 Q4,0,Growth & Spending
"Theyre -- you know, we dont do much balance transfers, if any at all",2023 Q4,-1,General
And we dont have promotional offers much promotional offers also,2023 Q4,0,Growth & Spending
"So, its very much growing with our tenured cardmembers",2023 Q4,-1,General
"And its part of our strategy to contain, if you want, the credit risk and to control it",2023 Q4,0,Growth & Spending
"And when it comes to the credit profile of the new cardmembers, we havent changed our credit underwriting models, right? We still -- and we havent changed as well our marketing channels and products well",2023 Q4,-1,General
We still skew toward positive selection in terms of credit profile,2023 Q4,0,Growth & Spending
That has not changed,2023 Q4,0,Growth & Spending
"And, you know, I need to say that the prospects that we bring in and become recent cardmembers have very good credit profile",2023 Q4,-1,General
Operator Thank you,2023 Q4,2,Customer & Cards
The next question is coming from Bill Carcache of Wolfe Research,2023 Q4,1,Executive & Financial
Please go ahead,2023 Q4,2,Customer & Cards
Bill Carcache -- Wolfe Research -- Analyst Thank you for taking my question,2023 Q4,1,Executive & Financial
Good morning,2023 Q4,3,Outlook & Guidance
I wanted to follow up on your comments about customer engagement spending outpacing revenue growth,2023 Q4,0,Growth & Spending
"Can you speak broadly to your ability to continue to drive customer engagement with elevated investment spending while, at the same time, offsetting that margin pressure with operating expense leverage and other parts of the business? And I guess, you know, do you anticipate positive operating leverage on an aggregate basis, you know, with revenue growth outpacing the some of that customer engagement and operating expense combined? Christophe Le Caillec -- Chief Financial Officer OK",2023 Q4,0,Growth & Spending
Theres a lot here,2023 Q4,-1,General
"So, let me first take you through customer engagement through the key thing for us, and you heard us say this for years, right? We built premium products and we priced for that value",2023 Q4,0,Growth & Spending
"You heard say as well that over the last years, we -- the mix of the portfolio shifted more toward premium products",2023 Q4,0,Growth & Spending
That premiumization of the portfolio is the key driver behind that ratio of variable customer engagement expenses to revenue,2023 Q4,0,Growth & Spending
"The more platinum cardmembers we bring, the more variable customer engagement expenses you should expect to see",2023 Q4,0,Growth & Spending
"But at the same time, we have a lot of initiatives to actually optimize this",2023 Q4,-1,General
We have a lot of innovation in that space,2023 Q4,0,Growth & Spending
Im going to share with you one that is driving a lot of efficiencies for us,2023 Q4,-1,General
"We recently introduced their pay-with-point option where you can actually go in the app or the website select one specific transaction, and pay with points",2023 Q4,-1,General
"So, we have that either constant innovation to try to delight the customers, make their life easier and, at the same time, create efficiencies in terms of the weighted average cost per point",2023 Q4,-1,General
"Specifically in Q4, one of the driver of that efficiency or that variable cardmember engagement expense was the fact that we saw less point redemption with airline tickets, which is one of the most expensive cost-per-point that we have",2023 Q4,0,Growth & Spending
That drove some efficiencies in that metric,2023 Q4,-1,General
"We also saw, as there was some softness in -- in some TE categories, less point accelerators earned",2023 Q4,-1,General
And that created as well some efficiencies there,2023 Q4,-1,General
"The reason why Im pointing that out is just to give you some example of some of their natural hedges that exist in our business model, where when you see a little bit of softness in the top line, that creates some some savings as well in some expense lines",2023 Q4,0,Growth & Spending
"So you know, we guided there, you know, toward a little bit of an increase in terms of the variable cardmember engagement expenses",2023 Q4,0,Growth & Spending
"And were going to keep monitoring that, but I feel good about that trend",2023 Q4,0,Growth & Spending
And I think that that margin is still very strong and able to generate very strong earnings,2023 Q4,-1,General
Weve committed to containing opex,2023 Q4,0,Growth & Spending
"And as I said, we expect 2024 operating expenses to be, you know, about flat to where we are ending 2023",2023 Q4,0,Growth & Spending
And marketing expenses will dial up or down based on opportunities that we see based on the efficiencies that we create as well,2023 Q4,0,Growth & Spending
"The model works really well as you can see, and Im comfortable that the model is strong",2023 Q4,0,Growth & Spending
"And we are stress testing that model running multiple scenarios, and it works well in terms of its ability to generate earnings over time",2023 Q4,0,Growth & Spending
"And I would say risk-adjusted earnings because that powerful model, what we pay on variable cardmember engagement expenses comes back with a multiple on the credit line",2023 Q4,-1,General
"We attract positive select, we generate positive select, we attract premium cardmembers who have a very strong credit profile",2023 Q4,-1,General
And I like paying for that as opposed to trying to control the credit risk down the road,2023 Q4,0,Growth & Spending
Operator Thank you,2023 Q4,2,Customer & Cards
The next question is coming from Jeff Adelson of Morgan Stanley,2023 Q4,1,Executive & Financial
Please go ahead,2023 Q4,2,Customer & Cards
Jeff Adelson -- Morgan Stanley -- Analyst Hi,2023 Q4,1,Executive & Financial
Good morning,2023 Q4,3,Outlook & Guidance
Thank you for taking my questions,2023 Q4,2,Customer & Cards
"Chris and Steve, just wanted to dig into the softer TE trend a little bit",2023 Q4,3,Outlook & Guidance
"You know, it looks like youre seeing some softness, particularly in airline spend",2023 Q4,0,Growth & Spending
Youre seeing some slower point redemptions for tickets there,2023 Q4,0,Growth & Spending
"Just maybe give us some insight into what youre hearing and seeing from your cardmembers on that front And then, just maybe in the forward look, can you help us understand what youre kind of embedding in your expectations for TE from here? I think in the past, youve talked about how the booking trends have been a pretty good indicator of whats to come",2023 Q4,0,Growth & Spending
Maybe any comment on what youre seeing there? Christophe Le Caillec -- Chief Financial Officer Yeah,2023 Q4,2,Customer & Cards
"So TE, sequentially, the growth rate came down",2023 Q4,0,Growth & Spending
"I need to point out, though, that its still up 9 year over year um",2023 Q4,0,Growth & Spending
"So, its a pretty strong growth rate",2023 Q4,0,Growth & Spending
"In terms of airline spend, and if you heard, Im sure, the various airlines, they all made comments about a bit of a softer demand",2023 Q4,0,Growth & Spending
"And since many of those customers are using an American Express card to pay for the airline ticket, we -- we saw a similar trend",2023 Q4,-1,General
"This being said, booking remains very strong on our, you know, TLS, segment",2023 Q4,0,Growth & Spending
"I dont have the numbers in front of me, but I know they were strong",2023 Q4,0,Growth & Spending
"So, I dont -- you know, well see whether its the beginning of a trend or whether its a data point",2023 Q4,0,Growth & Spending
"But we keep seeing, you know, a lot of strength and, you know, the partnership we have with Delta is working very, very well",2023 Q4,0,Growth & Spending
"Originations, you know, of new cards are very strong",2023 Q4,0,Growth & Spending
"And, you know, cardmembers decided to redeem a bit less in Q4 with airline tickets than they did in the past",2023 Q4,0,Growth & Spending
"And, you know, weve seen in, you know, that choppiness as well in the past, I dont worry, its one data point",2023 Q4,0,Growth & Spending
"And for 2024, we havent, you know, communicated on exactly what assumptions were making by category, but, you know, Im not too worried",2023 Q4,-1,General
"We have a cardmember base that loves traveling, and Im sure theyre going to keep traveling",2023 Q4,0,Growth & Spending
Operator Thank you,2023 Q4,2,Customer & Cards
The next question is coming from Rick Shane of JPMorgan,2023 Q4,1,Executive & Financial
Please go ahead,2023 Q4,2,Customer & Cards
Rick Shane -- JPMorgan Chase and Company -- Analyst Thanks for taking my questions this morning,2023 Q4,1,Executive & Financial
"Look, you guys had alluded to the fact that the reserve rate is going to go up or drift up in 2024",2023 Q4,0,Growth & Spending
Im curious if whats driving that,2023 Q4,0,Growth & Spending
"Presumably, its a mix shift between loans and cardmember receivables",2023 Q4,-1,General
But Im wondering if at any level youre also suggesting that the reserve rate on the loan portfolio is going to go up as a reflection of either of some sort of shift there,2023 Q4,0,Growth & Spending
Or is it just pure mix shift as the loan portfolio grows faster than the cardmember receivables? Christophe Le Caillec -- Chief Financial Officer Yes,2023 Q4,-1,General
"So, thank you, Rick, for your question",2023 Q4,1,Executive & Financial
"So, this is an important point",2023 Q4,0,Growth & Spending
"So, Im glad youre asking the question",2023 Q4,2,Customer & Cards
The first thing I want to say is that the absolute levels when you look at the delinquency rates or the write-off rates are very low in terms of our historical performance,2023 Q4,0,Growth & Spending
"And on the slide, I put as well the pre-pandemic levels",2023 Q4,0,Growth & Spending
The write-off rate is 2 in Q4,2023 Q4,-1,General
"It was 2.2 pre-pandemic, right? So, were still below where we were pre-pandemic",2023 Q4,0,Growth & Spending
"So, in absolute, theyre very low relative to our peers, which I know you know well",2023 Q4,0,Growth & Spending
"Theyre also very good, and Im sure you noted that every competitor or peer reported their numbers and experienced the same tick but at a higher magnitude",2023 Q4,0,Growth & Spending
"Our tick up of 20 -- or, you know, 0.2 -- or 20 basis point is one of the lowest in the industry",2023 Q4,-1,General
"So, I feel good about where we are, and I feel good about the trend",2023 Q4,-1,General
"When it comes to the dynamic in the portfolio, the key driver behind this is that theres still some normalization going on here",2023 Q4,-1,General
We are moving from sub 1 write-off rate during the pandemic,2023 Q4,0,Growth & Spending
"As you all know on this call, this was not a sustainable level, and these rates are normalizing",2023 Q4,-1,General
"And they are normalizing at a slow pace, and I like that",2023 Q4,0,Growth & Spending
"And the 2 is, again, a place where I feel comfortable from a credit standpoint there",2023 Q4,0,Growth & Spending
"The other thing to expand a little bit and take a step back in terms of, you know, what kind of loan growth we are seeing, the biggest contributors in terms of loan balances are the pay over time facility that we offer with our charged products and their co-brands cards",2023 Q4,0,Growth & Spending
"And so, both those portfolio have very strong credit profile and better credit profile than what we call internally proprietary lending, which includes Blue Cash Everyday, for instance",2023 Q4,0,Growth & Spending
"So, if anything, the profile of the portfolio and the mix of the portfolio is shifting and evolving more toward products that have a strong credit profile and, you know, high velocity",2023 Q4,0,Growth & Spending
"This being said, that normalization is happening and thats whats creating that that little tick up",2023 Q4,0,Growth & Spending
"And as I said in my comments, were not quite done with that normalization",2023 Q4,0,Growth & Spending
"There are still a bit more to come in our mind, but not a lot",2023 Q4,-1,General
Operator Thank you,2023 Q4,2,Customer & Cards
The next question is coming from Saul Martinez of HSBC,2023 Q4,1,Executive & Financial
Please go ahead,2023 Q4,2,Customer & Cards
"Saul Martinez -- HSBC -- Analyst Hey, good morning",2023 Q4,1,Executive & Financial
Thanks for taking my question,2023 Q4,2,Customer & Cards
May I just ask on capital,2023 Q4,-1,General
"Is there any updated thoughts on how youre thinking about Basel endgame? Obviously, you know, your preliminary expectations of the proposal at least are that it would, you know, take you down to, you know, closer to 7",2023 Q4,0,Growth & Spending
"But you know, there is a lot of talk about, you know, that being soft",2023 Q4,-1,General
"And just how are you thinking about, you know, capital management? You obviously increased your dividend",2023 Q4,0,Growth & Spending
"But how are you thinking about buybacks going forward in light of the uncertainty? Christophe Le Caillec -- Chief Financial Officer Yeah, so thank you for your question",2023 Q4,2,Customer & Cards
"So, not a lot has changed on that front outside of the fact that weve been meeting with regulators",2023 Q4,-1,General
"Steve met with regulators, I met with regulators as well",2023 Q4,-1,General
"And what I can tell you is that they are listening, theyre engaged, and I think they understand our comments",2023 Q4,-1,General
"The ball is back in their camp now, and theyre incorporating all the comments theyre received from the industry",2023 Q4,-1,General
And Im sure youve seen a lot of those comments as well,2023 Q4,0,Growth & Spending
"So, they have a lot of work to do",2023 Q4,-1,General
"Right now, we are in waiting mode",2023 Q4,-1,General
And I think were expecting the current estimate is we expecting there or at least their next version of the rules by the end of 2024,2023 Q4,-1,General
Well see,2023 Q4,-1,General
It took 10 years to get to their first draft,2023 Q4,-1,General
"So, you know well see when we get the next version",2023 Q4,-1,General
There -- Im not too concerned,2023 Q4,0,Growth & Spending
I feel good about our starting point and our capital position,2023 Q4,-1,General
"As you know, we generate about 30 return on equity, which means that we generate a ton of capital",2023 Q4,0,Growth & Spending
"And, you know, for now, were not going to change our capital policy",2023 Q4,0,Growth & Spending
The first thing we do is of course fund the balance sheet then we distribute dividends,2023 Q4,0,Growth & Spending
We feel very confident about the increase that we are planning to do this year,2023 Q4,-1,General
And the rest are going to go in share buyback so that we keep capital between 10 and 11 of our risk-weighted asset,2023 Q4,0,Growth & Spending
"And thats what weve done for years, thats what were going to keep doing",2023 Q4,0,Growth & Spending
And were going to adapt to the Basel rule,2023 Q4,0,Growth & Spending
"You know, were running the company conservatively as well with a big buffer over there, 7 rate that we have",2023 Q4,-1,General
"And so, nothing has changed much on that front, so more to come when we get the final rules",2023 Q4,-1,General
Operator Thank you,2023 Q4,2,Customer & Cards
The next question is coming from Moshe Orenbuch of TD Cowen,2023 Q4,-1,General
Please go ahead,2023 Q4,2,Customer & Cards
"Moshe Orenbuch -- TD Cowen -- Analyst Great, thanks",2023 Q4,-1,General
And many of my questions have been asked and answered,2023 Q4,2,Customer & Cards
But Im hoping to follow up on a comment that you had just made about the pay over time business,2023 Q4,-1,General
Could you talk a little bit more about the characteristics of that? You mentioned that,2023 Q4,-1,General
"Obviously, thats going to, you know, tenured charge card customers, so the quality is very strong",2023 Q4,0,Growth & Spending
Can you talk a little bit about the yield and how much youve seen in kind of growth from that product? Christophe Le Caillec -- Chief Financial Officer Yeah,2023 Q4,2,Customer & Cards
"So, your description is, correct, Moshe, there is a facility that we attach to our charge card products where they can decide if they want to revolve proportion of their bill",2023 Q4,0,Growth & Spending
This is the fastest growing category for us in terms of loan growth,2023 Q4,0,Growth & Spending
It was very well received,2023 Q4,2,Customer & Cards
It was very well received by the cardmembers,2023 Q4,0,Growth & Spending
And I dont know what else I can tell you,2023 Q4,0,Growth & Spending
"Remember that the charge card has a no-preset limit, which is an important feature here",2023 Q4,0,Growth & Spending
"So, its a way for us to give them as well -- and its a pay-in-full product",2023 Q4,-1,General
"So, its a way for us to give them a facility where they can, you know, revolve over a period of time",2023 Q4,-1,General
"And as I said, previously, their credit profile is very strong on this product, very much because it is attached to a very premium base, right, either premium gold cardmembers are using this facility and revolving from time to time",2023 Q4,-1,General
Operator Thank you,2023 Q4,2,Customer & Cards
The next question is coming from Sanjay Sakhrani of KBW,2023 Q4,1,Executive & Financial
Please go ahead,2023 Q4,2,Customer & Cards
"Sanjay Sakhrani -- Keefe, Bruyette and Woods -- Analyst Thank you",2023 Q4,1,Executive & Financial
Maybe I could ask the questions regarding whats embedded in the revenue growth expectations for 2024 differently,2023 Q4,0,Growth & Spending
"If we look at the fourth quarter exit run rate, would that sort of target us to the low end of the guidance range? And then, Christophe, you mentioned that lower rates shouldnt tell, but arent you guys liability-sensitive on the charge card portfolio? Thanks",2023 Q4,0,Growth & Spending
"Christophe Le Caillec -- Chief Financial Officer So, let me take there the second question first",2023 Q4,2,Customer & Cards
"We are slightly liability-sensitive, and the key assumption for us -- but the comment remains that, you know, in its totality, our total balance sheet and total funding stack level, the impact of rate costs is going to be very small to our NII",2023 Q4,-1,General
There -- the big unknown here is whats going to happen to the beta,2023 Q4,-1,General
"Weve been, as an industry trending, around 0.7 on the way up",2023 Q4,-1,General
"Were probably going to trend to 0.7 on the way down, but not immediately",2023 Q4,-1,General
And its hard to say exactly at this point in time where are we going to be when the Fed starts cutting rates,2023 Q4,0,Growth & Spending
"We are making assumptions that, we think, are conservative, but we dont know for sure and well see where we are",2023 Q4,-1,General
"So, there is a bit of uncertainty here",2023 Q4,0,Growth & Spending
But what is -- what you know for sure is that you should not expect a big impact to our NII depending on the rate curve,2023 Q4,-1,General
"Going back to your first question around revenue, you know, I just -- I dont have a lot to say on top of what I said earlier and what I said in my prepared remarks",2023 Q4,0,Growth & Spending
Im happy to be surprised on the upside if billed business is stronger,2023 Q4,-1,General
"Card fees, we have good visibility",2023 Q4,0,Growth & Spending
"NII, I think the trend is very established",2023 Q4,0,Growth & Spending
"And on billing, as I said, we are assuming at this point in time, something consistent with what weve seen in the previous quarters, and well see where we are at the end of the year",2023 Q4,-1,General
"But if the economy rebounds, if the growth is a bit stronger than what is expected by economists and our cardmembers, you know, are optimistic and keep spending",2023 Q4,0,Growth & Spending
"And, you know, Id be delighted to have a higher billed business to report",2023 Q4,-1,General
Operator Thank you,2023 Q4,2,Customer & Cards
The next question is coming from Dominick Gabriele of Oppenheimer and Co,2023 Q4,1,Executive & Financial
Please go ahead,2023 Q4,2,Customer & Cards
"Dominick Gabriele -- Oppenheimer and Company -- Analyst Hey, good morning, Steve and Christophe",2023 Q4,1,Executive & Financial
Thanks so much for taking my question,2023 Q4,2,Customer & Cards
I was just curious about the total card growth,2023 Q4,0,Growth & Spending
"I mean, we all know that youve seen some really excellent account acquisitions over the last number of years",2023 Q4,-1,General
"But I was just curious about total card growth versus proprietary cards-in-force growth, in particular this quarter? If theres any color you can provide on why that may diverge or what the strategy is between maybe having more proprietary cards as a percentage of total cards",2023 Q4,0,Growth & Spending
Anything on that would be excellent,2023 Q4,-1,General
Thanks so much,2023 Q4,2,Customer & Cards
Christophe Le Caillec -- Chief Financial Officer Yeah,2023 Q4,2,Customer & Cards
"So, we have about 140 million cards that got transact on our network",2023 Q4,0,Growth & Spending
"Out of the 140 million cards, about 80 are issued by American Express",2023 Q4,0,Growth & Spending
Thats what we call the proprietary cards,2023 Q4,0,Growth & Spending
"they represent the bulk of the spend, and they drive the very vast majority of our economics",2023 Q4,0,Growth & Spending
"From a growth rate standpoint, if you look at cards-in-force, and its -- you know, youll see that in the details of of our disclosures, their proprietary cards in force of 5 year over year and the total cards-in-force",2023 Q4,0,Growth & Spending
"So, including their cards issued by network partners is up 6",2023 Q4,0,Growth & Spending
Does that answer your question? Dominick Gabriele -- Oppenheimer and Company -- Analyst Very much,2023 Q4,1,Executive & Financial
I really appreciate that,2023 Q4,2,Customer & Cards
Have a good day,2023 Q4,3,Outlook & Guidance
Christophe Le Caillec -- Chief Financial Officer Thank you,2023 Q4,2,Customer & Cards
Operator Thank you,2023 Q4,2,Customer & Cards
The next question is coming from Arren Cyganovich of Citi,2023 Q4,-1,General
Please go ahead,2023 Q4,2,Customer & Cards
Arren Cyganovich -- Citi -- Analyst Thanks,2023 Q4,-1,General
"Maybe you could -- I was wondering if you could talk about the plans for the next platinum refresh in the U.S., I think the last one was done in 2021, and whether or not you have any plans to do that this year and if thats in your guidance for the year as well",2023 Q4,0,Growth & Spending
"Steve Squeri -- Chairman and Chief Executive Officer Yeah, so as you know, we have committed to refreshing 40 products this year, as Christophe had said, and strategically, we look at refreshing all of our products on a sort of three- to four-year basis",2023 Q4,1,Executive & Financial
And its important because its really important to make sure that we keep our products fresh,2023 Q4,0,Growth & Spending
Were listening to our customers and putting in those enhancements and the extra value that they want,2023 Q4,0,Growth & Spending
"And it enables us to make sure, from a generational perspective, we are modifying those products as trends change and as our customer needs change",2023 Q4,0,Growth & Spending
"As far as, specifically, for the platinum card, we dont really pre-announce that, and so I think you just have to wait and see",2023 Q4,0,Growth & Spending
Operator Thank you,2023 Q4,2,Customer & Cards
The next question is coming from Craig Maurer of FT Partners,2023 Q4,-1,General
Please go ahead,2023 Q4,2,Customer & Cards
"Craig Maurer -- Financial Technology Partners -- Analyst Yeah, good morning",2023 Q4,-1,General
"Thanks, two quick questions",2023 Q4,2,Customer & Cards
"You know, youve -- considering the strength of Delta Airlines over the last number of years, you know, as consistently the top airline, you know, youve clearly benefited a lot from that in terms of new card issuance and likely and spend as theyve been able to hold fares better? You know, as we see airlines spend slow, does that benefit diminish? And is it something you have to think about? And second, you know, in terms of small business, you know, weve been pretty flat now for a couple quarters",2023 Q4,0,Growth & Spending
Curious what youre seeing under the covers there,2023 Q4,-1,General
"Is this -- you know, are you still able to issue new cards? Or -- and, you know, are you seeing any reluctance, you know, from small business to take, you know, additional products that might increase their costs beyond the baseline? Im just trying to understand the mood better of small business owners",2023 Q4,0,Growth & Spending
Thanks,2023 Q4,2,Customer & Cards
Steve Squeri -- Chairman and Chief Executive Officer Yeah,2023 Q4,1,Executive & Financial
"So, from a small business perspective, the drive is really organic spend",2023 Q4,0,Growth & Spending
Were not seeing existing small businesses spend more than they spent the year before,2023 Q4,0,Growth & Spending
"And thats not an American Express phenomenon, that is an industry phenomenon",2023 Q4,-1,General
"As far as card acquisition within small businesses, that still remains strong",2023 Q4,0,Growth & Spending
"As far as small businesses, looking at our platform, and looking at our loans, and so forth, that remains strong",2023 Q4,-1,General
And the credit quality remains strong,2023 Q4,0,Growth & Spending
"I think as Christophe said in his remarks, there is this phenomenon of inventory buildup",2023 Q4,-1,General
Theres some interest rate shock and so forth,2023 Q4,0,Growth & Spending
"And so, small businesses tend to be very, very secular",2023 Q4,0,Growth & Spending
"I would be much more concerned if we werent acquiring cards, if we werent engaging in new small businesses, or if write-offs and delinquencies were higher",2023 Q4,0,Growth & Spending
"So, at the moment, as we look at this, we truly believe this is an organic spending issue",2023 Q4,0,Growth & Spending
And its not American Express-specific,2023 Q4,-1,General
Ill let Christophe talk a little bit about Delta,2023 Q4,0,Growth & Spending
Christophe Le Caillec -- Chief Financial Officer Yeah,2023 Q4,2,Customer & Cards
"So, the Delta product is still going very, very strong",2023 Q4,0,Growth & Spending
"The total billing growth on the Delta product for the full year was up 15, and we originating a lot of new cards as well",2023 Q4,0,Growth & Spending
"My comment about their, you know, softness in terms of Q4, hard to say whether its the beginning of a trend or whether its just a blip",2023 Q4,0,Growth & Spending
Time will tell,2023 Q4,0,Growth & Spending
"But its still going very, very strong",2023 Q4,-1,General
"And the engagement with the partner -- you know, with the partner is very strong",2023 Q4,0,Growth & Spending
The partnership is going strong,2023 Q4,0,Growth & Spending
"So, I dont see any softness there at all",2023 Q4,0,Growth & Spending
"And, you know, I will say as well that their credit quality of those new cardmembers remain very strong",2023 Q4,-1,General
I made comments about its one of the fastest-growing segment on the loan side,2023 Q4,0,Growth & Spending
and it comes with very strong performance,2023 Q4,-1,General
"People who travel a lot and who fly a lot tend to have strong credit quality, and we see that on the loan side, on the spend side, on the origination side",2023 Q4,-1,General
"So, you know, Im not worried about that at this stage",2023 Q4,-1,General
Operator Thank you,2023 Q4,2,Customer & Cards
Our final question will come from Mihir Bhatia of Bank of America,2023 Q4,1,Executive & Financial
Please go ahead,2023 Q4,2,Customer & Cards
Mihir Bhatia -- Bank of America Merrill Lynch -- Analyst Hi,2023 Q4,1,Executive & Financial
Thank you for squeezing me in here,2023 Q4,2,Customer & Cards
I just wanted to go back a little bit and maybe just unpack the billings growth a little bit,2023 Q4,0,Growth & Spending
"Maybe can you just talk about how much of that is being driven by adding new cardmembers versus winning wallet share? And then, just related to that same topic is just how are you thinking about the environment for new card acquisitions? Is this 3 million level that you have been at for the last couple of quarters the right level to think about for the next year? I understand that its dynamic and youll change, but what have you assumed in your planning? Steve Squeri -- Chairman and Chief Executive Officer Let me talk about sort of card acquisition numbers",2023 Q4,0,Growth & Spending
"You know, when we go out and we look at acquiring cardmembers, we really focus on acquiring build business, and we acquire we acquire revenue",2023 Q4,0,Growth & Spending
"And, you know, consistently now, if you take the first quarter out of last year, where it was a little bit more of an anomaly of 3.4 million cards, weve been around that 3 to 2.9",2023 Q4,-1,General
"And we will -- as long as we have a line of sight into high credit quality premium cardmembers, we will continue to be out there aggressively acquiring cardmembers",2023 Q4,0,Growth & Spending
"And, you know, that range will be where we see that range today, between 2.9, 3.1",2023 Q4,-1,General
"We dont really provide any guidance on that, but with the amount of money were planning on spending, I think thats a -- its a pretty fair assumption",2023 Q4,-1,General
And we report that,2023 Q4,0,Growth & Spending
"But what we really focus on is making sure that were getting, you know, build business acquired",2023 Q4,-1,General
"when you look at the composition, obviously, in a stronger and stronger environment, you really looking for more organic growth from your existing cardholders",2023 Q4,0,Growth & Spending
"And I just made the comment before, were small businesses, thats not what were seeing",2023 Q4,0,Growth & Spending
"And so, when you look at any growth that youre seeing from a small business perspective, that is truly from new cardholders acquired",2023 Q4,0,Growth & Spending
"And a lot of the growth from a consumer perspective right now is new cardholders acquired, which actually, as we think about engaging with our cardholders, gives me a lot of confidence going forward because as we continue to engage and not only get more wallet share, but as our cardmembers get back to where they were probably before the third and fourth quarter, we believe there is upside there from a billings perspective",2023 Q4,0,Growth & Spending
"And, you know, weve talked a lot about millennials over time",2023 Q4,0,Growth & Spending
"And you know, we get on this growth trend, we get on this trajectory with these millennials and Gen Zers, where we start with a higher share of wallet and we start with that higher share of wallet because theyre used to using their American Express card everywhere",2023 Q4,0,Growth & Spending
"And as they move through their life cycles, their wallets increase",2023 Q4,-1,General
"And so, we have a lot of confidence in the long term lifetime value of the millennial base and of Gen Z base that were now acquiring",2023 Q4,0,Growth & Spending
"And you see, even in this fourth quarter that is 32 now of our total spending",2023 Q4,-1,General
"So, you know, a way to think about this right now is a lot of the growth is coming that youre seeing is coming from new card acquisition, but there will be an organic step-up as the economy gets better",2023 Q4,0,Growth & Spending
"So -- and that that gives us a lot of confidence of how were positioned for future growth over the long term, which gives us confidence to say, aspirationally, we should be a 10-plus revenue company",2023 Q4,0,Growth & Spending
And thats why you see the guidance that weve given this year and both from a revenue perspective and EPS perspective,2023 Q4,0,Growth & Spending
"Kartik Ramachandran -- Head of Investor Relations With that, we will bring the call to an end",2023 Q4,1,Executive & Financial
Thank you for joining todays call and for your continued interest in American Express,2023 Q4,2,Customer & Cards
The IR team will be available for any follow-up questions,2023 Q4,-1,General
"Operator, back to you",2023 Q4,-1,General
"Operator Ladies and gentlemen, the webcast replay will be available on our investor relations website at ir.americanexpress.com shortly after the call",2023 Q4,-1,General
"You can also access a digital replay of the call at 877 660-6853 or 201 612-7415, access code 13743240 after 1 p.m",2023 Q4,-1,General
Eastern Time on January 26th through February 2nd,2023 Q4,-1,General
That will conclude our conference call for today,2023 Q4,0,Growth & Spending
Thank you for your participation,2023 Q4,2,Customer & Cards
"Operator signoff Duration 0 minutes Kartik Ramachandran -- Head of Investor Relations Steve Squeri -- Chairman and Chief Executive Officer Christophe Le Caillec -- Chief Financial Officer Don Fandetti -- Wells Fargo Securities -- Analyst Ryan Nash -- Goldman Sachs -- Analyst Mark DeVries -- Deutsche Bank -- Analyst Bill Carcache -- Wolfe Research -- Analyst Jeff Adelson -- Morgan Stanley -- Analyst Rick Shane -- JPMorgan Chase and Company -- Analyst Saul Martinez -- HSBC -- Analyst Moshe Orenbuch -- TD Cowen -- Analyst Sanjay Sakhrani -- Keefe, Bruyette and Woods -- Analyst Dominick Gabriele -- Oppenheimer and Company -- Analyst Arren Cyganovich -- Citi -- Analyst Craig Maurer -- Financial Technology Partners -- Analyst Mihir Bhatia -- Bank of America Merrill Lynch -- Analyst More AXP analysis All earnings call transcripts This article is a transcript of this conference call produced for The Motley Fool",2023 Q4,1,Executive & Financial
"While we strive for our Foolish Best, there may be errors, omissions, or inaccuracies in this transcript",2023 Q4,4,Other
"As with all our articles, The Motley Fool does not assume any responsibility for your use of this content, and we strongly encourage you to do your own research, including listening to the call yourself and reading the companys SEC filings",2023 Q4,1,Executive & Financial
"Please see our Terms and Conditions for additional details, including our Obligatory Capitalized Disclaimers of Liability",2023 Q4,-1,General
"American Express is an advertising partner of The Ascent, a Motley Fool company",2023 Q4,-1,General
The Motley Fool has no position in any of the stocks mentioned,2023 Q4,1,Executive & Financial
The Motley Fool has a disclosure policy,2023 Q4,1,Executive & Financial
Average returns of all recommendations since inception,2023 Q4,-1,General
Cost basis and return based on previous market day close,2023 Q4,-1,General
Invest better with The Motley Fool,2023 Q4,1,Executive & Financial
"Get stock recommendations, portfolio guidance, and more from The Motley Fools premium services",2023 Q4,1,Executive & Financial
"Making the world smarter, happier, and richer",2023 Q4,-1,General
 1995 - 2026 The Motley Fool,2023 Q4,1,Executive & Financial
All rights reserved,2023 Q4,0,Growth & Spending
Market data powered by Xignite and Polygon.io,2023 Q4,2,Customer & Cards
"About The Motley Fool Our Services Around the Globe Free Tools Affiliates  Friends AXP earnings call for the period ending December 31, 2023.",2023 Q4,2,Customer & Cards
